mol_id,PKI,0,1,2,3,5,8,9,10,20,21,31,32,75,76,100,101
1,5.823908740944319,214.096,3.914,1.627,0.975,0.148,0.751,0.447,0.454,0.711,0.202,0.419,0.272,0.926,0.328,0.55,0.519
2,6.045757490560675,126.836,20.536,4.494,0.835,0.149,0.181,0.43,0.401,0.745,0.121,0.45,0.215,1.046,0.179,0.337,0.324
3,6.1938200260161125,246.733,8.215,3.277,0.955,0.149,0.574,0.521,0.344,0.341,0.203,0.4,0.23,0.328,0.278,0.479,0.294
4,5.522878745280337,266.232,23.421,1.648,0.914,0.149,0.428,0.495,0.431,0.489,0.19,0.443,0.257,0.613,0.253,0.451,0.317
5,5.522878745280337,26.07,2.423,1.555,0.868,0.149,0.511,0.329,0.422,0.176,0.239,0.208,0.267,0.222,0.332,0.421,0.329
6,5.522878745280337,205.004,134.88,2.441,0.599,0.145,0.878,0.125,0.38,0.066,0.235,0.094,0.278,0.064,0.307,0.461,0.401
7,5.552841968657781,19.704,2.98,1.956,0.8,0.152,0.556,0.373,0.341,0.34,0.129,0.199,0.265,0.352,0.292,0.423,0.388
9,5.619788758288394,401.807,202.712,6.431,0.658,0.148,0.572,0.572,0.418,0.654,0.209,0.563,0.227,0.706,0.322,0.521,0.491
10,5.180456064458132,70.046,8.196,1.878,0.874,0.15,0.137,0.547,0.372,0.208,0.267,0.349,0.241,0.381,0.351,0.352,0.182
11,6.3979400086720375,17.562,3.775,1.646,0.764,0.151,0.554,0.396,0.362,0.291,0.226,0.261,0.272,0.304,0.273,0.438,0.401
12,5.6020599913279625,13.931,6.89,1.417,0.626,0.147,0.541,0.571,0.44,0.357,0.286,0.439,0.27,0.378,0.532,0.517,0.388
13,5.0,30.402,2.498,1.371,0.887,0.151,0.561,0.503,0.378,0.244,0.145,0.296,0.203,0.351,0.198,0.481,0.282
14,5.102372908709558,49.854,11.125,1.335,0.8,0.149,0.135,0.269,0.33,0.205,0.139,0.124,0.181,0.615,0.182,0.245,0.171
15,5.795880017344075,29.907,2.605,1.838,0.871,0.149,0.58,0.453,0.467,0.204,0.209,0.265,0.291,0.312,0.325,0.5,0.291
16,5.102372908709558,24.736,12.999,2.469,0.615,0.151,0.053,0.352,0.495,0.005,0.028,0.019,0.294,0.019,0.385,0.3,0.153
17,6.795880017344075,32.045,2.099,1.578,0.897,0.151,0.551,0.345,0.447,0.265,0.175,0.212,0.254,0.459,0.24,0.448,0.35
18,7.0,37.76,4.173,2.166,0.856,0.149,0.186,0.241,0.398,0.269,0.253,0.286,0.283,0.383,0.237,0.275,0.39
19,5.6020599913279625,20.666,5.155,1.37,0.76,0.149,0.577,0.438,0.347,0.32,0.114,0.355,0.169,0.406,0.252,0.454,0.303
20,6.301029995663981,26.448,2.676,1.79,0.856,0.151,0.554,0.427,0.455,0.365,0.227,0.308,0.29,0.295,0.413,0.479,0.438
21,6.301029995663981,289.845,26.681,8.878,0.891,0.149,0.249,0.06,0.156,0.09,0.35,0.054,0.223,0.047,0.013,0.155,0.243
22,5.102372908709558,240.268,111.01,2.827,0.679,0.145,0.782,0.52,0.334,0.451,0.157,0.54,0.214,0.48,0.28,0.546,0.446
24,5.795880017344075,152.475,7.092,1.532,0.946,0.149,0.449,0.347,0.496,0.292,0.238,0.28,0.298,0.441,0.374,0.43,0.314
25,6.301029995663981,180.298,65.385,3.607,0.723,0.147,0.418,0.049,0.469,0.389,0.333,0.05,0.387,0.275,0.416,0.312,0.399
26,5.3979400086720375,26.858,4.456,1.398,0.821,0.149,0.571,0.571,0.356,0.475,0.093,0.46,0.164,0.588,0.191,0.499,0.396
27,6.102372908709558,154.214,28.619,11.995,0.792,0.151,0.332,0.025,0.4,0.683,0.001,0.014,0.03,0.008,0.329,0.252,0.284
28,5.301029995663981,119.836,12.706,2.581,0.887,0.144,0.242,0.536,0.446,0.373,0.26,0.446,0.287,0.424,0.413,0.408,0.279
29,5.520856752021387,8.139,6.098,3.368,0.462,0.144,0.487,0.395,0.389,0.306,0.226,0.352,0.264,0.376,0.341,0.424,0.288
30,7.031517051446065,120.805,26.171,3.858,0.801,0.14,0.144,0.033,0.38,0.014,0.008,0.015,0.067,0.013,0.168,0.186,0.084
31,6.366531544420414,9.945,8.191,2.41,0.484,0.138,0.456,0.482,0.447,0.386,0.239,0.391,0.318,0.348,0.248,0.462,0.423
32,6.0,158.114,11.017,2.642,0.92,0.139,0.361,0.328,0.35,0.582,0.151,0.405,0.244,0.439,0.294,0.346,0.345
33,6.0,389.025,11.896,2.527,0.964,0.138,0.951,0.327,0.325,0.212,0.268,0.25,0.267,0.167,0.346,0.534,0.474
34,7.721246399047171,208.222,13.032,3.306,0.927,0.139,0.718,0.616,0.401,0.717,0.434,0.589,0.322,0.798,0.638,0.578,0.6
35,6.795880017344075,17.007,8.98,3.035,0.586,0.138,0.493,0.294,0.344,0.314,0.537,0.331,0.319,0.226,0.74,0.377,0.528
36,6.0,458.684,154.295,1.273,0.747,0.141,0.644,0.251,0.465,0.238,0.208,0.262,0.265,0.284,0.393,0.453,0.382
38,5.2441251443275085,354.169,4.284,1.904,0.983,0.147,0.767,0.401,0.444,0.242,0.119,0.302,0.215,0.369,0.222,0.538,0.388
39,6.3979400086720375,155.014,72.906,8.506,0.656,0.147,0.138,0.103,0.391,0.035,0.168,0.056,0.418,0.046,0.429,0.211,0.169
40,5.698970004336019,27.79,6.114,1.892,0.776,0.144,0.597,0.312,0.314,0.153,0.103,0.215,0.158,0.221,0.193,0.407,0.268
41,6.154901959985743,23.442,5.601,1.886,0.758,0.143,0.491,0.33,0.45,0.202,0.13,0.237,0.222,0.262,0.262,0.424,0.273
42,5.508638306165727,17.01,4.797,2.196,0.709,0.142,0.408,0.514,0.373,0.297,0.231,0.394,0.244,0.404,0.299,0.432,0.357
43,5.522878745280337,30.273,5.4,2.756,0.788,0.141,0.583,0.416,0.423,0.255,0.2,0.307,0.279,0.293,0.257,0.474,0.397
44,6.102372908709558,17.858,5.778,1.747,0.704,0.142,0.51,0.263,0.436,0.43,0.142,0.298,0.229,0.689,0.232,0.403,0.307
45,6.721246399047171,199.34,11.149,1.365,0.941,0.142,0.575,0.541,0.376,0.386,0.191,0.453,0.213,0.396,0.328,0.497,0.46
46,8.102372908709558,294.694,8.175,3.037,0.963,0.144,0.784,0.522,0.461,0.39,0.307,0.413,0.378,0.482,0.418,0.589,0.506
47,5.040958607678906,22.602,2.941,1.47,0.837,0.153,0.528,0.361,0.406,0.22,0.257,0.241,0.256,0.206,0.263,0.431,0.43
48,5.42021640338319,223.282,21.372,1.672,0.906,0.147,0.595,0.299,0.393,0.204,0.157,0.258,0.202,0.284,0.295,0.429,0.327
49,5.580044251510242,226.074,10.375,1.404,0.95,0.151,0.901,0.366,0.417,0.227,0.131,0.278,0.181,0.307,0.32,0.561,0.423
50,8.522878745280337,213.71,55.423,37.941,0.696,0.145,0.382,0.059,0.078,0.056,0.016,0.029,0.032,0.271,0.042,0.173,0.186
51,5.329754146925876,190.176,32.027,1.175,0.851,0.149,0.382,0.597,0.42,0.509,0.226,0.532,0.271,0.523,0.352,0.466,0.31
52,6.8297382846050425,241.899,143.154,3.89,0.622,0.144,0.24,0.652,0.412,0.101,0.167,0.226,0.247,0.094,0.266,0.434,0.236
53,6.1938200260161125,28.706,4.2,3.061,0.798,0.143,0.437,0.442,0.343,0.24,0.128,0.276,0.19,0.325,0.176,0.407,0.296
55,5.978810700930062,90.374,5.135,2.256,0.924,0.15,0.164,0.459,0.358,0.275,0.19,0.331,0.21,0.353,0.225,0.327,0.227
56,5.510041520575165,37.605,3.235,0.813,0.903,0.149,0.638,0.407,0.45,0.147,0.218,0.22,0.255,0.257,0.327,0.498,0.316
57,7.886056647693163,251.532,135.191,5.967,0.641,0.143,0.805,0.206,0.461,0.24,0.211,0.144,0.3,0.282,0.295,0.491,0.424
58,6.764471553092451,37.835,5.364,1.525,0.846,0.14,0.555,0.45,0.451,0.261,0.162,0.309,0.235,0.337,0.293,0.485,0.329
59,5.441291429466834,35.455,2.157,1.049,0.917,0.149,0.628,0.494,0.452,0.238,0.189,0.295,0.245,0.352,0.31,0.525,0.33
60,5.429457060118103,369.815,147.045,7.078,0.706,0.151,0.311,0.336,0.443,0.152,0.461,0.298,0.428,0.282,0.533,0.364,0.276
61,6.3979400086720375,281.539,17.903,1.63,0.935,0.141,0.783,0.395,0.339,0.192,0.173,0.252,0.199,0.269,0.288,0.505,0.375
62,5.5003129173815966,139.448,7.044,1.246,0.944,0.146,0.254,0.432,0.346,0.278,0.131,0.347,0.181,0.348,0.228,0.344,0.201
63,6.0655015487564325,199.291,6.7,2.421,0.956,0.14,0.867,0.337,0.393,0.219,0.152,0.27,0.227,0.298,0.23,0.533,0.408
64,7.795880017344075,31.979,4.528,1.521,0.841,0.144,0.503,0.509,0.328,0.291,0.098,0.319,0.167,0.419,0.152,0.446,0.312
65,5.480172006224281,297.113,21.791,2.328,0.925,0.146,0.286,0.405,0.363,0.371,0.203,0.386,0.242,0.383,0.286,0.351,0.25
66,7.698970004336019,190.718,3.543,1.015,0.977,0.144,0.758,0.458,0.331,0.183,0.096,0.254,0.16,0.269,0.229,0.516,0.316
67,5.896196279044043,38.63,1.777,1.572,0.92,0.148,0.58,0.398,0.3,0.184,0.095,0.234,0.145,0.238,0.175,0.426,0.265
68,6.832682665251824,204.807,4.73,1.339,0.971,0.145,0.536,0.435,0.344,0.263,0.197,0.292,0.21,0.321,0.326,0.438,0.357
69,5.610833915635467,350.329,124.989,3.918,0.731,0.147,0.318,0.478,0.447,0.352,0.275,0.454,0.352,0.37,0.367,0.414,0.273
70,5.207608310501746,138.097,19.217,6.931,0.841,0.136,0.195,0.049,0.412,0.026,0.115,0.031,0.26,0.041,0.35,0.219,0.094
71,5.3979400086720375,125.303,38.555,3.726,0.748,0.136,0.087,0.1,0.48,0.06,0.495,0.082,0.457,0.103,0.448,0.222,0.209
73,5.301029995663981,113.564,13.347,5.056,0.861,0.137,0.081,0.37,0.402,0.327,0.171,0.365,0.261,0.425,0.236,0.284,0.216
74,5.958607314841775,349.377,224.631,3.438,0.605,0.137,0.694,0.58,0.416,0.926,0.188,0.846,0.252,0.536,0.347,0.563,0.648
75,5.522878745280337,11.085,5.585,3.221,0.557,0.142,0.576,0.5,0.434,0.426,0.186,0.487,0.262,0.509,0.278,0.503,0.327
76,5.537602002101044,33.257,3.258,1.533,0.874,0.143,0.565,0.474,0.423,0.209,0.163,0.298,0.227,0.333,0.331,0.487,0.283
77,5.522878745280337,14.902,11.84,1.737,0.523,0.141,0.523,0.497,0.405,0.27,0.217,0.368,0.249,0.343,0.289,0.475,0.327
78,5.522878745280337,189.417,8.576,1.778,0.948,0.141,0.891,0.395,0.306,0.171,0.064,0.26,0.124,0.244,0.192,0.53,0.372
80,8.045757490560675,12.915,5.477,2.862,0.608,0.146,0.456,0.399,0.364,0.328,0.136,0.313,0.214,0.341,0.214,0.406,0.329
81,8.190440285364732,22.679,4.558,1.518,0.789,0.149,0.491,0.35,0.352,0.214,0.265,0.223,0.257,0.324,0.287,0.397,0.364
82,7.920818753952375,22.085,6.987,3.388,0.68,0.147,0.032,0.524,0.419,0.26,0.323,0.335,0.314,0.396,0.3,0.325,0.226
83,7.939302159646388,235.223,114.894,2.76,0.667,0.148,0.904,0.186,0.373,0.204,0.144,0.176,0.22,0.163,0.214,0.488,0.413
86,7.698970004336019,25.554,4.657,1.274,0.812,0.152,0.559,0.445,0.413,0.317,0.136,0.312,0.195,0.32,0.223,0.473,0.38
88,6.376750709602099,124.689,7.305,1.863,0.932,0.154,0.227,0.503,0.515,0.727,0.147,0.491,0.231,0.838,0.283,0.415,0.358
89,7.522878745280337,460.457,7.525,1.948,0.98,0.151,0.949,0.391,0.461,0.222,0.216,0.23,0.306,0.233,0.286,0.601,0.477
90,8.0,195.038,6.965,2.005,0.956,0.152,0.389,0.489,0.427,0.466,0.163,0.418,0.225,0.441,0.321,0.435,0.361
91,7.045757490560675,337.547,6.319,1.174,0.978,0.153,0.669,0.329,0.436,0.251,0.105,0.245,0.186,0.289,0.234,0.478,0.415
92,7.221848749616356,115.523,6.239,1.26,0.939,0.153,0.253,0.447,0.396,0.459,0.13,0.373,0.198,0.691,0.202,0.365,0.273
93,5.229147988357856,55.906,17.182,1.83,0.746,0.159,0.068,0.495,0.327,0.002,0.114,0.049,0.159,0.031,0.201,0.297,0.108
94,7.522878745280337,23.452,3.22,2.305,0.809,0.152,0.558,0.466,0.398,0.306,0.14,0.318,0.21,0.359,0.218,0.474,0.401
95,5.721246399047171,397.157,4.126,1.498,0.986,0.155,0.8,0.408,0.291,0.262,0.171,0.264,0.192,0.476,0.276,0.5,0.369
100,4.721246399047171,19.378,5.262,1.317,0.747,0.151,0.643,0.53,0.454,0.282,0.129,0.37,0.217,0.378,0.27,0.542,0.369
101,5.721246399047171,30.013,2.804,1.321,0.879,0.144,0.551,0.497,0.435,0.316,0.206,0.378,0.267,0.443,0.363,0.495,0.364
103,6.214670164989233,17.711,5.77,2.5,0.682,0.146,0.584,0.517,0.423,0.341,0.159,0.367,0.236,0.37,0.225,0.508,0.45
104,8.0,497.235,140.157,55.456,0.718,0.146,0.738,0.428,0.124,0.553,0.74,0.401,0.17,0.934,0.52,0.43,0.695
105,7.096910013008056,236.351,8.495,4.437,0.948,0.146,0.258,0.455,0.425,0.849,0.326,0.604,0.335,1.069,0.314,0.38,0.426
106,6.614393726401688,136.169,9.188,1.288,0.929,0.145,0.237,0.46,0.354,0.376,0.201,0.363,0.211,0.355,0.303,0.35,0.24
107,6.431798275933005,359.753,7.457,3.501,0.97,0.145,0.668,0.336,0.492,0.452,0.181,0.302,0.297,0.658,0.248,0.499,0.452
108,6.494850021680094,31.2,19.031,3.571,0.58,0.143,0.093,0.085,0.404,0.002,0.163,0.007,0.242,0.011,0.262,0.194,0.219
109,7.096910013008056,25.358,4.044,2.444,0.796,0.143,0.468,0.429,0.459,0.271,0.202,0.309,0.277,0.335,0.303,0.452,0.324
110,6.376750709602099,389.421,22.886,3.25,0.937,0.147,0.778,0.028,0.443,0.004,0.016,0.008,0.229,0.012,0.376,0.416,0.32
112,5.037630664329979,9.339,7.358,3.251,0.468,0.144,0.419,0.47,0.296,0.303,0.157,0.338,0.194,0.346,0.214,0.395,0.369
113,5.476253533188435,12.52,7.574,3.536,0.53,0.142,0.448,0.404,0.42,0.405,0.155,0.353,0.244,0.453,0.268,0.424,0.369
114,5.671620396561262,195.576,97.401,49.055,0.572,0.142,0.782,0.059,0.06,0.003,0.003,0.012,0.013,0.019,0.022,0.3,0.263
115,5.111259039317107,259.691,10.836,3.612,0.947,0.142,0.941,0.377,0.38,0.398,0.21,0.304,0.28,0.406,0.335,0.566,0.513
116,7.501689446210399,210.595,10.756,3.717,0.936,0.15,0.606,0.524,0.474,0.619,0.262,0.447,0.388,0.635,0.31,0.535,0.478
117,5.698970004336019,269.4,16.027,1.766,0.938,0.15,0.398,0.452,0.472,0.847,0.23,0.485,0.28,1.224,0.257,0.441,0.484
118,6.301029995663981,295.575,4.16,1.602,0.981,0.15,0.662,0.46,0.36,0.241,0.295,0.292,0.261,0.283,0.39,0.494,0.459
119,6.0,20.444,3.343,1.959,0.794,0.15,0.549,0.405,0.447,0.357,0.281,0.296,0.344,0.302,0.436,0.467,0.41
120,5.361510743045363,255.586,27.747,1.116,0.899,0.147,0.967,0.556,0.238,0.583,0.193,0.57,0.15,0.698,0.225,0.587,0.583
121,5.3979400086720375,158.419,4.639,2.597,0.956,0.143,0.446,0.438,0.392,0.348,0.163,0.321,0.241,0.595,0.219,0.426,0.334
122,6.214670164989233,459.892,9.782,2.544,0.974,0.143,0.855,0.455,0.311,0.362,0.102,0.362,0.17,0.487,0.157,0.54,0.443
123,5.276544327964814,42.903,21.015,4.817,0.624,0.143,0.087,0.059,0.499,0.003,0.002,0.005,0.2,0.008,0.304,0.215,0.144
124,5.251811972993799,101.449,26.894,1.508,0.781,0.144,0.073,0.518,0.296,0.49,0.112,0.494,0.166,0.42,0.218,0.296,0.234
125,6.301029995663981,38.407,7.058,1.392,0.82,0.141,0.544,0.373,0.342,0.2,0.118,0.248,0.182,0.294,0.234,0.42,0.312
126,5.309803919971486,410.786,223.172,11.248,0.637,0.14,0.385,0.595,0.508,0.888,0.402,0.521,0.477,0.849,0.49,0.496,0.556
127,5.651695136951839,187.813,7.047,2.356,0.952,0.146,0.786,0.355,0.327,0.14,0.345,0.213,0.289,0.164,0.313,0.489,0.474
128,6.013228265733755,137.369,7.271,3.664,0.926,0.149,0.342,0.365,0.338,0.238,0.214,0.289,0.269,0.311,0.293,0.348,0.294
129,7.522878745280337,50.081,20.871,8.592,0.63,0.148,0.081,0.479,0.314,0.358,0.52,0.121,0.358,0.652,0.608,0.291,0.314
130,7.397940008672037,422.095,216.584,13.052,0.648,0.144,0.608,0.428,0.273,0.622,0.481,0.463,0.248,0.691,0.663,0.437,0.565
131,6.6777807052660805,21.779,9.091,1.721,0.668,0.144,0.416,0.346,0.365,0.221,0.135,0.255,0.197,0.258,0.207,0.376,0.24
132,7.397940008672037,272.652,134.93,10.143,0.653,0.145,0.43,0.118,0.256,0.256,0.501,0.105,0.245,0.481,0.83,0.268,0.395
134,6.958607314841775,22.284,11.422,1.087,0.64,0.144,0.447,0.345,0.263,0.213,0.204,0.252,0.177,0.247,0.193,0.352,0.256
135,7.221848749616356,291.858,49.219,7.563,0.837,0.141,0.269,0.044,0.421,0.046,0.273,0.025,0.332,0.093,0.256,0.245,0.239
136,7.154901959985743,201.869,9.494,2.805,0.943,0.144,0.535,0.386,0.276,0.504,0.102,0.354,0.144,0.615,0.162,0.399,0.34
137,7.154901959985743,18.125,8.282,2.33,0.631,0.143,0.396,0.361,0.418,0.646,0.214,0.375,0.253,0.684,0.224,0.392,0.402
139,6.251811972993799,19.373,9.063,1.755,0.642,0.144,0.469,0.404,0.378,0.358,0.219,0.352,0.228,0.378,0.275,0.417,0.4
140,7.522878745280337,228.819,106.726,15.955,0.651,0.143,0.229,0.119,0.526,0.444,0.388,0.131,0.464,0.645,0.324,0.291,0.372
142,6.309803919971486,471.047,102.305,1.961,0.819,0.139,0.868,0.503,0.404,0.554,0.223,0.51,0.264,0.527,0.291,0.592,0.573
143,6.455931955649724,141.71,19.37,7.022,0.843,0.143,0.098,0.356,0.373,0.194,0.253,0.241,0.278,0.273,0.309,0.276,0.174
144,6.795880017344075,150.73,9.281,2.15,0.93,0.146,0.342,0.382,0.449,0.235,0.281,0.274,0.369,0.249,0.347,0.391,0.285
145,6.267606240177032,212.939,16.172,3.417,0.916,0.146,0.188,0.422,0.315,0.473,0.3,0.37,0.329,0.615,0.274,0.308,0.341
146,7.522878745280337,306.111,6.374,2.779,0.971,0.144,0.722,0.491,0.484,0.433,0.29,0.403,0.309,0.524,0.372,0.566,0.468
147,7.154901959985743,18.783,8.679,1.815,0.642,0.144,0.406,0.31,0.449,0.512,0.21,0.307,0.256,0.686,0.259,0.388,0.417
148,8.0,18.895,9.582,1.996,0.62,0.144,0.444,0.344,0.435,0.493,0.165,0.333,0.218,0.667,0.266,0.408,0.399
149,6.251811972993799,69.717,20.657,5.316,0.729,0.147,0.092,0.477,0.356,0.551,0.243,0.452,0.295,0.54,0.338,0.308,0.275
150,7.301029995663981,263.691,6.728,3.388,0.963,0.142,0.315,0.378,0.351,0.486,0.214,0.338,0.225,0.649,0.253,0.348,0.376
151,6.958607314841775,19.922,8.515,1.854,0.658,0.146,0.414,0.324,0.467,0.545,0.209,0.329,0.265,0.716,0.26,0.402,0.428
155,6.585026652029182,12.934,8.454,2.115,0.55,0.148,0.476,0.418,0.497,0.219,0.255,0.281,0.308,0.222,0.314,0.464,0.359
156,6.508638306165727,226.926,4.571,2.457,0.97,0.152,0.659,0.52,0.398,0.569,0.324,0.493,0.329,0.528,0.445,0.526,0.526
158,7.045757490560675,333.106,4.216,2.65,0.98,0.149,0.955,0.525,0.332,0.627,0.311,0.451,0.311,0.502,0.391,0.604,0.659
159,5.586700235918748,106.785,12.049,2.097,0.883,0.146,0.166,0.468,0.451,0.386,0.217,0.389,0.282,0.4,0.348,0.362,0.251
160,7.522878745280337,14.884,4.197,1.428,0.726,0.149,0.483,0.536,0.329,0.447,0.348,0.421,0.277,0.492,0.373,0.449,0.406
162,7.096910013008056,21.495,2.859,2.15,0.811,0.147,0.498,0.481,0.408,0.609,0.208,0.513,0.274,0.522,0.32,0.462,0.417
163,5.43533393574791,421.128,24.583,4.893,0.935,0.146,0.985,0.039,0.468,0.009,0.255,0.013,0.31,0.019,0.311,0.497,0.414
164,6.721246399047171,49.236,3.628,1.921,0.899,0.147,0.078,0.5,0.357,0.488,0.461,0.462,0.29,0.398,0.341,0.312,0.337
165,7.522878745280337,78.533,14.829,1.944,0.824,0.147,0.09,0.465,0.501,0.287,0.556,0.368,0.437,0.441,0.51,0.352,0.329
166,5.619788758288394,176.71,27.933,9.092,0.827,0.145,0.127,0.084,0.156,0.112,0.003,0.09,0.016,0.087,0.028,0.122,0.086
167,5.187086643357144,318.769,15.765,2.706,0.945,0.146,0.299,0.609,0.434,0.439,0.22,0.478,0.292,0.474,0.284,0.447,0.265
168,5.337242168318426,18.156,4.99,2.65,0.704,0.148,0.557,0.506,0.521,0.325,0.299,0.382,0.323,0.412,0.335,0.528,0.365
169,5.619788758288394,15.298,6.589,1.973,0.641,0.148,0.527,0.549,0.455,0.336,0.125,0.407,0.23,0.468,0.255,0.511,0.425
170,5.769551078621726,28.935,5.418,1.423,0.809,0.146,0.545,0.455,0.319,0.277,0.159,0.336,0.17,0.328,0.246,0.439,0.359
171,5.6020599913279625,25.207,7.283,0.946,0.754,0.145,0.544,0.475,0.337,0.232,0.112,0.313,0.167,0.309,0.244,0.452,0.246
172,5.6020599913279625,28.616,7.165,1.691,0.764,0.143,0.567,0.478,0.462,0.276,0.165,0.343,0.226,0.34,0.376,0.502,0.281
173,5.6020599913279625,32.484,3.95,1.197,0.863,0.145,0.566,0.462,0.206,0.239,0.145,0.312,0.126,0.328,0.256,0.411,0.257
174,5.853871964321762,18.621,6.906,1.037,0.701,0.148,0.602,0.496,0.331,0.258,0.082,0.355,0.153,0.348,0.154,0.476,0.38
175,5.619788758288394,237.935,9.593,4.102,0.946,0.144,0.621,0.473,0.369,0.291,0.145,0.332,0.207,0.364,0.234,0.487,0.344
176,5.619788758288394,393.358,10.428,2.651,0.968,0.146,0.557,0.436,0.35,0.389,0.237,0.358,0.218,0.378,0.342,0.448,0.411
178,5.657577319177793,14.76,8.58,1.432,0.596,0.145,0.499,0.383,0.34,0.371,0.11,0.446,0.177,0.292,0.195,0.407,0.36
179,5.221848749616356,21.747,5.788,2.659,0.72,0.145,0.523,0.514,0.428,0.456,0.135,0.418,0.227,0.398,0.213,0.489,0.436
180,5.075720713938118,160.722,14.506,4.085,0.896,0.148,0.213,0.532,0.393,0.531,0.22,0.512,0.257,0.575,0.354,0.379,0.34
181,7.823908740944319,20.922,4.036,1.77,0.783,0.148,0.609,0.451,0.443,0.336,0.164,0.325,0.25,0.373,0.21,0.501,0.442
182,8.154901959985743,501.95,107.489,3.787,0.819,0.147,0.748,0.214,0.495,0.092,0.38,0.121,0.342,0.159,0.399,0.486,0.448
183,7.795880017344075,13.41,5.96,3.328,0.591,0.147,0.633,0.509,0.469,0.439,0.158,0.418,0.272,0.31,0.238,0.537,0.474
184,7.008773924307505,167.299,5.289,3.588,0.95,0.147,0.49,0.434,0.426,0.744,0.127,0.471,0.237,1.114,0.205,0.45,0.448
185,7.086186147616283,35.662,5.175,0.929,0.854,0.146,0.514,0.307,0.297,0.156,0.106,0.21,0.161,0.196,0.197,0.373,0.261
186,5.0,101.31,42.053,6.053,0.678,0.153,0.149,0.071,0.208,0.034,0.003,0.038,0.022,0.045,0.038,0.143,0.046
187,5.980468315468745,16.158,4.13,1.999,0.725,0.149,0.537,0.498,0.474,0.203,0.213,0.308,0.3,0.296,0.346,0.503,0.333
188,6.34008379993015,322.576,84.769,3.931,0.784,0.146,0.22,0.114,0.414,0.118,0.294,0.101,0.315,0.258,0.273,0.249,0.225
189,7.327902142064283,70.877,22.602,2.731,0.737,0.143,0.075,0.507,0.42,0.005,0.2,0.398,0.313,0.4,0.319,0.334,0.122
190,8.221848749616356,9.402,6.981,2.379,0.501,0.144,0.394,0.404,0.522,0.244,0.411,0.312,0.455,0.329,0.495,0.44,0.345
191,7.468521082957745,28.079,5.975,3.157,0.755,0.147,0.077,0.157,0.438,0.332,0.256,0.293,0.341,0.372,0.384,0.224,0.344
192,7.136677139879544,40.765,7.066,5.513,0.764,0.145,0.074,0.384,0.344,0.275,0.168,0.231,0.263,0.291,0.236,0.267,0.222
193,9.0,340.814,10.644,4.007,0.959,0.144,0.586,0.539,0.385,0.562,0.451,0.465,0.35,0.629,0.592,0.503,0.58
194,8.698970004336019,303.48,216.07,7.388,0.576,0.143,0.424,0.36,0.511,0.536,0.258,0.332,0.356,0.819,0.292,0.432,0.384
195,8.096910013008056,30.27,4.834,2.04,0.815,0.145,0.593,0.425,0.455,0.245,0.342,0.336,0.348,0.379,0.387,0.491,0.431
196,8.301029995663981,419.162,182.836,4.476,0.691,0.142,0.599,0.461,0.438,0.284,0.173,0.33,0.265,0.353,0.247,0.499,0.37
197,7.154901959985743,382.473,7.424,4.05,0.971,0.142,0.524,0.496,0.415,0.402,0.185,0.417,0.264,0.481,0.265,0.478,0.377
198,7.2839966563652,17.822,7.329,1.41,0.671,0.14,0.508,0.381,0.411,0.171,0.272,0.251,0.275,0.259,0.281,0.434,0.285
199,7.602059991327962,284.555,5.902,3.18,0.969,0.141,0.853,0.5,0.485,0.406,0.4,0.411,0.434,0.482,0.462,0.613,0.559
201,5.334419008982047,36.629,13.934,4.144,0.67,0.138,0.04,0.434,0.464,0.231,0.345,0.253,0.35,0.287,0.291,0.313,0.211
202,5.366531544420414,127.357,42.84,8.302,0.713,0.138,0.269,0.061,0.375,0.011,0.047,0.02,0.262,0.03,0.345,0.235,0.101
203,5.156144577376839,460.348,234.379,89.709,0.587,0.14,0.587,0.531,0.378,0.457,0.33,0.513,0.378,0.391,0.368,0.499,0.429
204,5.87942606879415,11.308,6.994,3.57,0.517,0.143,0.466,0.49,0.45,0.37,0.244,0.388,0.316,0.382,0.321,0.469,0.399
206,7.301029995663981,21.097,2.961,2.289,0.801,0.146,0.486,0.542,0.456,0.339,0.24,0.409,0.271,0.441,0.34,0.495,0.387
207,7.045757490560675,222.342,7.087,1.62,0.962,0.149,0.914,0.477,0.405,0.49,0.267,0.457,0.266,0.495,0.384,0.599,0.56
208,5.97061622231479,15.18,3.946,2.204,0.712,0.148,0.477,0.524,0.408,0.309,0.239,0.376,0.291,0.45,0.378,0.47,0.34
210,6.013228265733755,123.412,13.387,2.613,0.885,0.146,0.192,0.413,0.41,0.298,0.269,0.34,0.289,0.399,0.343,0.339,0.337
211,7.154901959985743,313.26,10.984,2.298,0.959,0.147,0.59,0.427,0.32,0.547,0.187,0.47,0.215,0.545,0.251,0.446,0.429
212,6.698970004336019,126.935,33.415,3.684,0.774,0.145,0.301,0.02,0.569,0.002,0.002,0.004,0.443,0.006,0.576,0.297,0.072
214,5.561141340579438,358.814,60.252,26.727,0.805,0.137,0.344,0.219,0.055,0.206,0.01,0.246,0.018,0.315,0.024,0.206,0.186
216,7.698970004336019,17.367,5.408,2.363,0.691,0.149,0.525,0.499,0.425,0.279,0.144,0.347,0.226,0.279,0.253,0.483,0.38
217,8.397940008672037,27.362,2.996,1.993,0.846,0.151,0.548,0.439,0.364,0.233,0.153,0.242,0.236,0.309,0.234,0.451,0.381
218,5.084072788302884,359.221,132.814,1.14,0.728,0.148,0.375,0.249,0.39,0.222,0.464,0.244,0.295,0.308,0.501,0.338,0.394
219,6.180456064458132,214.265,4.033,2.733,0.969,0.155,0.797,0.387,0.429,0.213,0.149,0.269,0.234,0.269,0.238,0.538,0.426
220,6.092588639225414,222.822,7.21,2.509,0.958,0.148,0.86,0.312,0.395,0.206,0.308,0.223,0.256,0.202,0.237,0.522,0.493
221,5.267606240177032,141.255,21.536,2.626,0.854,0.15,0.097,0.573,0.367,0.644,0.188,0.584,0.242,0.68,0.283,0.346,0.286
222,5.337242168318426,49.028,22.983,1.497,0.667,0.147,0.069,0.472,0.415,0.581,0.236,0.522,0.25,0.613,0.415,0.318,0.336
223,5.20342566678957,78.631,25.024,2.333,0.742,0.148,0.112,0.597,0.441,0.128,0.199,0.521,0.272,0.186,0.226,0.383,0.132
224,5.392544976785332,402.96,113.388,5.05,0.773,0.147,0.496,0.324,0.41,0.134,0.337,0.2,0.327,0.139,0.441,0.41,0.271
225,8.657577319177793,239.937,17.279,3.71,0.92,0.147,0.577,0.585,0.389,0.559,0.24,0.59,0.255,0.462,0.26,0.517,0.421
226,7.853871964321762,17.675,3.918,2.508,0.733,0.15,0.608,0.424,0.482,0.323,0.198,0.306,0.279,0.282,0.319,0.505,0.395
227,8.568636235841012,235.136,15.042,2.698,0.93,0.147,0.269,0.52,0.508,0.543,0.25,0.466,0.326,0.548,0.415,0.433,0.331
228,8.1249387366083,193.516,4.546,1.341,0.97,0.149,0.915,0.38,0.47,0.185,0.183,0.224,0.274,0.262,0.302,0.588,0.432
229,8.721246399047171,33.182,4.266,1.926,0.843,0.143,0.566,0.431,0.399,0.242,0.176,0.308,0.238,0.297,0.257,0.465,0.338
230,7.602059991327962,14.042,4.27,1.351,0.714,0.147,0.541,0.424,0.418,0.373,0.111,0.336,0.201,0.371,0.25,0.461,0.353
231,8.795880017344075,29.221,2.923,1.694,0.864,0.146,0.574,0.407,0.465,0.251,0.165,0.272,0.275,0.227,0.355,0.482,0.42
233,8.337242168318426,69.843,3.984,1.217,0.931,0.149,0.189,0.451,0.342,0.221,0.158,0.305,0.211,0.309,0.209,0.327,0.243
234,6.931814138253839,27.07,3.08,0.824,0.874,0.151,0.579,0.474,0.421,0.186,0.158,0.296,0.226,0.316,0.264,0.492,0.316
235,7.173925197299173,25.862,3.01,1.538,0.85,0.15,0.633,0.417,0.482,0.315,0.191,0.295,0.277,0.411,0.3,0.511,0.343
236,7.251811972993799,189.338,5.377,1.297,0.966,0.151,0.876,0.518,0.418,0.466,0.153,0.454,0.224,0.627,0.275,0.604,0.513
237,7.366531544420414,29.498,3.656,1.402,0.854,0.147,0.539,0.407,0.346,0.198,0.163,0.256,0.211,0.256,0.264,0.431,0.302
238,8.136677139879543,157.081,10.053,1.773,0.93,0.153,0.137,0.495,0.424,0.411,0.117,0.364,0.214,0.45,0.235,0.352,0.255
239,8.18045606445813,26.936,5.044,0.806,0.822,0.149,0.56,0.526,0.384,0.327,0.123,0.369,0.181,0.406,0.282,0.49,0.324
240,8.173925197299173,273.894,61.003,4.557,0.807,0.151,0.273,0.099,0.464,0.154,0.28,0.108,0.313,0.069,0.384,0.278,0.243
241,7.886056647693163,43.742,25.405,2.529,0.61,0.151,0.033,0.39,0.354,0.001,0.059,0.005,0.277,0.006,0.322,0.259,0.272
242,8.3767507096021,26.024,3.16,0.987,0.863,0.151,0.571,0.508,0.455,0.427,0.149,0.38,0.222,0.315,0.282,0.511,0.463
243,8.050609993355087,337.854,4.786,1.269,0.982,0.149,0.945,0.477,0.254,0.312,0.11,0.332,0.136,0.44,0.176,0.559,0.452
244,9.022276394711152,385.629,124.405,95.983,0.636,0.146,0.325,0.401,0.213,0.284,0.513,0.353,0.241,0.52,0.33,0.313,0.347
245,8.657577319177793,37.848,4.704,1.003,0.869,0.146,0.61,0.463,0.404,0.268,0.134,0.306,0.2,0.339,0.272,0.492,0.33
246,8.2518119729938,118.718,9.649,2.58,0.907,0.144,0.211,0.482,0.508,0.397,0.54,0.379,0.521,0.415,0.591,0.4,0.389
247,7.958607314841775,34.575,2.195,1.265,0.909,0.148,0.561,0.497,0.336,0.342,0.165,0.318,0.205,0.411,0.35,0.464,0.381
248,7.366531544420414,44.063,2.745,1.408,0.914,0.145,0.637,0.552,0.4,0.459,0.156,0.403,0.218,0.509,0.282,0.53,0.417
249,8.638272163982407,94.315,23.309,0.53,0.798,0.147,0.219,0.539,0.332,0.495,0.218,0.507,0.206,0.47,0.179,0.363,0.328
250,8.823908740944319,219.127,11.085,5.111,0.931,0.145,0.934,0.319,0.445,0.182,0.263,0.215,0.305,0.168,0.43,0.566,0.465
251,8.42021640338319,245.718,112.881,3.477,0.679,0.149,0.63,0.318,0.364,0.417,0.202,0.397,0.234,0.482,0.311,0.437,0.417
252,8.229147988357855,151.539,5.663,1.631,0.954,0.149,0.722,0.391,0.425,0.306,0.311,0.289,0.302,0.311,0.37,0.512,0.448
253,8.468521082957745,292.926,157.33,5.645,0.643,0.146,0.283,0.288,0.324,0.497,0.178,0.383,0.215,0.33,0.26,0.298,0.451
254,5.651695136951839,41.739,17.458,3.829,0.662,0.149,0.052,0.519,0.525,0.557,0.258,0.513,0.352,0.684,0.381,0.365,0.344
255,6.43533393574791,237.279,18.82,1.77,0.92,0.145,0.685,0.272,0.445,0.29,0.223,0.222,0.284,0.283,0.397,0.467,0.372
256,7.958607314841775,138.042,107.786,2.192,0.557,0.149,0.22,0.122,0.448,0.064,0.127,0.06,0.222,0.039,0.233,0.264,0.149
257,8.455931955649724,12.318,10.079,1.307,0.52,0.141,0.607,0.555,0.512,0.358,0.193,0.448,0.273,0.418,0.398,0.558,0.333
258,8.886056647693163,39.572,4.47,1.074,0.877,0.145,0.597,0.493,0.41,0.339,0.128,0.357,0.21,0.442,0.255,0.5,0.343
259,8.397940008672037,432.846,81.33,5.328,0.833,0.144,0.915,0.115,0.306,0.027,0.264,0.053,0.271,0.059,0.283,0.445,0.394
260,8.537602002101044,216.91,132.242,7.985,0.607,0.146,0.4,0.123,0.425,0.171,0.649,0.109,0.5,0.176,0.394,0.316,0.381
262,8.481486060122112,25.771,4.814,1.517,0.803,0.143,0.498,0.469,0.386,0.429,0.136,0.364,0.206,0.467,0.197,0.451,0.454
263,7.958607314841775,31.711,5.802,2.696,0.789,0.14,0.526,0.471,0.42,0.23,0.238,0.324,0.277,0.307,0.286,0.473,0.32
264,8.602059991327963,219.096,26.336,1.25,0.888,0.144,0.753,0.264,0.388,0.125,0.203,0.181,0.227,0.187,0.342,0.469,0.337
265,7.958607314841775,11.62,5.166,3.35,0.577,0.142,0.496,0.461,0.446,0.614,0.216,0.481,0.304,0.45,0.327,0.468,0.4
266,8.356547323513812,35.55,4.987,1.356,0.849,0.146,0.568,0.505,0.33,0.271,0.134,0.331,0.191,0.423,0.217,0.468,0.32
267,8.568636235841012,11.043,5.588,2.359,0.582,0.145,0.524,0.589,0.374,0.524,0.154,0.546,0.221,0.524,0.247,0.496,0.367
268,9.236572006437065,244.291,108.896,5.45,0.681,0.147,0.909,0.146,0.356,0.042,0.21,0.052,0.255,0.15,0.243,0.47,0.364
269,8.795880017344075,212.238,17.381,2.105,0.916,0.144,0.721,0.402,0.333,0.287,0.132,0.307,0.182,0.309,0.198,0.485,0.382
270,6.661543506395395,45.923,5.236,1.32,0.875,0.146,0.271,0.475,0.396,0.348,0.146,0.345,0.216,0.485,0.243,0.381,0.248
271,8.67778070526608,135.742,9.7,3.177,0.913,0.141,0.413,0.447,0.398,0.46,0.172,0.428,0.241,0.449,0.278,0.419,0.339
272,8.356547323513812,232.092,14.419,3.056,0.93,0.139,0.634,0.607,0.438,0.436,0.363,0.462,0.371,0.491,0.403,0.56,0.473
273,8.468521082957745,417.244,80.398,6.666,0.827,0.143,0.926,0.112,0.345,0.074,0.143,0.071,0.212,0.058,0.205,0.461,0.372
274,7.744727494896693,37.527,4.707,1.915,0.85,0.141,0.546,0.355,0.356,0.233,0.123,0.241,0.198,0.315,0.221,0.419,0.307
275,8.161150909262744,43.334,4.53,1.072,0.886,0.145,0.609,0.437,0.309,0.234,0.089,0.293,0.138,0.279,0.21,0.452,0.316
276,8.2839966563652,32.159,5.952,1.877,0.804,0.144,0.532,0.462,0.292,0.387,0.085,0.348,0.135,0.384,0.165,0.428,0.319
277,8.886056647693163,141.97,5.96,0.963,0.954,0.143,0.732,0.392,0.417,0.202,0.159,0.259,0.203,0.236,0.262,0.514,0.343
278,8.309803919971486,55.804,7.192,3.327,0.841,0.14,0.101,0.425,0.085,0.215,0.002,0.262,0.012,0.284,0.024,0.204,0.093
279,8.481486060122112,327.423,32.181,1.233,0.907,0.142,0.376,0.567,0.317,0.491,0.088,0.507,0.157,0.484,0.195,0.42,0.324
280,8.647817481888637,14.616,4.324,3.255,0.659,0.141,0.495,0.525,0.451,0.501,0.174,0.468,0.259,0.48,0.286,0.49,0.332
281,8.387216143280265,89.183,42.787,3.001,0.661,0.143,0.055,0.541,0.466,0.493,0.213,0.535,0.266,0.493,0.368,0.354,0.247
282,8.267606240177031,50.932,3.735,1.911,0.9,0.141,0.607,0.458,0.262,0.299,0.096,0.322,0.135,0.395,0.19,0.442,0.302
283,8.221848749616356,159.717,6.371,2.651,0.947,0.142,0.7,0.419,0.412,0.301,0.152,0.313,0.229,0.356,0.248,0.51,0.41
284,8.494850021680094,159.157,13.281,2.592,0.909,0.14,0.604,0.411,0.414,0.47,0.23,0.413,0.268,0.355,0.258,0.476,0.419
285,8.522878745280337,62.221,9.812,1.832,0.842,0.142,0.23,0.356,0.387,0.141,0.152,0.215,0.232,0.244,0.287,0.324,0.154
286,8.638272163982407,239.083,103.411,8.955,0.68,0.14,0.404,0.149,0.375,0.075,0.339,0.069,0.23,0.071,0.187,0.309,0.25
287,8.468521082957745,253.843,9.461,2.075,0.957,0.143,0.867,0.439,0.344,0.335,0.139,0.366,0.181,0.355,0.267,0.55,0.474
288,8.698970004336019,366.652,11.767,2.6,0.962,0.141,0.796,0.39,0.423,0.295,0.197,0.321,0.261,0.357,0.304,0.536,0.424
289,8.920818753952375,50.878,3.135,0.855,0.927,0.145,0.552,0.426,0.374,0.329,0.153,0.294,0.214,0.377,0.224,0.451,0.313
290,8.522878745280337,29.509,4.85,3.018,0.789,0.145,0.538,0.436,0.343,0.291,0.175,0.31,0.212,0.358,0.259,0.439,0.34
291,8.886056647693163,253.202,10.66,2.804,0.95,0.147,0.965,0.401,0.403,0.229,0.244,0.266,0.248,0.288,0.336,0.589,0.504
292,8.337242168318426,36.268,3.77,0.839,0.887,0.142,0.503,0.49,0.333,0.356,0.195,0.35,0.177,0.387,0.248,0.442,0.384
293,7.920818753952375,423.785,6.563,2.166,0.98,0.141,0.806,0.403,0.353,0.352,0.23,0.317,0.244,0.435,0.368,0.521,0.428
294,7.552841968657781,17.914,7.159,1.704,0.669,0.144,0.443,0.47,0.459,0.304,0.329,0.349,0.329,0.321,0.401,0.457,0.376
295,7.337242168318426,39.458,2.949,2.103,0.886,0.142,0.514,0.389,0.422,0.229,0.158,0.218,0.295,0.303,0.405,0.442,0.348
296,8.221848749616356,404.796,6.782,1.315,0.98,0.145,0.752,0.442,0.432,0.438,0.292,0.406,0.308,0.482,0.419,0.542,0.538
297,7.173925197299173,161.587,2.193,1.421,0.978,0.148,0.807,0.428,0.489,0.422,0.151,0.332,0.268,0.424,0.317,0.575,0.404
298,6.08196966321512,23.396,10.06,4.65,0.614,0.152,0.04,0.368,0.402,0.148,0.001,0.012,0.29,0.018,0.516,0.27,0.131
299,7.795880017344075,364.549,133.241,1.77,0.73,0.15,0.408,0.637,0.388,0.6,0.137,0.637,0.216,0.598,0.2,0.477,0.378
300,8.09151498112135,26.017,4.284,1.077,0.829,0.148,0.597,0.521,0.312,0.465,0.087,0.405,0.147,0.5,0.174,0.477,0.379
301,8.67778070526608,34.617,3.354,1.623,0.874,0.145,0.621,0.342,0.404,0.14,0.095,0.21,0.192,0.217,0.204,0.456,0.303
302,6.543633966870957,23.463,4.43,1.101,0.809,0.149,0.568,0.491,0.318,0.335,0.101,0.372,0.155,0.418,0.196,0.459,0.35
303,7.397940008672037,409.386,8.402,4.36,0.97,0.149,0.681,0.358,0.371,0.284,0.238,0.305,0.2,0.341,0.22,0.47,0.402
304,7.619788758288394,154.777,19.07,2.346,0.878,0.151,0.096,0.49,0.421,0.523,0.168,0.508,0.235,0.405,0.247,0.336,0.247
305,8.096910013008056,145.514,86.774,4.293,0.615,0.149,0.442,0.129,0.264,0.032,0.299,0.06,0.285,0.066,0.31,0.278,0.242
307,8.207608310501746,36.62,26.652,0.979,0.57,0.145,0.098,0.278,0.423,0.602,0.145,0.067,0.218,0.023,0.282,0.267,0.273
308,7.721246399047171,140.451,3.62,1.862,0.962,0.151,0.434,0.474,0.288,0.328,0.158,0.336,0.202,0.331,0.279,0.399,0.315
309,7.173925197299173,80.411,17.942,2.544,0.797,0.149,0.14,0.648,0.427,0.26,0.184,0.515,0.254,0.598,0.307,0.405,0.17
310,7.744727494896693,71.911,16.726,1.128,0.801,0.146,0.095,0.528,0.302,0.49,0.134,0.546,0.176,0.489,0.168,0.309,0.251
311,7.5376020021010435,244.818,6.671,3.116,0.962,0.144,0.945,0.485,0.457,0.279,0.227,0.327,0.274,0.384,0.387,0.629,0.478
312,6.2839966563652006,21.406,4.657,1.26,0.783,0.151,0.608,0.336,0.268,1.421,0.106,0.407,0.147,0.361,0.316,0.404,0.789
313,7.769551078621726,9.704,6.084,2.579,0.528,0.151,0.596,0.476,0.443,0.56,0.3,0.429,0.377,0.52,0.363,0.505,0.583
314,7.275724130399211,9.102,4.396,2.986,0.552,0.153,0.504,0.501,0.465,0.521,0.234,0.351,0.405,0.406,0.304,0.49,0.641
315,5.638272163982407,373.875,169.69,2.428,0.685,0.153,0.426,0.274,0.376,0.188,0.524,0.284,0.384,0.306,0.354,0.359,0.434
316,6.080921907623926,8.287,4.994,2.708,0.518,0.154,0.446,0.341,0.479,0.627,0.164,0.411,0.272,0.347,0.411,0.422,0.763
317,5.958607314841775,14.774,4.247,1.849,0.708,0.153,0.454,0.322,0.415,0.968,0.128,0.353,0.238,0.318,0.296,0.397,0.628
318,5.229147988357856,323.127,158.749,2.851,0.667,0.151,0.968,0.134,0.364,0.261,0.14,0.107,0.238,0.111,0.313,0.488,0.485
319,5.704432900037521,13.064,6.082,3.534,0.576,0.143,0.432,0.434,0.415,0.32,0.245,0.334,0.286,0.395,0.323,0.427,0.313
320,6.199970640755866,92.389,46.244,26.401,0.56,0.144,0.115,0.046,0.03,0.03,0.002,0.063,0.01,0.14,0.015,0.064,0.129
321,8.292429823902063,441.789,121.651,2.771,0.78,0.143,0.874,0.281,0.404,0.337,0.209,0.315,0.265,0.415,0.208,0.52,0.532
322,6.657577319177793,22.958,8.482,6.027,0.613,0.146,0.046,0.487,0.288,0.603,0.321,0.352,0.241,0.853,0.297,0.273,0.361
323,7.397940008672037,139.576,13.022,2.21,0.902,0.148,0.184,0.432,0.467,0.642,0.224,0.461,0.28,0.908,0.249,0.361,0.31
324,6.154901959985743,151.061,99.532,5.04,0.591,0.146,0.23,0.185,0.333,0.199,0.127,0.174,0.201,0.164,0.191,0.249,0.269
325,6.920818753952375,19.426,5.557,1.69,0.728,0.148,0.513,0.358,0.297,0.255,0.198,0.266,0.192,0.244,0.259,0.389,0.376
326,6.6777807052660805,16.227,4.59,2.224,0.704,0.152,0.503,0.329,0.492,0.141,0.296,0.198,0.338,0.173,0.268,0.441,0.386
327,5.522878745280337,196.648,12.401,2.808,0.928,0.154,0.479,0.513,0.539,0.737,0.3,0.535,0.375,1.112,0.361,0.51,0.522
328,8.769551078621726,60.534,12.199,3.479,0.794,0.146,0.092,0.509,0.436,0.389,0.248,0.439,0.309,0.369,0.207,0.346,0.335
329,6.958607314841775,17.878,5.598,2.291,0.694,0.145,0.541,0.457,0.403,0.387,0.319,0.421,0.303,0.437,0.235,0.467,0.406
330,7.346787486224656,381.239,20.439,3.456,0.941,0.142,0.577,0.573,0.39,0.642,0.302,0.506,0.336,0.883,0.339,0.513,0.558
331,8.318758762624412,15.663,11.04,1.946,0.547,0.145,0.447,0.41,0.478,0.156,0.279,0.253,0.311,0.182,0.301,0.445,0.385
332,8.167491087293763,195.209,3.824,1.816,0.972,0.146,0.744,0.46,0.394,0.248,0.163,0.335,0.231,0.262,0.303,0.533,0.345
333,7.823908740944319,239.41,9.069,1.726,0.957,0.148,0.787,0.453,0.321,0.174,0.152,0.244,0.175,0.223,0.267,0.52,0.4
335,7.221848749616356,276.718,249.377,135.586,0.418,0.145,0.295,0.312,0.31,0.433,0.259,0.342,0.287,0.275,0.185,0.306,0.351
336,7.614393726401688,21.952,7.73,0.555,0.726,0.149,0.58,0.446,0.362,0.261,0.166,0.301,0.169,0.293,0.262,0.462,0.402
337,7.818156412055227,104.18,38.825,2.469,0.716,0.147,0.116,0.043,0.399,0.002,0.056,0.009,0.244,0.011,0.214,0.186,0.081
338,8.161150909262744,177.071,33.038,4.622,0.825,0.147,0.4,0.069,0.213,0.191,0.614,0.071,0.182,0.504,0.919,0.227,0.385
339,10.221848749616356,9.813,3.938,2.916,0.589,0.149,0.524,0.513,0.424,0.578,0.132,0.645,0.233,0.44,0.224,0.487,0.445
340,8.130768280269024,259.932,98.613,1.296,0.722,0.151,0.244,0.202,0.381,0.102,0.309,0.119,0.245,0.125,0.506,0.276,0.203
341,7.769551078621726,8.266,6.088,3.525,0.462,0.143,0.464,0.457,0.422,0.39,0.587,0.392,0.426,0.358,0.687,0.448,0.497
342,8.337242168318426,11.579,4.677,2.684,0.611,0.147,0.493,0.377,0.418,0.257,0.289,0.325,0.322,0.292,0.308,0.429,0.352
343,7.621602099051862,255.168,46.866,5.627,0.829,0.141,0.888,0.061,0.395,0.064,0.209,0.042,0.252,0.021,0.293,0.448,0.42
344,7.20690839982342,21.074,5.218,1.653,0.754,0.144,0.421,0.339,0.382,0.643,0.122,0.37,0.205,0.866,0.223,0.381,0.369
345,6.899629454882437,360.64,12.647,1.898,0.961,0.149,0.884,0.494,0.334,0.476,0.12,0.41,0.181,0.534,0.176,0.571,0.491
346,8.4089353929735,17.628,3.45,2.323,0.753,0.148,0.519,0.495,0.439,0.264,0.304,0.316,0.299,0.396,0.336,0.484,0.419
347,8.154901959985743,14.703,4.081,3.066,0.673,0.145,0.481,0.339,0.412,0.418,0.24,0.313,0.374,0.458,0.275,0.411,0.361
349,7.72584215073632,154.547,10.395,3.823,0.916,0.151,0.266,0.453,0.473,0.547,0.631,0.38,0.511,0.722,0.571,0.398,0.459
350,8.0,22.227,4.301,0.857,0.812,0.156,0.572,0.459,0.364,0.273,0.59,0.293,0.342,0.295,0.379,0.465,0.484
352,8.522878745280337,51.423,17.751,1.845,0.724,0.151,0.151,0.205,0.385,0.002,0.139,0.015,0.283,0.016,0.351,0.247,0.15
353,7.236572006437063,273.391,151.059,4.44,0.637,0.15,0.257,0.473,0.415,0.598,0.265,0.477,0.322,0.706,0.248,0.382,0.357
354,7.585026652029182,223.023,14.361,2.496,0.93,0.151,0.74,0.514,0.45,0.435,0.498,0.407,0.395,0.579,0.426,0.568,0.531
355,7.031517051446065,12.0,7.015,1.373,0.589,0.146,0.543,0.438,0.379,0.486,0.158,0.452,0.211,0.49,0.239,0.453,0.378
356,7.744727494896693,37.145,9.512,6.205,0.703,0.153,0.025,0.559,0.505,0.044,0.001,0.355,0.34,0.506,0.502,0.363,0.056
357,8.522878745280337,441.282,134.87,6.373,0.758,0.151,0.895,0.26,0.411,0.097,0.638,0.176,0.469,0.118,0.45,0.522,0.558
358,8.221848749616356,383.617,6.854,2.243,0.977,0.151,0.982,0.589,0.489,0.55,0.119,0.545,0.218,0.475,0.22,0.687,0.539
359,7.886056647693163,134.826,6.73,3.126,0.932,0.146,0.112,0.429,0.456,0.658,0.233,0.453,0.284,0.775,0.218,0.332,0.319
360,5.583359492661719,155.494,12.23,1.888,0.917,0.146,0.265,0.467,0.401,0.263,0.214,0.339,0.279,0.283,0.37,0.378,0.273
361,6.638272163982407,10.92,5.116,2.159,0.6,0.146,0.508,0.62,0.461,0.544,0.289,0.544,0.299,0.524,0.245,0.53,0.471
362,7.154901959985743,409.55,8.398,2.38,0.974,0.146,0.876,0.368,0.397,0.53,0.113,0.345,0.199,0.598,0.184,0.547,0.479
363,5.764471553092451,254.838,6.842,2.766,0.964,0.146,0.192,0.483,0.569,0.566,0.457,0.485,0.504,0.575,0.452,0.415,0.39
364,4.866461091629782,49.797,32.23,3.462,0.582,0.148,0.094,0.067,0.415,0.013,0.221,0.031,0.326,0.037,0.313,0.192,0.122
365,6.232844133917819,222.191,37.177,3.279,0.846,0.148,0.61,0.034,0.438,0.087,0.146,0.036,0.238,0.016,0.24,0.361,0.297
366,5.655607726314889,432.817,8.365,1.862,0.977,0.148,0.98,0.487,0.438,0.433,0.232,0.424,0.29,0.389,0.4,0.635,0.56
367,6.573488738635425,9.841,6.252,2.806,0.521,0.142,0.46,0.362,0.424,0.451,0.221,0.36,0.264,0.458,0.353,0.415,0.353
368,5.705533773838407,23.127,5.531,2.457,0.743,0.146,0.605,0.496,0.407,0.364,0.172,0.364,0.243,0.38,0.23,0.503,0.375
369,6.0301183562535,232.788,19.007,2.419,0.916,0.148,0.143,0.529,0.372,0.552,0.508,0.504,0.344,0.496,0.333,0.348,0.39
370,6.600326278518962,534.289,7.249,3.385,0.98,0.146,0.96,0.386,0.459,0.361,0.216,0.336,0.288,0.35,0.273,0.601,0.51
372,6.42712839779952,307.163,3.662,2.676,0.98,0.149,0.618,0.309,0.479,0.172,0.316,0.21,0.32,0.214,0.308,0.469,0.349
373,6.598599459218455,37.008,17.478,4.463,0.628,0.149,0.05,0.529,0.443,0.004,0.018,0.026,0.345,0.021,0.358,0.341,0.264
374,6.275724130399211,204.877,14.738,2.558,0.922,0.146,0.497,0.433,0.49,0.409,0.317,0.385,0.358,0.433,0.341,0.473,0.406
375,7.832682665251823,20.169,4.993,1.667,0.752,0.153,0.537,0.433,0.455,0.284,0.118,0.289,0.201,0.313,0.209,0.475,0.372
376,8.397940008672037,282.711,13.149,1.36,0.951,0.16,0.899,0.62,0.387,0.449,0.268,0.556,0.282,0.451,0.221,0.635,0.582
378,6.5951662833800615,131.135,21.89,1.864,0.847,0.149,0.094,0.479,0.394,0.583,0.174,0.467,0.227,0.739,0.253,0.322,0.303
379,5.511449283499556,95.987,12.35,2.766,0.864,0.149,0.195,0.435,0.401,0.72,0.353,0.482,0.287,0.88,0.229,0.344,0.401
380,5.856985199745905,173.322,3.862,2.795,0.963,0.154,0.888,0.46,0.362,0.592,0.136,0.382,0.176,0.765,0.145,0.57,0.536
381,6.651695136951839,353.116,77.585,7.843,0.805,0.16,0.538,0.17,0.464,0.225,0.21,0.163,0.323,0.177,0.204,0.391,0.3
382,5.46344155742847,567.225,129.94,13.695,0.798,0.149,0.862,0.304,0.311,0.361,0.36,0.278,0.235,0.449,0.365,0.492,0.513
383,5.826813731587726,9.984,6.653,1.409,0.553,0.149,0.544,0.539,0.441,0.581,0.152,0.515,0.217,0.471,0.234,0.508,0.409
384,5.505845405981558,215.017,31.016,4.569,0.858,0.149,0.942,0.024,0.44,0.002,0.005,0.005,0.277,0.006,0.229,0.469,0.326
385,5.97061622231479,207.074,111.441,1.976,0.646,0.149,0.839,0.555,0.446,0.502,0.279,0.551,0.316,0.362,0.405,0.613,0.521
386,6.779891911959945,175.234,41.304,2.993,0.798,0.149,0.532,0.037,0.279,0.006,0.004,0.012,0.039,0.013,0.067,0.283,0.173
387,6.764471553092451,269.249,24.594,3.738,0.905,0.147,0.841,0.038,0.356,0.006,0.149,0.012,0.229,0.015,0.207,0.412,0.364
388,5.651695136951839,13.86,5.526,1.466,0.665,0.149,0.468,0.431,0.509,0.57,0.224,0.391,0.266,0.644,0.272,0.469,0.388
390,6.251037138743839,49.147,23.551,2.881,0.65,0.154,0.049,0.036,0.499,0.004,0.037,0.009,0.292,0.014,0.161,0.195,0.018
391,5.196542884351586,151.649,19.422,0.954,0.882,0.157,0.25,0.446,0.277,0.292,0.449,0.38,0.244,0.41,0.252,0.324,0.368
392,6.18309616062434,17.629,3.651,1.995,0.757,0.155,0.52,0.461,0.346,0.361,0.181,0.343,0.207,0.424,0.18,0.443,0.403
393,6.195179321278838,278.485,111.124,2.434,0.71,0.155,0.599,0.256,0.394,0.085,0.221,0.156,0.243,0.165,0.301,0.416,0.385
394,6.6439741428068775,284.011,200.713,7.146,0.577,0.153,0.566,0.394,0.388,0.494,0.177,0.408,0.235,0.784,0.235,0.449,0.39
395,5.79317412396815,18.029,5.408,0.957,0.739,0.155,0.549,0.533,0.388,0.482,0.215,0.429,0.22,0.486,0.301,0.49,0.458
396,6.490797477668897,204.836,194.055,2.678,0.51,0.157,0.457,0.601,0.349,0.456,0.332,0.485,0.233,0.443,0.335,0.469,0.4
397,6.614393726401688,147.067,69.756,4.764,0.664,0.153,0.41,0.121,0.469,0.087,0.236,0.088,0.31,0.098,0.294,0.333,0.269
398,6.515700160653214,230.079,105.36,2.803,0.68,0.155,0.523,0.757,0.301,0.844,0.274,0.777,0.24,0.441,0.299,0.527,0.529
399,6.645891560852599,28.082,9.996,2.645,0.69,0.157,0.086,0.211,0.493,0.006,0.018,0.014,0.284,0.026,0.428,0.263,0.069
416,7.022276394711152,10.484,7.247,1.592,0.543,0.146,0.448,0.507,0.407,0.355,0.409,0.45,0.305,0.317,0.391,0.454,0.423
417,8.154901959985743,34.673,10.102,4.207,0.708,0.143,0.045,0.469,0.345,0.384,0.139,0.386,0.209,0.624,0.186,0.286,0.232
418,9.0,181.007,8.847,2.831,0.939,0.141,0.588,0.39,0.393,0.655,0.169,0.445,0.23,0.609,0.273,0.457,0.444
419,8.397940008672037,416.893,5.924,1.808,0.982,0.144,0.634,0.38,0.385,0.603,0.277,0.409,0.287,0.523,0.323,0.466,0.478
420,8.221848749616356,55.942,10.983,6.546,0.761,0.145,0.063,0.508,0.418,0.42,0.226,0.529,0.318,0.492,0.356,0.33,0.305
421,7.060480747381382,179.11,129.996,3.368,0.573,0.145,0.654,0.083,0.373,0.021,0.613,0.04,0.369,0.057,0.48,0.37,0.474
422,7.229147988357855,108.659,24.261,2.761,0.801,0.147,0.12,0.523,0.402,0.457,0.296,0.485,0.385,0.475,0.377,0.348,0.411
423,6.278189384787454,242.201,8.126,3.473,0.954,0.147,0.807,0.419,0.425,0.285,0.141,0.361,0.241,0.409,0.263,0.55,0.405
424,7.031517051446065,485.738,86.669,3.437,0.844,0.147,0.502,0.121,0.347,0.046,0.175,0.059,0.222,0.064,0.33,0.323,0.361
426,7.327902142064283,15.522,7.57,2.293,0.611,0.147,0.559,0.487,0.442,0.323,0.287,0.391,0.292,0.439,0.291,0.496,0.448
427,5.886056647693163,22.04,7.195,1.308,0.722,0.147,0.514,0.512,0.401,0.435,0.193,0.442,0.242,0.531,0.233,0.476,0.38
429,6.924453038607469,445.561,8.64,2.352,0.976,0.146,0.974,0.431,0.392,0.543,0.228,0.434,0.253,0.734,0.244,0.599,0.583
430,7.318758762624412,446.515,254.978,3.926,0.633,0.145,0.888,0.928,0.438,0.661,0.404,0.826,0.346,0.614,0.422,0.751,0.626
431,7.0655015487564325,189.755,10.528,2.181,0.937,0.144,0.28,0.539,0.389,0.398,0.163,0.422,0.264,0.455,0.207,0.403,0.327
432,8.397940008672037,24.462,6.826,1.981,0.735,0.144,0.587,0.397,0.444,0.422,0.184,0.364,0.24,0.467,0.295,0.476,0.423
433,7.017728766960431,14.087,9.631,2.453,0.538,0.144,0.539,0.499,0.432,0.327,0.21,0.394,0.253,0.281,0.241,0.49,0.409
434,5.726304412069908,21.261,5.809,1.643,0.74,0.145,0.626,0.477,0.414,0.345,0.118,0.417,0.203,0.472,0.229,0.506,0.353
435,6.424812155072339,101.569,7.921,3.336,0.9,0.143,0.212,0.515,0.377,0.377,0.259,0.412,0.306,0.413,0.333,0.368,0.282
437,6.5951662833800615,13.052,7.8,1.347,0.588,0.145,0.616,0.5,0.454,0.405,0.28,0.494,0.297,0.556,0.296,0.523,0.405
438,6.543633966870957,12.671,7.987,1.558,0.57,0.144,0.523,0.448,0.305,0.318,0.096,0.386,0.152,0.423,0.179,0.425,0.282
439,7.522878745280337,50.197,9.191,2.376,0.813,0.143,0.197,0.179,0.415,0.313,0.284,0.091,0.309,0.789,0.305,0.263,0.275
440,6.388276691992658,137.091,17.753,2.401,0.872,0.14,0.284,0.486,0.422,0.331,0.321,0.393,0.327,0.372,0.27,0.397,0.36
442,7.443697499232712,26.519,4.76,2.447,0.786,0.146,0.547,0.37,0.406,0.354,0.24,0.295,0.301,0.277,0.283,0.441,0.444
443,7.657577319177793,209.435,16.966,3.753,0.91,0.145,0.254,0.405,0.364,0.601,0.275,0.412,0.298,0.853,0.309,0.341,0.328
444,7.229147988357855,299.532,260.945,99.992,0.454,0.145,0.572,0.218,0.308,0.189,0.177,0.19,0.256,0.254,0.189,0.366,0.304
445,7.091514981121351,223.355,9.776,6.184,0.933,0.142,0.188,0.526,0.418,0.305,0.233,0.404,0.313,0.313,0.247,0.377,0.298
447,8.221848749616356,13.187,5.589,2.055,0.633,0.143,0.496,0.559,0.494,0.653,0.201,0.46,0.317,0.879,0.33,0.516,0.413
449,8.221848749616356,22.74,4.317,1.173,0.806,0.145,0.46,0.474,0.37,0.218,0.166,0.312,0.204,0.277,0.26,0.435,0.353
450,7.619788758288394,7.608,5.01,4.246,0.451,0.147,0.559,0.563,0.426,0.321,0.23,0.402,0.307,0.373,0.371,0.516,0.413
451,7.301029995663981,64.134,9.398,3.204,0.836,0.145,0.048,0.428,0.37,0.016,0.147,0.207,0.28,0.265,0.435,0.282,0.057
453,7.602059991327962,278.245,7.678,4.09,0.959,0.145,0.841,0.495,0.499,0.268,0.332,0.362,0.401,0.399,0.414,0.612,0.492
454,7.657577319177793,53.766,16.358,3.576,0.73,0.145,0.067,0.501,0.402,0.507,0.148,0.517,0.229,0.461,0.229,0.323,0.265
455,8.301029995663981,117.143,5.892,3.062,0.929,0.143,0.103,0.442,0.376,0.262,0.328,0.302,0.328,0.297,0.508,0.307,0.22
456,7.823908740944319,122.278,19.088,3.706,0.843,0.143,0.184,0.534,0.334,0.551,0.189,0.543,0.24,0.575,0.341,0.351,0.274
457,8.045757490560675,10.029,5.953,3.113,0.525,0.144,0.452,0.379,0.447,0.18,0.284,0.258,0.367,0.281,0.369,0.426,0.294
458,6.399027104313252,294.078,12.319,3.742,0.948,0.144,0.865,0.397,0.41,0.177,0.128,0.24,0.21,0.309,0.247,0.557,0.387
459,7.387216143280264,288.528,6.428,5.055,0.962,0.144,0.977,0.495,0.465,0.297,0.211,0.328,0.316,0.378,0.358,0.646,0.496
460,7.376750709602099,8.659,4.932,2.488,0.539,0.144,0.445,0.471,0.297,0.293,0.338,0.353,0.28,0.358,0.291,0.404,0.314
461,8.221848749616356,46.965,5.376,3.239,0.845,0.143,0.071,0.481,0.493,0.287,0.345,0.367,0.414,0.373,0.456,0.348,0.263
462,7.619788758288394,272.446,15.132,1.526,0.942,0.144,0.74,0.539,0.412,0.37,0.156,0.389,0.229,0.397,0.228,0.564,0.451
464,8.045757490560675,40.832,5.591,0.676,0.867,0.146,0.611,0.439,0.404,0.289,0.125,0.297,0.193,0.367,0.29,0.485,0.336
465,8.301029995663981,185.977,5.965,2.145,0.958,0.146,0.722,0.413,0.441,0.367,0.212,0.343,0.264,0.417,0.312,0.526,0.468
466,8.522878745280337,96.619,24.057,0.935,0.794,0.146,0.178,0.478,0.425,0.504,0.152,0.572,0.22,0.533,0.242,0.361,0.249
467,7.958607314841775,11.251,5.458,3.606,0.554,0.142,0.51,0.507,0.376,0.427,0.228,0.478,0.28,0.488,0.313,0.464,0.328
468,8.698970004336019,136.237,60.603,23.129,0.619,0.14,0.176,0.071,0.376,0.085,0.298,0.062,0.319,0.074,0.347,0.208,0.162
469,7.795880017344075,26.461,9.193,1.195,0.718,0.143,0.546,0.524,0.293,0.263,0.176,0.349,0.185,0.367,0.263,0.455,0.326
470,7.602059991327962,41.932,2.474,2.14,0.901,0.143,0.568,0.422,0.414,0.242,0.145,0.286,0.218,0.395,0.205,0.468,0.306
471,7.638272163982407,402.615,7.055,4.852,0.971,0.144,0.857,0.353,0.358,0.331,0.302,0.234,0.309,0.285,0.322,0.523,0.515
472,8.154901959985743,36.678,3.87,1.511,0.872,0.141,0.517,0.468,0.429,0.247,0.159,0.294,0.242,0.332,0.281,0.471,0.305
473,7.387216143280264,121.689,11.117,2.443,0.9,0.143,0.135,0.476,0.424,0.206,0.135,0.335,0.228,0.392,0.273,0.345,0.135
474,8.154901959985743,297.344,9.571,5.427,0.952,0.144,0.65,0.288,0.328,0.254,0.559,0.217,0.343,0.191,0.381,0.422,0.478
475,8.154901959985743,219.753,22.803,5.658,0.885,0.144,0.552,0.65,0.328,0.62,0.234,0.622,0.242,0.634,0.382,0.51,0.393
476,7.080921907623926,70.521,10.064,2.84,0.845,0.142,0.106,0.407,0.436,0.319,0.256,0.332,0.284,0.317,0.384,0.316,0.202
477,7.920818753952375,232.053,177.634,8.456,0.555,0.142,0.529,0.489,0.53,0.282,0.211,0.35,0.322,0.312,0.322,0.516,0.401
478,7.236572006437063,172.228,16.745,2.678,0.899,0.141,0.425,0.426,0.514,0.451,0.198,0.391,0.309,0.511,0.297,0.455,0.37
479,7.552841968657781,267.279,49.41,12.194,0.813,0.139,0.864,0.074,0.264,0.219,0.122,0.092,0.163,0.17,0.191,0.401,0.418
480,7.468521082957745,120.221,4.963,2.24,0.943,0.14,0.335,0.411,0.38,0.432,0.137,0.461,0.222,0.574,0.26,0.375,0.27
481,8.0,36.999,3.114,1.395,0.891,0.142,0.506,0.451,0.366,0.288,0.127,0.307,0.199,0.352,0.234,0.441,0.289
482,8.045757490560675,134.082,8.831,3.107,0.918,0.143,0.33,0.444,0.425,0.411,0.277,0.371,0.301,0.436,0.431,0.4,0.344
483,5.522878745280337,41.402,26.663,13.45,0.508,0.139,0.035,0.582,0.362,0.151,0.002,0.008,0.304,0.015,0.341,0.326,0.222
484,5.3979400086720375,241.483,7.979,4.296,0.952,0.142,0.869,0.417,0.334,0.301,0.149,0.349,0.204,0.392,0.22,0.54,0.448
485,5.221848749616356,170.697,6.791,3.584,0.943,0.143,0.371,0.327,0.285,0.197,0.11,0.224,0.154,0.25,0.17,0.328,0.226
486,5.3979400086720375,215.092,13.322,1.563,0.935,0.145,0.751,0.483,0.446,0.483,0.358,0.454,0.362,0.532,0.42,0.56,0.601
487,5.102372908709558,37.761,4.158,1.733,0.865,0.145,0.649,0.321,0.267,0.133,0.092,0.192,0.144,0.193,0.14,0.412,0.278
488,4.886056647693163,184.898,5.071,3.019,0.958,0.148,0.749,0.461,0.441,0.315,0.225,0.307,0.316,0.419,0.319,0.55,0.424
489,5.853871964321762,31.316,3.133,1.585,0.869,0.149,0.658,0.441,0.375,0.669,0.105,0.347,0.209,1.051,0.157,0.491,0.533
491,4.823908740944319,39.334,8.831,1.245,0.796,0.141,0.661,0.459,0.387,0.247,0.21,0.333,0.222,0.279,0.305,0.502,0.345
492,5.55129368009492,89.463,16.226,2.359,0.828,0.147,0.105,0.442,0.344,0.349,0.185,0.379,0.246,0.428,0.327,0.297,0.193
493,6.4089353929735005,19.247,3.379,2.108,0.778,0.146,0.455,0.426,0.505,0.264,0.458,0.268,0.403,0.4,0.419,0.462,0.439
495,5.931814138253839,24.79,5.844,1.693,0.767,0.147,0.595,0.332,0.411,0.216,0.117,0.288,0.197,0.342,0.25,0.446,0.3
497,5.583359492661719,218.129,8.433,1.527,0.956,0.146,0.506,0.454,0.419,0.339,0.164,0.399,0.227,0.449,0.324,0.46,0.405
498,5.866461091629782,363.714,8.848,3.184,0.968,0.147,0.752,0.59,0.388,0.431,0.331,0.49,0.319,0.481,0.358,0.577,0.558
499,5.7594507517174005,182.028,15.268,4.639,0.901,0.149,0.379,0.549,0.345,0.395,0.225,0.463,0.238,0.539,0.234,0.425,0.374
500,6.026872146400302,522.347,282.349,10.717,0.641,0.146,0.777,0.447,0.348,0.437,0.461,0.347,0.342,0.515,0.6,0.524,0.57
501,5.311580177997289,19.296,11.166,2.491,0.586,0.142,0.522,0.4,0.417,0.325,0.262,0.367,0.274,0.38,0.377,0.446,0.342
502,6.096910013008056,18.822,8.387,2.396,0.636,0.142,0.501,0.345,0.465,0.259,0.224,0.323,0.285,0.344,0.309,0.437,0.307
504,5.886056647693163,19.068,6.615,1.102,0.712,0.144,0.445,0.364,0.362,0.238,0.152,0.312,0.19,0.316,0.26,0.39,0.298
505,5.187086643357144,322.624,162.899,72.505,0.578,0.144,0.616,0.178,0.343,0.128,0.357,0.169,0.33,0.164,0.405,0.379,0.364
506,6.080921907623926,485.81,54.193,6.599,0.889,0.141,0.913,0.116,0.381,0.063,0.239,0.084,0.29,0.103,0.423,0.47,0.419
507,6.958607314841775,243.326,9.937,3.0,0.95,0.141,0.417,0.271,0.432,0.187,0.186,0.241,0.274,0.292,0.309,0.373,0.294
508,6.920818753952375,216.529,12.03,4.842,0.928,0.142,0.761,0.383,0.425,0.314,0.204,0.362,0.293,0.393,0.293,0.523,0.432
510,5.769551078621726,14.055,6.051,2.578,0.62,0.142,0.383,0.42,0.424,0.282,0.209,0.303,0.294,0.334,0.311,0.409,0.291
511,6.853871964321762,14.223,4.571,4.312,0.616,0.144,0.588,0.464,0.523,0.364,0.165,0.337,0.254,0.546,0.24,0.525,0.355
512,5.721246399047171,22.321,10.85,2.064,0.633,0.143,0.519,0.37,0.446,0.344,0.167,0.354,0.239,0.469,0.317,0.445,0.318
514,5.301029995663981,249.938,71.544,3.659,0.769,0.142,0.31,0.203,0.478,0.11,0.356,0.157,0.364,0.162,0.472,0.33,0.281
516,5.096910013008056,385.764,11.409,6.466,0.956,0.144,0.938,0.529,0.378,0.421,0.234,0.452,0.297,0.506,0.272,0.615,0.541
517,5.721246399047171,15.347,4.989,4.027,0.63,0.144,0.408,0.352,0.421,0.4,0.214,0.309,0.272,0.586,0.261,0.394,0.3
518,5.958607314841775,32.159,29.398,7.028,0.469,0.144,0.05,0.051,0.385,0.002,0.013,0.01,0.072,0.013,0.08,0.162,0.014
519,5.853871964321762,25.727,8.086,1.415,0.73,0.142,0.449,0.307,0.458,0.26,0.155,0.3,0.24,0.344,0.293,0.405,0.263
520,5.638272163982407,21.776,7.988,1.44,0.698,0.144,0.429,0.32,0.399,0.255,0.144,0.303,0.209,0.347,0.251,0.383,0.262
521,5.568636235841013,16.951,5.352,2.52,0.683,0.145,0.454,0.363,0.468,0.241,0.212,0.298,0.281,0.329,0.378,0.428,0.277
522,5.853871964321762,115.222,11.312,3.648,0.885,0.144,0.109,0.409,0.415,0.337,0.322,0.378,0.368,0.424,0.396,0.311,0.242
525,5.6777807052660805,15.888,8.545,1.334,0.617,0.146,0.544,0.491,0.388,0.251,0.189,0.336,0.209,0.247,0.32,0.474,0.431
526,6.3979400086720375,350.713,14.796,1.723,0.955,0.151,0.365,0.404,0.443,0.576,0.231,0.477,0.267,0.47,0.197,0.404,0.397
527,5.091514981121351,9.899,7.401,1.458,0.528,0.152,0.542,0.424,0.457,0.232,0.233,0.28,0.267,0.299,0.318,0.474,0.28
528,6.091514981121351,27.049,11.393,2.308,0.664,0.134,0.586,0.382,0.468,0.272,0.27,0.294,0.32,0.339,0.398,0.479,0.327
529,6.6020599913279625,184.416,10.675,2.951,0.931,0.138,0.423,0.434,0.367,0.259,0.314,0.319,0.291,0.345,0.311,0.408,0.35
530,5.853871964321762,23.428,7.706,1.718,0.713,0.139,0.663,0.363,0.438,0.239,0.217,0.269,0.26,0.293,0.294,0.488,0.313
531,6.522878745280337,242.495,7.563,3.28,0.957,0.143,0.872,0.435,0.472,0.273,0.379,0.29,0.367,0.429,0.295,0.593,0.544
532,6.6777807052660805,20.507,6.374,1.524,0.722,0.146,0.496,0.409,0.427,0.378,0.204,0.316,0.235,0.405,0.247,0.444,0.343
533,6.142667503568731,180.833,21.496,4.794,0.873,0.145,0.151,0.458,0.29,0.286,0.144,0.384,0.187,0.379,0.219,0.3,0.155
534,4.522878745280337,25.178,2.38,1.056,0.88,0.149,0.524,0.393,0.367,0.137,0.209,0.211,0.218,0.28,0.244,0.428,0.299
535,8.698970004336019,11.004,5.872,1.51,0.598,0.154,0.514,0.485,0.314,0.525,0.165,0.438,0.185,0.431,0.211,0.438,0.43
536,7.698970004336019,204.118,6.535,2.943,0.956,0.155,0.974,0.424,0.482,0.459,0.521,0.362,0.423,0.409,0.283,0.626,0.667
537,6.8297382846050425,200.852,7.705,3.085,0.949,0.151,0.862,0.377,0.463,0.249,0.224,0.284,0.313,0.281,0.341,0.567,0.415
538,6.272458742971444,18.02,5.665,1.271,0.722,0.149,0.596,0.533,0.351,0.445,0.119,0.472,0.175,0.495,0.175,0.493,0.332
539,6.943095148663527,124.854,19.948,1.663,0.852,0.153,0.219,0.474,0.38,0.672,0.083,0.519,0.169,0.519,0.159,0.358,0.308
542,8.045757490560675,10.185,6.995,1.62,0.542,0.151,0.463,0.514,0.495,0.244,0.27,0.315,0.307,0.277,0.341,0.491,0.415
543,8.698970004336019,9.046,5.415,2.245,0.541,0.149,0.504,0.487,0.447,0.498,0.132,0.483,0.22,0.421,0.215,0.479,0.412
544,6.640164517660112,8.126,6.329,2.288,0.485,0.153,0.63,0.488,0.42,0.417,0.201,0.465,0.241,0.489,0.343,0.513,0.507
545,6.6252516539898965,19.477,3.617,1.163,0.803,0.153,0.487,0.455,0.347,0.252,0.172,0.299,0.218,0.263,0.205,0.43,0.354
546,7.602059991327962,355.302,78.201,1.745,0.816,0.151,0.686,0.227,0.481,0.471,0.322,0.301,0.338,0.295,0.474,0.465,0.485
548,6.991399828238082,36.603,8.99,2.558,0.76,0.153,0.03,0.551,0.405,0.425,0.178,0.446,0.311,0.439,0.281,0.329,0.299
549,8.096910013008056,458.5,5.353,2.476,0.983,0.153,0.904,0.402,0.41,0.656,0.153,0.452,0.235,0.427,0.239,0.572,0.564
550,8.522878745280337,334.25,236.853,2.726,0.582,0.15,0.487,0.845,0.375,0.578,0.573,0.828,0.35,0.303,0.649,0.569,0.493
551,8.301029995663981,129.928,13.593,1.889,0.894,0.151,0.106,0.561,0.476,0.613,0.285,0.516,0.321,0.794,0.339,0.381,0.311
552,8.698970004336019,130.888,95.082,3.838,0.57,0.154,0.239,0.215,0.479,0.275,0.316,0.204,0.361,0.113,0.5,0.311,0.266
553,7.698970004336019,21.072,3.557,1.827,0.797,0.154,0.547,0.457,0.305,0.369,0.152,0.312,0.201,0.256,0.239,0.436,0.393
556,7.259637310505756,75.763,21.287,4.779,0.744,0.138,0.059,0.573,0.367,0.002,0.268,0.056,0.261,0.274,0.426,0.333,0.109
557,7.221848749616356,31.146,7.849,1.762,0.764,0.137,0.663,0.308,0.485,0.2,0.253,0.218,0.314,0.243,0.35,0.485,0.336
558,7.026872146400302,157.38,5.885,2.224,0.951,0.138,0.495,0.307,0.479,0.223,0.319,0.219,0.321,0.26,0.515,0.427,0.309
559,6.552841968657781,31.969,5.049,2.169,0.816,0.139,0.668,0.356,0.46,0.209,0.345,0.247,0.314,0.258,0.427,0.494,0.363
560,5.657577319177793,138.366,8.513,1.543,0.932,0.139,0.396,0.488,0.418,0.529,0.193,0.457,0.246,0.676,0.236,0.434,0.381
561,6.259637310505756,99.88,11.089,1.934,0.885,0.139,0.234,0.405,0.393,0.249,0.144,0.305,0.218,0.301,0.261,0.344,0.178
562,7.698970004336019,17.196,4.911,1.93,0.715,0.152,0.545,0.458,0.457,0.297,0.215,0.333,0.298,0.229,0.376,0.487,0.409
563,7.229147988357855,15.455,5.566,1.911,0.674,0.15,0.555,0.505,0.44,0.291,0.247,0.375,0.263,0.254,0.385,0.5,0.411
564,5.899998417198648,16.689,3.808,1.512,0.758,0.15,0.545,0.433,0.367,0.38,0.129,0.332,0.205,0.391,0.217,0.448,0.317
566,6.900008766455316,119.531,15.354,1.728,0.875,0.15,0.158,0.432,0.379,0.323,0.129,0.419,0.192,0.446,0.204,0.323,0.248
567,6.699991797446187,163.275,4.348,2.294,0.961,0.15,0.408,0.346,0.368,0.305,0.118,0.282,0.227,0.342,0.315,0.374,0.394
568,6.299997602857746,120.926,9.297,1.96,0.915,0.15,0.158,0.415,0.406,0.342,0.167,0.36,0.227,0.566,0.215,0.327,0.298
569,6.799998134593398,23.969,3.805,2.06,0.803,0.148,0.567,0.517,0.445,0.479,0.226,0.444,0.286,0.507,0.289,0.509,0.445
570,6.799998134593398,22.261,3.362,1.586,0.818,0.15,0.533,0.385,0.404,0.206,0.171,0.242,0.355,0.401,0.344,0.441,0.389
571,5.899998417198648,177.895,21.087,0.96,0.89,0.147,0.239,0.52,0.275,0.52,0.391,0.501,0.219,0.592,0.116,0.344,0.351
572,5.700000503883016,215.206,3.959,2.055,0.973,0.149,0.304,0.442,0.413,0.397,0.169,0.341,0.228,0.39,0.214,0.386,0.327
573,5.899998417198648,11.785,3.501,2.554,0.661,0.148,0.458,0.367,0.372,0.347,0.148,0.279,0.23,0.372,0.303,0.399,0.388
574,6.0999990348465305,10.869,7.05,2.669,0.528,0.147,0.484,0.379,0.42,0.242,0.207,0.27,0.284,0.332,0.319,0.428,0.359
575,6.0,16.519,2.8,2.167,0.769,0.15,0.489,0.426,0.364,0.443,0.164,0.334,0.222,0.285,0.266,0.426,0.431
576,6.0999990348465305,470.507,77.724,4.245,0.852,0.15,0.856,0.194,0.518,0.265,0.451,0.193,0.512,0.269,0.528,0.523,0.537
578,7.700057099977233,88.937,25.086,14.004,0.695,0.149,0.123,0.04,0.273,0.092,0.001,0.065,0.008,0.054,0.02,0.145,0.05
579,7.899974269892137,359.958,6.782,1.037,0.979,0.151,0.92,0.426,0.28,0.472,0.21,0.323,0.214,0.324,0.253,0.542,0.487
580,7.400007822415902,383.162,187.128,3.047,0.668,0.149,0.468,0.425,0.415,0.498,0.221,0.474,0.244,0.433,0.322,0.436,0.402
581,7.50003813440381,266.868,21.028,3.029,0.917,0.149,0.335,0.534,0.4,0.332,0.29,0.433,0.273,0.472,0.309,0.423,0.358
582,7.299988937677887,25.903,2.32,1.52,0.871,0.151,0.543,0.427,0.334,0.355,0.149,0.288,0.213,0.317,0.26,0.435,0.338
583,6.299997602857746,24.111,5.877,0.654,0.787,0.149,0.526,0.439,0.381,0.231,0.339,0.297,0.252,0.371,0.235,0.449,0.301
584,7.299988937677887,222.548,5.552,2.267,0.966,0.149,0.784,0.429,0.399,0.501,0.196,0.387,0.245,0.292,0.274,0.537,0.492
585,6.699991797446187,23.612,2.597,1.6,0.849,0.152,0.545,0.413,0.339,0.423,0.172,0.307,0.234,0.279,0.288,0.433,0.37
586,7.0,27.307,2.696,1.694,0.862,0.149,0.545,0.364,0.298,0.364,0.135,0.26,0.204,0.344,0.246,0.402,0.285
587,7.100015437450609,22.372,4.432,1.286,0.796,0.149,0.576,0.468,0.406,0.228,0.345,0.32,0.287,0.406,0.307,0.483,0.326
588,6.799998134593398,24.238,3.92,1.71,0.811,0.152,0.581,0.461,0.353,0.222,0.368,0.291,0.241,0.333,0.468,0.465,0.339
589,6.199998172182031,20.775,4.554,1.273,0.781,0.149,0.56,0.498,0.288,0.334,0.155,0.361,0.172,0.405,0.145,0.449,0.306
590,7.899974269892137,34.095,24.131,4.937,0.54,0.147,0.137,0.043,0.29,0.003,0.012,0.01,0.055,0.017,0.119,0.157,0.034
591,6.799998134593398,217.944,5.169,1.937,0.968,0.151,0.821,0.465,0.323,0.456,0.197,0.375,0.217,0.484,0.185,0.536,0.47
592,6.799998134593398,117.838,96.298,2.3,0.544,0.151,0.221,0.155,0.512,0.094,0.288,0.097,0.373,0.145,0.439,0.296,0.255
593,7.0,189.768,23.67,5.612,0.866,0.151,0.718,0.026,0.463,0.002,0.01,0.005,0.353,0.008,0.459,0.402,0.267
594,7.79997073344623,12.043,7.026,1.411,0.588,0.149,0.513,0.441,0.365,0.197,0.196,0.269,0.224,0.343,0.262,0.44,0.389
595,5.278189384787454,34.693,23.098,4.131,0.56,0.141,0.09,0.225,0.361,0.005,0.006,0.014,0.096,0.023,0.176,0.225,0.14
596,5.351639989019068,15.719,10.759,2.681,0.539,0.139,0.392,0.449,0.431,0.293,0.275,0.332,0.297,0.332,0.327,0.424,0.324
597,6.301029995663981,238.512,214.478,7.905,0.517,0.149,0.47,0.383,0.444,0.198,0.344,0.46,0.558,0.354,0.511,0.433,0.315
599,5.698970004336019,62.348,8.295,6.384,0.809,0.149,0.069,0.53,0.473,0.672,0.379,0.468,0.505,0.55,0.553,0.357,0.366
600,6.863279432843593,27.696,4.194,1.644,0.826,0.149,0.554,0.355,0.268,0.375,0.083,0.304,0.14,0.278,0.162,0.392,0.319
601,6.931814138253839,324.986,132.452,4.433,0.704,0.146,0.316,0.558,0.489,0.547,0.424,0.578,0.394,0.508,0.425,0.454,0.409
602,7.346787486224656,13.665,5.409,1.902,0.651,0.145,0.447,0.385,0.426,0.38,0.199,0.394,0.261,0.406,0.358,0.42,0.269
603,6.168770306132936,23.863,5.061,3.961,0.726,0.144,0.622,0.449,0.435,0.277,0.217,0.312,0.269,0.369,0.324,0.502,0.334
604,6.772113295386326,184.638,16.25,3.515,0.903,0.145,0.35,0.402,0.429,0.365,0.231,0.381,0.266,0.433,0.305,0.394,0.284
605,5.0,30.434,8.152,1.244,0.764,0.144,0.659,0.474,0.329,0.314,0.111,0.353,0.156,0.341,0.26,0.488,0.293
606,5.0,293.072,82.737,18.093,0.744,0.143,0.676,0.086,0.52,0.051,0.211,0.064,0.364,0.062,0.303,0.427,0.268
607,5.664542099310616,28.588,6.392,2.345,0.766,0.142,0.63,0.475,0.527,0.44,0.177,0.405,0.28,0.368,0.362,0.544,0.373
608,5.866461091629782,211.263,19.396,2.522,0.906,0.143,0.178,0.626,0.433,0.494,0.161,0.536,0.242,0.551,0.267,0.412,0.262
609,5.314258261397736,449.08,29.777,1.775,0.934,0.143,0.898,0.656,0.412,0.412,0.143,0.536,0.212,0.507,0.246,0.655,0.513
610,5.542118103266008,186.202,59.712,36.228,0.66,0.142,0.85,0.04,0.04,0.056,0.003,0.025,0.032,0.164,0.016,0.31,0.343
611,5.686132779630847,205.566,11.458,1.88,0.939,0.142,0.766,0.409,0.421,0.325,0.155,0.334,0.234,0.377,0.276,0.532,0.408
612,5.568636235841013,236.577,224.194,5.132,0.508,0.14,0.621,0.444,0.359,0.272,0.287,0.371,0.272,0.377,0.288,0.474,0.491
613,5.939302159646388,28.214,8.333,1.856,0.735,0.14,0.588,0.461,0.443,0.314,0.175,0.359,0.255,0.333,0.272,0.498,0.32
614,5.688246138944246,241.454,6.216,2.903,0.964,0.139,0.883,0.363,0.369,0.276,0.199,0.26,0.252,0.261,0.263,0.538,0.494
615,4.6020599913279625,196.655,30.545,9.787,0.83,0.138,0.55,0.039,0.165,0.04,0.003,0.033,0.014,0.036,0.03,0.251,0.173
616,5.809668301829708,438.639,93.854,10.058,0.808,0.142,0.538,0.248,0.374,0.308,0.331,0.246,0.358,0.18,0.376,0.387,0.37
617,5.787812395596042,193.689,6.599,1.633,0.959,0.144,0.883,0.472,0.404,0.438,0.152,0.399,0.22,0.425,0.254,0.586,0.502
618,7.455931955649724,204.101,10.738,2.01,0.941,0.141,0.774,0.322,0.433,0.163,0.16,0.201,0.25,0.206,0.272,0.51,0.398
619,5.97469413473523,258.601,32.886,12.988,0.849,0.142,0.965,0.019,0.419,0.149,0.001,0.006,0.096,0.007,0.347,0.467,0.384
620,6.148130399270234,19.72,3.319,1.456,0.805,0.156,0.569,0.532,0.455,0.344,0.15,0.343,0.244,0.453,0.281,0.519,0.337
621,7.183758700008217,8.445,5.654,1.744,0.533,0.155,0.627,0.519,0.484,0.414,0.096,0.508,0.203,0.611,0.248,0.543,0.436
622,7.302770657240282,149.845,8.422,1.492,0.938,0.155,0.336,0.433,0.472,0.495,0.259,0.45,0.278,0.475,0.273,0.414,0.339
623,7.767003889607846,212.521,5.396,2.34,0.965,0.153,0.505,0.508,0.533,0.801,0.183,0.528,0.277,0.749,0.357,0.515,0.466
624,6.665546248849069,8.053,3.564,2.804,0.558,0.152,0.531,0.656,0.401,0.761,0.109,0.672,0.208,0.61,0.22,0.529,0.439
625,6.623423042943488,230.194,6.196,2.654,0.963,0.149,0.749,0.449,0.315,0.359,0.158,0.382,0.208,0.38,0.222,0.504,0.405
626,6.860120913598763,10.502,3.714,1.935,0.65,0.155,0.441,0.42,0.368,0.737,0.348,0.491,0.273,0.479,0.406,0.41,0.494
627,7.546681659952962,28.233,2.453,1.843,0.868,0.152,0.529,0.507,0.297,0.571,0.069,0.442,0.138,0.39,0.12,0.444,0.471
628,7.265200170411153,15.87,5.276,2.498,0.671,0.153,0.661,0.506,0.456,0.725,0.099,0.504,0.199,0.5,0.216,0.541,0.53
629,7.5718652059712115,10.191,3.897,2.496,0.615,0.151,0.506,0.374,0.382,0.668,0.166,0.417,0.227,0.891,0.244,0.421,0.406
630,7.330683119433888,8.482,4.541,1.836,0.571,0.155,0.454,0.486,0.418,0.678,0.476,0.502,0.331,0.724,0.365,0.453,0.52
631,6.603800652904264,21.75,3.216,1.877,0.81,0.153,0.563,0.471,0.399,0.27,0.155,0.303,0.224,0.375,0.205,0.478,0.423
632,8.065501548756432,15.05,4.628,2.295,0.685,0.143,0.562,0.482,0.467,0.705,0.144,0.531,0.249,0.647,0.229,0.504,0.455
633,7.632644078973981,107.348,7.105,2.49,0.918,0.151,0.163,0.369,0.473,0.355,0.353,0.287,0.399,0.364,0.499,0.335,0.258
634,7.651695136951839,318.37,48.09,6.863,0.853,0.149,0.417,0.086,0.414,0.096,0.396,0.053,0.328,0.256,0.498,0.306,0.289
635,7.341035157335565,16.068,8.199,1.597,0.621,0.147,0.633,0.427,0.332,0.417,0.096,0.417,0.158,0.39,0.179,0.464,0.396
636,6.832682665251824,155.732,120.477,1.552,0.561,0.153,0.314,0.247,0.415,0.195,0.214,0.208,0.229,0.15,0.376,0.325,0.257
637,7.450996737974212,197.954,7.736,2.043,0.953,0.152,0.487,0.497,0.424,0.399,0.229,0.394,0.255,0.308,0.196,0.469,0.402
638,7.341988603342887,249.003,8.984,2.219,0.957,0.147,0.95,0.57,0.334,0.66,0.081,0.57,0.158,0.62,0.174,0.618,0.547
639,7.157390760389438,99.046,9.784,2.435,0.89,0.153,0.14,0.484,0.5,0.284,0.383,0.376,0.444,0.314,0.278,0.375,0.314
645,5.721246399047171,299.381,12.342,3.845,0.949,0.142,0.689,0.5,0.379,0.372,0.277,0.391,0.272,0.34,0.314,0.523,0.492
647,5.769551078621726,23.74,5.895,2.301,0.743,0.143,0.511,0.324,0.391,0.173,0.256,0.205,0.27,0.196,0.336,0.409,0.362
648,5.958607314841775,25.452,4.158,1.784,0.811,0.146,0.521,0.453,0.327,0.196,0.363,0.266,0.311,0.257,0.169,0.434,0.397
649,5.657577319177793,81.105,13.781,6.195,0.802,0.142,0.073,0.575,0.539,0.63,0.532,0.54,0.463,0.809,0.441,0.396,0.407
650,5.537602002101044,43.302,13.676,1.972,0.735,0.143,0.088,0.471,0.357,0.465,0.31,0.383,0.265,0.781,0.297,0.305,0.289
651,5.3872161432802645,18.066,5.258,4.125,0.658,0.142,0.555,0.468,0.407,0.578,0.221,0.386,0.309,0.579,0.267,0.477,0.484
652,5.1487416512809245,179.649,153.045,7.162,0.529,0.141,0.281,0.214,0.395,0.173,0.218,0.146,0.293,0.126,0.24,0.296,0.263
666,7.744727494896693,224.881,13.772,3.331,0.929,0.146,0.662,0.582,0.467,0.377,0.61,0.472,0.449,0.388,0.715,0.57,0.608
667,5.853871964321762,208.602,146.094,22.292,0.553,0.153,0.287,0.578,0.573,0.039,0.571,0.094,0.539,0.081,0.591,0.479,0.341
668,4.950781977329818,27.19,2.3,0.888,0.895,0.152,0.597,0.468,0.395,0.195,0.275,0.268,0.27,0.376,0.273,0.487,0.332
669,6.886056647693163,27.061,12.801,2.349,0.641,0.139,0.477,0.333,0.338,0.228,0.292,0.281,0.227,0.316,0.264,0.383,0.3
670,6.886056647693163,217.061,154.397,2.754,0.58,0.149,0.408,0.322,0.339,0.168,0.314,0.23,0.221,0.248,0.21,0.356,0.374
671,6.721246399047171,67.106,11.542,6.092,0.792,0.148,0.06,0.542,0.502,0.05,0.006,0.06,0.408,0.142,0.425,0.368,0.024
672,6.721246399047171,410.252,141.936,4.001,0.738,0.148,0.587,0.657,0.383,0.842,0.303,0.729,0.284,0.757,0.348,0.542,0.536
673,6.494850021680094,276.368,180.449,4.463,0.599,0.154,0.255,0.334,0.46,0.306,0.522,0.3,0.447,0.367,0.428,0.35,0.385
674,6.468521082957745,224.538,13.656,2.101,0.934,0.149,0.782,0.28,0.516,0.145,0.143,0.157,0.248,0.181,0.28,0.526,0.352
675,6.455931955649724,459.353,7.658,4.651,0.974,0.146,0.937,0.311,0.335,0.407,0.39,0.256,0.285,0.711,0.429,0.528,0.564
676,6.292429823902063,20.765,5.741,1.645,0.738,0.149,0.635,0.463,0.358,0.572,0.168,0.421,0.213,0.488,0.233,0.485,0.474
678,5.619788758288394,22.812,5.642,1.309,0.766,0.153,0.651,0.496,0.414,0.478,0.104,0.392,0.185,0.36,0.206,0.52,0.434
679,5.581698708680254,61.403,5.535,3.372,0.873,0.147,0.157,0.393,0.479,0.216,0.21,0.287,0.333,0.291,0.324,0.343,0.166
680,5.391473966422806,299.68,136.399,18.475,0.659,0.153,0.291,0.261,0.522,0.13,0.416,0.159,0.454,0.217,0.49,0.358,0.224
681,5.326979092871103,27.358,3.105,0.557,0.882,0.156,0.593,0.427,0.308,0.147,0.217,0.214,0.185,0.29,0.161,0.442,0.359
682,5.229147988357856,85.582,19.273,1.531,0.804,0.149,0.099,0.529,0.369,0.604,0.123,0.518,0.192,0.625,0.215,0.332,0.251
683,5.199282921717615,43.666,18.726,2.94,0.668,0.152,0.029,0.472,0.438,0.001,0.345,0.015,0.325,0.052,0.429,0.313,0.154
684,8.0,40.413,13.523,8.177,0.651,0.145,0.045,0.157,0.364,0.063,0.001,0.014,0.061,0.011,0.088,0.189,0.063
685,8.0,205.135,17.816,6.706,0.893,0.145,0.474,0.59,0.445,0.695,0.267,0.57,0.294,0.768,0.291,0.503,0.449
686,8.0,352.958,9.7,2.282,0.967,0.142,0.463,0.316,0.479,0.247,0.197,0.23,0.262,0.291,0.308,0.419,0.276
687,8.0,33.733,7.314,1.11,0.8,0.142,0.548,0.515,0.436,0.276,0.104,0.37,0.195,0.341,0.234,0.499,0.299
688,8.0,17.498,10.07,2.629,0.579,0.142,0.579,0.47,0.407,0.388,0.315,0.426,0.298,0.479,0.282,0.485,0.374
689,7.698970004336019,233.244,24.149,6.223,0.885,0.145,0.209,0.492,0.339,0.538,0.156,0.441,0.222,0.634,0.183,0.347,0.242
690,7.698970004336019,372.694,26.514,7.039,0.917,0.144,0.891,0.019,0.348,0.061,0.001,0.003,0.261,0.005,0.292,0.419,0.36
691,7.397940008672037,262.237,18.648,2.493,0.925,0.145,0.622,0.389,0.52,0.574,0.188,0.415,0.266,0.77,0.359,0.51,0.435
692,7.301029995663981,31.109,5.338,1.852,0.812,0.147,0.578,0.317,0.301,0.449,0.084,0.322,0.141,0.361,0.16,0.399,0.35
693,7.301029995663981,27.121,7.502,1.215,0.757,0.145,0.548,0.344,0.404,0.218,0.161,0.244,0.214,0.259,0.252,0.432,0.281
694,7.221848749616356,22.535,14.884,4.285,0.54,0.147,0.051,0.426,0.415,0.445,0.304,0.501,0.308,0.597,0.317,0.297,0.362
695,7.154901959985743,30.29,8.205,1.212,0.763,0.146,0.585,0.395,0.355,0.311,0.157,0.3,0.202,0.441,0.276,0.445,0.317
696,7.154901959985743,26.328,4.052,1.364,0.829,0.147,0.534,0.371,0.471,0.618,0.178,0.384,0.263,0.441,0.307,0.458,0.418
697,7.096910013008056,17.695,6.77,4.411,0.613,0.144,0.612,0.415,0.402,0.268,0.325,0.331,0.286,0.361,0.388,0.476,0.344
698,6.958607314841775,32.536,7.77,1.655,0.775,0.145,0.616,0.395,0.345,0.254,0.11,0.323,0.164,0.361,0.23,0.452,0.286
699,6.958607314841775,22.338,9.115,1.988,0.668,0.144,0.535,0.37,0.391,0.209,0.289,0.25,0.273,0.248,0.327,0.432,0.322
700,6.886056647693163,27.602,7.338,2.051,0.746,0.145,0.583,0.352,0.298,0.203,0.154,0.251,0.178,0.27,0.209,0.411,0.276
701,6.823908740944319,211.437,11.259,2.531,0.939,0.145,0.668,0.358,0.321,0.282,0.133,0.27,0.174,0.387,0.221,0.449,0.311
702,6.6020599913279625,189.585,60.95,15.227,0.713,0.141,0.157,0.104,0.451,0.056,0.366,0.061,0.412,0.064,0.382,0.237,0.201
703,6.292429823902063,115.867,20.341,2.436,0.836,0.142,0.309,0.489,0.382,0.425,0.163,0.412,0.21,0.496,0.304,0.393,0.252
704,6.187086643357144,32.039,7.159,0.889,0.799,0.145,0.538,0.385,0.415,0.449,0.134,0.338,0.208,0.571,0.24,0.446,0.349
705,6.142667503568731,182.729,26.093,1.393,0.869,0.141,0.362,0.5,0.377,0.382,0.09,0.397,0.172,0.442,0.206,0.413,0.271
706,6.055517327849832,29.342,7.22,1.265,0.776,0.147,0.661,0.402,0.41,0.24,0.107,0.299,0.19,0.315,0.204,0.491,0.341
707,9.0,103.451,9.308,7.677,0.859,0.139,0.211,0.371,0.398,0.555,0.287,0.368,0.327,0.678,0.246,0.327,0.313
708,8.698970004336019,159.087,88.784,55.727,0.524,0.139,0.381,0.176,0.047,0.334,0.046,0.191,0.028,0.312,0.142,0.201,0.237
709,8.096910013008056,26.709,9.527,2.079,0.697,0.142,0.596,0.407,0.359,0.37,0.206,0.382,0.226,0.415,0.259,0.454,0.374
710,8.096910013008056,296.884,13.399,1.954,0.951,0.14,0.883,0.537,0.354,0.431,0.161,0.455,0.203,0.433,0.254,0.591,0.488
711,8.221848749616356,35.203,8.402,1.89,0.774,0.14,0.539,0.302,0.426,0.505,0.238,0.296,0.265,0.755,0.309,0.422,0.381
712,8.070581074285707,268.31,16.598,5.839,0.923,0.142,0.307,0.343,0.344,0.244,0.242,0.262,0.283,0.344,0.278,0.331,0.271
713,7.903089986991944,35.424,8.446,2.013,0.772,0.141,0.532,0.296,0.421,0.505,0.199,0.288,0.253,0.828,0.282,0.416,0.364
714,7.886056647693163,175.465,9.676,8.436,0.906,0.142,0.228,0.495,0.458,0.465,0.197,0.424,0.304,0.554,0.212,0.394,0.272
715,7.769551078621726,348.281,10.319,4.426,0.959,0.144,0.714,0.396,0.266,0.495,0.238,0.347,0.196,0.746,0.199,0.458,0.446
716,7.744727494896693,144.468,39.986,8.618,0.748,0.141,0.282,0.056,0.323,0.008,0.041,0.016,0.174,0.025,0.143,0.221,0.113
717,7.744727494896693,607.246,154.234,4.586,0.793,0.139,0.756,0.214,0.422,0.157,0.627,0.184,0.393,0.187,0.778,0.464,0.519
718,7.638272163982407,34.794,7.913,2.183,0.775,0.142,0.58,0.334,0.351,0.494,0.136,0.325,0.181,0.563,0.225,0.421,0.372
719,7.585026652029182,185.563,23.44,9.958,0.847,0.141,0.134,0.422,0.371,0.487,0.256,0.369,0.315,0.565,0.319,0.309,0.263
721,7.508638306165727,16.572,8.51,3.11,0.588,0.145,0.628,0.433,0.37,0.396,0.253,0.382,0.259,0.327,0.276,0.477,0.434
724,7.346787486224656,136.344,13.96,8.973,0.856,0.141,0.268,0.441,0.492,0.367,0.427,0.346,0.425,0.445,0.412,0.4,0.328
725,7.2839966563652,262.574,217.972,3.772,0.542,0.14,0.447,0.871,0.248,0.304,0.316,0.493,0.219,0.285,0.619,0.522,0.472
726,7.251811972993799,282.704,25.58,1.083,0.914,0.145,0.935,0.495,0.344,0.589,0.102,0.442,0.156,0.696,0.159,0.591,0.54
727,7.200659450546418,241.527,15.023,1.72,0.935,0.141,0.931,0.503,0.387,0.407,0.487,0.445,0.324,0.421,0.509,0.607,0.596
728,6.920818753952375,380.795,24.693,6.342,0.925,0.145,0.975,0.598,0.434,0.497,0.291,0.484,0.359,0.56,0.339,0.669,0.592
729,6.795880017344075,436.184,19.207,6.303,0.945,0.142,0.898,0.622,0.447,0.615,0.315,0.542,0.363,0.634,0.286,0.655,0.637
730,6.480172006224281,31.433,16.309,1.538,0.638,0.145,0.232,0.094,0.346,0.467,0.298,0.081,0.216,0.699,0.481,0.224,0.318
731,6.3872161432802645,165.08,22.676,4.025,0.861,0.141,0.33,0.533,0.369,0.35,0.326,0.41,0.303,0.381,0.352,0.411,0.397
732,6.2644011003018205,362.754,17.681,6.939,0.936,0.145,0.441,0.536,0.474,0.507,0.434,0.458,0.418,0.579,0.271,0.484,0.47
733,6.110698297493689,385.315,158.123,7.537,0.699,0.143,0.861,0.258,0.349,0.156,0.451,0.179,0.329,0.223,0.502,0.489,0.532
734,9.0,59.105,18.559,2.265,0.739,0.143,0.087,0.483,0.274,0.312,0.269,0.37,0.202,0.281,0.433,0.282,0.275
735,9.0,131.655,11.201,3.118,0.902,0.142,0.425,0.457,0.384,0.567,0.223,0.405,0.274,0.816,0.236,0.422,0.397
736,8.698970004336019,39.058,13.91,7.979,0.641,0.141,0.348,0.027,0.256,0.469,0.001,0.263,0.004,0.722,0.005,0.21,0.286
737,8.522878745280337,441.913,14.29,5.567,0.957,0.142,0.801,0.419,0.29,0.52,0.398,0.396,0.28,0.716,0.459,0.503,0.568
739,8.154901959985743,21.822,5.051,2.222,0.75,0.147,0.522,0.325,0.377,0.34,0.184,0.297,0.23,0.46,0.213,0.408,0.383
740,8.0,13.49,11.859,3.19,0.473,0.142,0.393,0.457,0.417,0.219,0.348,0.291,0.325,0.241,0.314,0.422,0.375
741,8.045757490560675,23.452,7.658,2.76,0.692,0.145,0.532,0.324,0.383,0.204,0.316,0.226,0.287,0.233,0.286,0.413,0.378
742,7.853871964321762,32.361,4.942,1.867,0.826,0.146,0.618,0.424,0.283,0.446,0.104,0.387,0.147,0.474,0.164,0.442,0.385
743,7.838631997765025,19.468,7.338,2.287,0.669,0.145,0.481,0.309,0.388,0.191,0.14,0.23,0.21,0.21,0.193,0.393,0.304
744,7.744727494896693,115.5,21.28,4.819,0.816,0.141,0.204,0.492,0.365,0.292,0.092,0.33,0.243,0.295,0.154,0.354,0.224
746,7.259637310505756,197.795,47.4,5.032,0.79,0.148,0.18,0.056,0.46,0.21,0.432,0.051,0.384,0.276,0.406,0.232,0.244
747,7.229147988357855,22.367,4.495,2.297,0.767,0.148,0.545,0.414,0.542,0.313,0.33,0.31,0.375,0.314,0.49,0.5,0.426
748,7.167491087293763,158.098,96.862,4.33,0.61,0.147,0.116,0.142,0.309,0.077,0.227,0.087,0.24,0.114,0.158,0.189,0.13
750,7.207608310501746,29.248,8.829,6.135,0.662,0.147,0.032,0.485,0.427,0.01,0.002,0.272,0.058,0.843,0.053,0.315,0.183
751,6.853871964321762,53.572,18.185,7.793,0.673,0.144,0.072,0.605,0.343,0.005,0.131,0.084,0.234,0.061,0.206,0.34,0.085
753,6.638272163982407,124.81,10.04,3.988,0.899,0.145,0.261,0.415,0.406,0.46,0.363,0.36,0.336,0.705,0.319,0.36,0.337
754,6.468521082957745,24.924,7.002,2.114,0.732,0.145,0.552,0.349,0.471,0.503,0.223,0.321,0.267,0.786,0.307,0.457,0.389
756,6.337242168318426,221.792,25.537,2.534,0.888,0.146,0.334,0.48,0.28,0.611,0.21,0.468,0.228,0.758,0.254,0.365,0.347
757,6.318758762624412,342.619,6.319,1.758,0.977,0.147,0.815,0.396,0.472,0.526,0.236,0.356,0.279,0.848,0.254,0.561,0.552
758,6.130768280269024,113.127,7.593,1.91,0.923,0.144,0.359,0.328,0.372,0.256,0.116,0.254,0.187,0.327,0.24,0.353,0.225
759,6.031517051446065,278.068,180.853,2.637,0.602,0.147,0.274,0.697,0.436,0.794,0.37,0.781,0.297,0.555,0.645,0.469,0.446
760,5.920818753952375,438.744,22.32,3.49,0.944,0.144,0.946,0.341,0.385,0.24,0.472,0.257,0.337,0.213,0.474,0.557,0.562
761,5.886056647693163,389.253,104.886,2.759,0.783,0.147,0.645,0.275,0.337,0.182,0.172,0.19,0.209,0.164,0.221,0.419,0.294
762,5.728158393463501,186.778,38.766,2.054,0.821,0.142,0.693,0.047,0.406,0.195,0.155,0.045,0.212,0.699,0.231,0.382,0.326
763,5.645891560852599,234.394,46.542,5.079,0.82,0.145,0.681,0.076,0.219,0.136,0.419,0.072,0.203,0.049,0.032,0.325,0.452
764,5.533132379645891,342.935,25.664,6.913,0.913,0.144,0.858,0.621,0.463,0.549,0.243,0.564,0.317,0.622,0.33,0.647,0.534
765,8.154901959985743,30.625,5.201,1.98,0.81,0.144,0.529,0.366,0.375,0.243,0.261,0.27,0.239,0.352,0.276,0.423,0.311
766,8.022276394711152,175.364,23.153,3.753,0.867,0.139,0.469,0.421,0.381,0.345,0.137,0.347,0.223,0.429,0.266,0.424,0.281
767,8.022276394711152,19.886,9.63,2.025,0.63,0.144,0.544,0.431,0.251,0.206,0.171,0.292,0.163,0.239,0.249,0.409,0.281
768,7.920818753952375,205.785,10.71,6.797,0.922,0.14,0.639,0.351,0.483,0.255,0.189,0.225,0.381,0.286,0.357,0.491,0.306
769,7.795880017344075,295.965,15.654,8.69,0.924,0.138,0.645,0.018,0.366,0.309,0.001,0.16,0.004,0.027,0.017,0.343,0.36
770,7.8696662315049934,192.041,24.591,0.937,0.883,0.142,0.351,0.533,0.333,0.587,0.119,0.499,0.154,0.74,0.199,0.406,0.306
771,7.903089986991944,35.356,15.426,4.604,0.638,0.143,0.051,0.449,0.386,0.056,0.419,0.296,0.349,0.317,0.424,0.296,0.164
772,7.522878745280337,288.708,6.689,5.716,0.959,0.146,0.712,0.421,0.342,0.397,0.156,0.354,0.198,0.415,0.193,0.492,0.479
773,7.0,33.925,6.155,1.914,0.808,0.145,0.613,0.389,0.298,0.271,0.095,0.302,0.143,0.335,0.204,0.433,0.284
774,6.920818753952375,22.602,5.943,3.118,0.714,0.145,0.626,0.492,0.414,0.336,0.285,0.355,0.292,0.445,0.325,0.511,0.366
775,6.6020599913279625,89.886,11.458,2.65,0.864,0.146,0.159,0.533,0.345,0.62,0.229,0.509,0.217,0.513,0.357,0.346,0.308
776,6.327902142064283,82.049,9.371,4.301,0.857,0.145,0.141,0.591,0.423,0.46,0.262,0.543,0.268,0.55,0.384,0.385,0.265
777,6.180456064458132,14.323,6.232,2.475,0.622,0.145,0.41,0.375,0.424,0.358,0.252,0.314,0.274,0.289,0.315,0.403,0.304
778,6.091514981121351,383.716,78.346,12.546,0.808,0.146,0.871,0.153,0.351,0.074,0.301,0.083,0.307,0.109,0.331,0.458,0.404
779,5.85078088734462,151.58,23.89,2.529,0.852,0.146,0.297,0.452,0.397,0.271,0.144,0.323,0.209,0.365,0.29,0.382,0.206
780,5.481486060122113,49.893,8.018,2.799,0.822,0.146,0.122,0.402,0.343,0.214,0.356,0.265,0.29,0.304,0.238,0.289,0.24
781,5.246416941107094,14.315,7.859,3.147,0.565,0.145,0.447,0.403,0.502,0.3,0.315,0.304,0.361,0.317,0.374,0.451,0.295
782,5.196542884351586,45.821,8.059,2.012,0.82,0.148,0.12,0.496,0.344,0.298,0.628,0.362,0.348,0.415,0.446,0.32,0.363
785,7.154901959985743,150.231,13.388,4.358,0.894,0.147,0.27,0.416,0.434,0.515,0.247,0.431,0.306,0.468,0.372,0.374,0.317
786,5.494850021680094,20.926,7.621,1.841,0.689,0.147,0.561,0.354,0.359,0.243,0.096,0.265,0.175,0.301,0.206,0.425,0.236
789,7.853871964321762,294.928,217.713,4.013,0.571,0.144,0.804,0.771,0.412,0.583,0.426,0.765,0.362,0.436,0.558,0.662,0.58
790,8.309803919971486,66.785,16.913,9.527,0.716,0.144,0.078,0.438,0.489,0.664,0.249,0.441,0.358,0.849,0.292,0.335,0.311
791,6.769551078621726,17.013,9.159,1.417,0.617,0.146,0.424,0.452,0.338,0.49,0.222,0.457,0.221,0.384,0.206,0.404,0.428
792,7.5376020021010435,18.793,6.869,1.713,0.687,0.146,0.494,0.483,0.377,0.323,0.196,0.341,0.231,0.304,0.194,0.452,0.395
793,6.3979400086720375,57.891,9.417,8.835,0.76,0.147,0.086,0.46,0.444,0.577,0.228,0.361,0.314,0.735,0.232,0.33,0.325
794,7.275724130399211,236.373,7.473,6.893,0.943,0.146,0.953,0.345,0.462,0.385,0.27,0.316,0.295,0.417,0.2,0.587,0.532
795,7.958607314841775,94.59,6.437,2.066,0.918,0.144,0.187,0.404,0.382,0.213,0.249,0.3,0.244,0.259,0.297,0.325,0.235
796,5.221848749616356,17.034,8.098,1.236,0.646,0.146,0.484,0.411,0.357,0.312,0.116,0.349,0.18,0.414,0.26,0.417,0.282
797,6.657577319177793,14.949,9.094,1.467,0.586,0.146,0.5,0.523,0.345,0.339,0.246,0.379,0.235,0.277,0.236,0.456,0.432
798,8.244125144327509,17.425,11.436,1.676,0.571,0.146,0.502,0.464,0.437,0.273,0.276,0.319,0.289,0.269,0.369,0.468,0.413
799,7.119186407719209,165.604,10.657,5.078,0.913,0.143,0.185,0.389,0.411,0.49,0.293,0.411,0.311,0.719,0.303,0.328,0.324
800,5.795880017344075,95.115,27.339,2.972,0.758,0.15,0.078,0.033,0.349,0.004,0.045,0.009,0.193,0.014,0.203,0.153,0.026
801,6.0,28.604,2.19,1.11,0.897,0.15,0.504,0.436,0.403,0.188,0.271,0.249,0.255,0.329,0.326,0.448,0.432
802,7.602059991327962,103.206,8.137,1.869,0.912,0.147,0.126,0.559,0.456,0.602,0.272,0.541,0.277,0.586,0.323,0.38,0.31
803,6.494850021680094,215.547,7.738,3.926,0.949,0.147,0.312,0.347,0.356,0.292,0.4,0.263,0.354,0.343,0.38,0.338,0.293
804,5.6020599913279625,465.684,12.725,2.141,0.969,0.147,0.978,0.568,0.475,0.592,0.158,0.562,0.245,0.63,0.266,0.674,0.58
805,6.301029995663981,14.549,7.251,1.405,0.627,0.146,0.578,0.471,0.401,0.518,0.109,0.48,0.184,0.581,0.225,0.483,0.448
806,5.698970004336019,163.85,80.906,2.757,0.662,0.146,0.233,0.067,0.394,0.078,0.361,0.064,0.309,0.037,0.411,0.232,0.206
807,8.0,51.797,18.287,0.726,0.731,0.148,0.173,0.195,0.356,0.002,0.114,0.017,0.17,0.018,0.249,0.241,0.154
808,6.096910013008056,199.02,15.5,4.023,0.911,0.146,0.42,0.458,0.462,0.529,0.191,0.461,0.281,0.794,0.302,0.447,0.365
810,6.096910013008056,27.135,3.133,1.826,0.845,0.153,0.548,0.451,0.408,0.143,0.189,0.236,0.246,0.216,0.254,0.469,0.292
811,6.522878745280337,166.779,19.98,2.558,0.881,0.148,0.279,0.454,0.369,0.548,0.099,0.488,0.179,0.526,0.193,0.368,0.274
812,7.602059991327962,192.523,11.736,2.281,0.932,0.147,0.242,0.494,0.438,0.286,0.325,0.36,0.333,0.331,0.444,0.391,0.224
813,6.799998134593398,242.626,19.323,6.751,0.903,0.142,0.502,0.419,0.421,0.638,0.155,0.429,0.253,0.975,0.215,0.447,0.392
814,8.700057099977233,236.641,21.57,11.249,0.878,0.142,0.188,0.047,0.436,0.324,0.004,0.084,0.024,0.076,0.044,0.223,0.245
815,6.900008766455316,405.511,142.672,101.008,0.625,0.14,0.565,0.353,0.177,0.508,0.034,0.433,0.044,0.362,0.053,0.365,0.356
816,7.79997073344623,22.701,6.488,1.851,0.731,0.137,0.518,0.446,0.365,0.203,0.299,0.274,0.258,0.381,0.29,0.443,0.368
817,7.199970640755866,22.208,5.984,1.683,0.743,0.144,0.439,0.319,0.362,0.214,0.226,0.222,0.233,0.244,0.283,0.373,0.299
818,6.499996931948306,20.964,6.532,1.893,0.713,0.142,0.491,0.447,0.442,0.24,0.206,0.287,0.287,0.364,0.274,0.46,0.324
819,6.399996913372259,152.753,11.627,1.854,0.919,0.144,0.41,0.426,0.415,0.21,0.374,0.282,0.311,0.322,0.364,0.417,0.332
820,6.299997602857746,237.924,6.871,4.059,0.956,0.142,0.87,0.396,0.36,0.496,0.202,0.365,0.228,0.372,0.303,0.542,0.519
821,6.499996931948306,18.802,7.211,2.174,0.667,0.144,0.469,0.391,0.359,0.264,0.185,0.287,0.267,0.308,0.253,0.406,0.333
822,7.100015437450609,20.435,5.117,1.657,0.751,0.142,0.442,0.336,0.411,0.099,0.353,0.18,0.311,0.192,0.268,0.396,0.362
823,6.399996913372259,471.761,25.504,8.754,0.932,0.14,0.76,0.053,0.18,0.041,0.01,0.039,0.026,0.056,0.04,0.331,0.225
824,6.299997602857746,119.569,24.6,10.534,0.773,0.141,0.151,0.056,0.227,0.153,0.003,0.071,0.017,0.079,0.029,0.145,0.151
825,6.0999990348465305,19.306,4.602,2.193,0.74,0.142,0.444,0.406,0.445,0.179,0.305,0.236,0.317,0.227,0.307,0.432,0.368
826,6.299997602857746,20.019,6.288,1.824,0.712,0.142,0.475,0.395,0.506,0.209,0.289,0.249,0.319,0.296,0.338,0.459,0.36
827,5.700000503883016,99.857,60.029,4.509,0.607,0.141,0.134,0.118,0.411,0.046,0.188,0.072,0.28,0.064,0.277,0.221,0.154
829,7.700057099977233,278.421,6.543,3.697,0.965,0.141,0.812,0.46,0.385,0.539,0.142,0.421,0.233,0.547,0.248,0.552,0.505
830,7.0,10.796,5.887,3.987,0.522,0.142,0.486,0.464,0.465,0.654,0.114,0.453,0.274,0.356,0.235,0.472,0.435
833,6.0,210.18,7.211,3.341,0.952,0.141,0.465,0.437,0.463,0.582,0.225,0.42,0.346,0.348,0.277,0.455,0.425
834,6.0999990348465305,289.725,21.386,3.624,0.921,0.141,0.956,0.465,0.391,0.381,0.144,0.413,0.225,0.564,0.22,0.604,0.532
835,5.899998417198648,163.048,17.447,2.452,0.891,0.142,0.219,0.415,0.354,0.495,0.279,0.419,0.24,0.505,0.32,0.329,0.299
836,5.499999678657065,26.148,11.803,6.491,0.588,0.141,0.023,0.434,0.547,0.015,0.005,0.321,0.132,0.319,0.235,0.334,0.028
837,6.299997602857746,119.645,10.945,1.777,0.904,0.141,0.179,0.467,0.464,0.36,0.288,0.462,0.326,0.636,0.33,0.37,0.296
838,6.900008766455316,130.847,14.397,2.058,0.888,0.141,0.186,0.473,0.431,0.263,0.277,0.361,0.297,0.445,0.295,0.363,0.331
839,5.700000503883016,223.799,7.316,1.679,0.961,0.141,0.7,0.333,0.377,0.092,0.218,0.17,0.266,0.201,0.274,0.47,0.342
840,8.199970640755867,20.462,6.114,4.066,0.668,0.14,0.503,0.369,0.492,0.278,0.153,0.282,0.302,0.374,0.216,0.455,0.362
841,7.400007822415902,476.981,28.478,2.93,0.938,0.139,0.953,0.077,0.291,0.023,0.093,0.038,0.133,0.044,0.164,0.44,0.35
842,7.50003813440381,17.289,7.697,1.958,0.642,0.14,0.439,0.418,0.398,0.23,0.331,0.277,0.3,0.268,0.37,0.419,0.295
843,7.400007822415902,260.222,11.155,4.076,0.945,0.139,0.947,0.413,0.359,0.42,0.122,0.392,0.212,0.527,0.213,0.573,0.501
844,7.901563954659637,11.988,9.944,2.966,0.481,0.141,0.479,0.407,0.471,0.23,0.139,0.309,0.276,0.305,0.225,0.452,0.316
845,8.259821595743166,23.28,10.502,6.31,0.581,0.141,0.035,0.453,0.431,0.224,0.185,0.311,0.274,0.317,0.07,0.306,0.166
846,6.958607314841775,187.893,5.547,2.614,0.958,0.149,0.477,0.503,0.371,0.266,0.178,0.334,0.208,0.285,0.236,0.45,0.382
847,6.920818753952375,26.441,4.437,1.766,0.81,0.145,0.511,0.453,0.415,0.343,0.232,0.34,0.261,0.354,0.273,0.46,0.356
848,6.522878745280337,29.556,5.454,1.417,0.811,0.146,0.527,0.365,0.417,0.207,0.193,0.242,0.245,0.228,0.234,0.436,0.326
849,6.236572006437063,20.837,6.166,2.615,0.704,0.145,0.498,0.382,0.409,0.23,0.279,0.254,0.303,0.302,0.279,0.43,0.417
850,6.096910013008056,236.162,55.413,10.977,0.781,0.145,0.341,0.235,0.411,0.324,0.259,0.313,0.351,0.28,0.389,0.329,0.455
851,5.853871964321762,175.273,8.901,1.577,0.944,0.144,0.48,0.398,0.383,0.259,0.305,0.306,0.271,0.341,0.275,0.42,0.321
852,5.853871964321762,254.577,6.055,3.387,0.964,0.142,0.361,0.367,0.427,0.192,0.277,0.242,0.319,0.258,0.341,0.385,0.266
853,5.3872161432802645,21.954,6.472,1.499,0.734,0.146,0.588,0.458,0.431,0.288,0.219,0.336,0.271,0.357,0.332,0.492,0.336
854,5.318758762624412,19.133,5.341,2.426,0.711,0.145,0.548,0.436,0.466,0.283,0.231,0.339,0.297,0.375,0.301,0.484,0.335
855,4.826813731587726,8.152,6.881,2.108,0.476,0.15,0.482,0.366,0.388,0.26,0.131,0.333,0.205,0.291,0.227,0.412,0.248
856,5.173925197299173,444.687,73.342,6.432,0.848,0.147,0.925,0.145,0.542,0.2,0.236,0.119,0.361,0.186,0.317,0.537,0.442
857,5.008773924307505,237.656,15.569,1.415,0.933,0.146,0.906,0.6,0.431,0.542,0.166,0.578,0.223,0.521,0.326,0.646,0.586
858,5.267606240177032,254.613,34.512,16.135,0.834,0.146,0.799,0.153,0.072,0.139,0.002,0.178,0.008,0.175,0.013,0.341,0.361
859,5.886056647693163,143.14,9.012,2.975,0.923,0.146,0.191,0.48,0.364,0.428,0.411,0.41,0.322,0.399,0.366,0.345,0.326
860,5.698970004336019,9.825,6.527,3.337,0.499,0.142,0.381,0.437,0.504,0.355,0.362,0.347,0.47,0.394,0.483,0.441,0.361
861,6.045757490560675,13.832,5.459,2.644,0.631,0.145,0.507,0.348,0.503,0.243,0.324,0.302,0.336,0.325,0.457,0.453,0.302
862,5.920818753952375,14.171,8.928,1.933,0.566,0.141,0.545,0.576,0.373,0.361,0.229,0.488,0.24,0.426,0.347,0.498,0.301
863,6.154901959985743,182.545,79.057,2.061,0.692,0.14,0.446,0.205,0.449,0.039,0.209,0.08,0.273,0.087,0.322,0.366,0.195
864,7.0,14.011,5.517,2.294,0.642,0.146,0.51,0.324,0.467,0.547,0.209,0.369,0.266,0.426,0.311,0.434,0.343
865,7.67778070526608,35.06,2.977,1.426,0.888,0.144,0.507,0.42,0.377,0.298,0.081,0.31,0.163,0.334,0.164,0.435,0.346
867,5.494850021680094,233.294,161.336,83.726,0.488,0.14,0.705,0.157,0.199,0.092,0.291,0.09,0.236,0.204,0.222,0.354,0.358
868,4.6020599913279625,654.497,39.884,3.524,0.938,0.146,0.95,0.073,0.468,0.033,0.198,0.049,0.294,0.036,0.328,0.497,0.401
