mol_id,PKI,0,1,2,3,5,8,9,10,20,21,32,75,76,100,101
1,9.154901959985745,9.793,2.417,1.708,0.704,0.156,0.493,0.487,0.443,0.264,0.238,0.282,0.36,0.219,0.475,0.355
2,9.30102999566398,7.286,3.114,2.133,0.581,0.158,0.499,0.531,0.447,0.398,0.146,0.238,0.464,0.203,0.493,0.382
3,6.214670164989233,290.953,114.019,1.764,0.715,0.151,0.39,0.428,0.378,0.435,0.147,0.21,0.332,0.319,0.398,0.313
4,7.920818753952375,167.145,6.414,2.451,0.95,0.151,0.319,0.383,0.391,0.289,0.233,0.276,0.35,0.421,0.364,0.303
6,7.823908740944319,12.536,2.439,1.849,0.745,0.156,0.542,0.417,0.356,0.272,0.126,0.198,0.45,0.205,0.438,0.324
7,7.207608310501746,345.173,243.004,2.62,0.584,0.158,0.558,0.572,0.538,0.695,0.308,0.396,0.963,0.439,0.556,0.595
8,8.619788758288394,13.823,2.765,1.311,0.772,0.154,0.503,0.427,0.313,0.251,0.106,0.168,0.423,0.17,0.414,0.312
9,7.341988603342887,7.556,2.985,0.572,0.68,0.165,0.587,0.478,0.281,0.303,0.035,0.096,0.501,0.101,0.448,0.292
10,8.698970004336019,14.574,2.46,0.805,0.817,0.155,0.465,0.422,0.304,0.275,0.058,0.122,0.446,0.117,0.397,0.308
12,7.744727494896693,14.246,2.95,1.456,0.764,0.154,0.521,0.411,0.348,0.21,0.157,0.203,0.351,0.183,0.427,0.313
13,7.552841968657781,47.279,24.627,2.242,0.638,0.153,0.054,0.069,0.456,0.003,0.256,0.313,0.038,0.364,0.193,0.099
14,8.017728766960431,272.851,135.823,9.252,0.653,0.153,0.977,0.264,0.439,0.181,0.439,0.387,0.306,0.406,0.56,0.559
15,8.920818753952375,206.85,114.262,36.202,0.579,0.159,0.447,0.233,0.04,0.279,0.001,0.007,0.487,0.014,0.24,0.243
16,7.301029995663981,10.348,2.612,0.805,0.752,0.159,0.516,0.425,0.302,0.287,0.05,0.118,0.498,0.123,0.414,0.275
17,8.537602002101044,176.464,6.163,0.979,0.961,0.159,0.219,0.433,0.298,0.505,0.073,0.127,0.591,0.142,0.316,0.271
19,7.494850021680094,29.562,5.455,1.071,0.819,0.153,0.086,0.201,0.359,0.012,0.031,0.142,0.092,0.152,0.215,0.032
20,7.657577319177793,19.744,16.403,2.348,0.513,0.147,0.023,0.548,0.47,0.001,0.037,0.28,0.012,0.342,0.347,0.236
21,7.958607314841775,166.193,12.844,2.066,0.918,0.149,0.146,0.47,0.452,0.463,0.209,0.286,0.537,0.405,0.356,0.302
22,7.017728766960431,221.246,3.167,1.06,0.981,0.162,0.66,0.496,0.324,0.307,0.076,0.148,0.469,0.142,0.493,0.455
23,8.080921907623926,94.132,5.38,3.988,0.909,0.153,0.139,0.328,0.367,0.382,0.377,0.377,0.471,0.461,0.278,0.284
24,8.769551078621726,128.711,9.643,1.216,0.922,0.156,0.197,0.447,0.39,0.502,0.103,0.181,0.491,0.223,0.345,0.278
25,7.481486060122112,363.251,8.975,0.956,0.973,0.156,0.978,0.429,0.31,0.579,0.066,0.129,0.89,0.129,0.572,0.56
27,7.958607314841775,139.739,32.085,3.573,0.797,0.153,0.401,0.026,0.496,0.001,0.287,0.358,0.01,0.452,0.308,0.345
28,8.031517051446064,48.536,13.84,2.505,0.748,0.154,0.05,0.469,0.354,0.002,0.24,0.258,0.573,0.406,0.291,0.213
30,8.229147988357855,20.188,3.053,0.866,0.837,0.151,0.499,0.409,0.336,0.249,0.092,0.159,0.372,0.175,0.415,0.354
31,8.568636235841012,276.844,178.858,4.452,0.602,0.156,0.655,0.397,0.412,0.678,0.233,0.291,0.358,0.533,0.488,0.659
32,8.022276394711152,207.851,2.569,0.757,0.984,0.156,0.831,0.374,0.353,0.238,0.07,0.146,0.39,0.174,0.519,0.406
33,7.886056647693163,11.747,3.276,1.329,0.718,0.154,0.543,0.449,0.406,0.24,0.086,0.176,0.414,0.195,0.466,0.331
34,8.494850021680094,163.164,41.453,6.527,0.773,0.159,0.386,0.035,0.399,0.005,0.007,0.175,0.015,0.308,0.273,0.111
35,7.045757490560675,7.285,3.647,1.129,0.604,0.16,0.523,0.445,0.271,0.24,0.118,0.132,0.376,0.263,0.413,0.273
36,8.585026652029182,12.238,4.154,0.899,0.708,0.154,0.434,0.367,0.325,0.202,0.06,0.134,0.328,0.142,0.376,0.256
37,8.214670164989233,12.273,3.672,0.787,0.734,0.156,0.448,0.361,0.286,0.197,0.055,0.118,0.339,0.125,0.365,0.252
38,8.346787486224656,105.16,7.802,1.961,0.915,0.154,0.182,0.406,0.402,0.571,0.164,0.283,0.421,0.356,0.33,0.326
39,8.823908740944319,294.647,5.822,1.344,0.976,0.153,0.705,0.367,0.345,0.276,0.236,0.252,0.379,0.212,0.472,0.477
40,8.698970004336019,6.175,4.221,0.937,0.545,0.164,0.524,0.421,0.291,0.196,0.204,0.162,0.278,0.404,0.412,0.276
41,6.823908740944319,6.775,4.032,0.696,0.589,0.162,0.52,0.442,0.262,0.235,0.06,0.108,0.377,0.121,0.408,0.26
42,8.55284196865778,7.496,3.542,0.744,0.636,0.163,0.547,0.457,0.307,0.246,0.073,0.131,0.402,0.144,0.437,0.264
43,7.744727494896693,293.891,200.06,1.448,0.593,0.163,0.659,0.507,0.287,0.254,0.091,0.148,0.29,0.136,0.484,0.368
44,8.886056647693163,7.634,3.152,0.859,0.656,0.161,0.531,0.47,0.289,0.267,0.056,0.12,0.459,0.121,0.43,0.267
45,9.045757490560677,212.089,4.578,1.289,0.973,0.156,0.334,0.409,0.376,0.284,0.116,0.187,0.446,0.253,0.373,0.213
46,8.886056647693163,331.65,144.908,7.154,0.686,0.151,0.536,0.644,0.361,0.326,0.156,0.219,0.563,0.282,0.514,0.366
47,8.0,6.828,3.608,0.953,0.599,0.162,0.548,0.45,0.323,0.241,0.064,0.14,0.396,0.134,0.44,0.282
49,9.221848749616356,28.645,7.261,1.041,0.775,0.152,0.043,0.522,0.356,0.076,0.027,0.142,0.368,0.174,0.307,0.039
50,8.522878745280337,200.939,138.648,3.312,0.586,0.154,0.314,0.598,0.428,0.115,0.343,0.377,0.149,0.385,0.447,0.267
51,8.481486060122112,7.966,6.889,1.166,0.497,0.152,0.4,0.444,0.375,0.355,0.14,0.214,0.353,0.185,0.406,0.296
52,8.275724130399212,7.925,5.147,1.071,0.56,0.156,0.436,0.478,0.421,0.279,0.078,0.179,0.392,0.217,0.445,0.305
53,8.67778070526608,10.38,5.563,1.37,0.6,0.153,0.419,0.427,0.443,0.309,0.117,0.225,0.416,0.26,0.43,0.34
54,8.585026652029182,320.132,6.051,3.474,0.971,0.154,0.729,0.497,0.394,0.283,0.215,0.295,0.459,0.331,0.54,0.411
55,8.585026652029182,10.419,5.623,0.781,0.619,0.153,0.405,0.441,0.361,0.321,0.089,0.163,0.478,0.2,0.402,0.26
56,8.0,55.183,8.43,3.128,0.827,0.155,0.056,0.377,0.422,0.354,0.053,0.259,0.393,0.3,0.285,0.136
57,7.552841968657781,52.215,6.747,4.698,0.82,0.155,0.054,0.435,0.479,0.304,0.327,0.408,0.341,0.308,0.323,0.227
58,7.997833938243493,243.287,5.737,0.955,0.973,0.156,0.506,0.418,0.325,0.337,0.115,0.181,0.462,0.157,0.416,0.336
59,8.3767507096021,61.851,7.785,1.605,0.868,0.153,0.086,0.438,0.427,0.263,0.188,0.285,0.308,0.357,0.317,0.152
60,8.301029995663981,78.326,7.307,4.814,0.866,0.151,0.072,0.396,0.475,0.472,0.347,0.356,0.512,0.234,0.314,0.353
61,7.920818753952375,8.802,7.693,0.743,0.511,0.151,0.373,0.444,0.308,0.246,0.086,0.133,0.256,0.182,0.375,0.347
62,8.769551078621726,12.113,7.649,0.897,0.586,0.148,0.451,0.413,0.34,0.498,0.067,0.15,0.599,0.173,0.401,0.369
63,8.431798275933005,13.113,6.312,1.224,0.635,0.149,0.466,0.388,0.43,0.397,0.084,0.187,0.497,0.235,0.428,0.323
64,8.267606240177031,149.724,6.881,3.583,0.935,0.145,0.189,0.38,0.243,0.455,0.152,0.175,0.515,0.159,0.271,0.227
65,8.136677139879543,204.011,52.05,4.77,0.782,0.15,0.55,0.054,0.367,0.003,0.081,0.446,0.024,0.407,0.324,0.194
66,8.075720713938118,12.014,7.898,1.026,0.574,0.148,0.373,0.376,0.346,0.461,0.079,0.156,0.348,0.177,0.365,0.275
67,7.795880017344075,9.647,8.026,0.789,0.523,0.151,0.458,0.351,0.304,0.213,0.059,0.12,0.271,0.141,0.371,0.26
68,7.886056647693163,314.835,200.811,5.088,0.605,0.147,0.629,0.338,0.401,0.464,0.376,0.354,0.503,0.313,0.456,0.507
70,8.031517051446064,22.181,8.891,1.685,0.677,0.148,0.063,0.425,0.224,0.426,0.195,0.204,0.277,0.065,0.238,0.246
76,8.040958607678906,28.836,7.42,2.122,0.751,0.151,0.031,0.424,0.362,0.497,0.142,0.214,0.566,0.234,0.272,0.246
78,8.337242168318426,9.418,5.258,1.041,0.599,0.151,0.423,0.471,0.318,0.212,0.07,0.14,0.36,0.158,0.404,0.296
79,7.0762380391713,233.818,10.522,2.038,0.949,0.162,0.662,0.4,0.441,0.336,0.102,0.211,0.312,0.255,0.501,0.368
80,9.522878745280336,301.695,6.509,2.463,0.971,0.152,0.664,0.429,0.357,0.416,0.317,0.298,0.53,0.206,0.484,0.504
81,10.0,223.627,6.387,1.043,0.968,0.154,0.779,0.39,0.337,0.172,0.07,0.14,0.369,0.161,0.502,0.292
82,8.958607314841775,249.786,4.709,0.961,0.978,0.151,0.743,0.365,0.322,0.252,0.073,0.142,0.37,0.149,0.477,0.326
83,8.309803919971486,24.419,8.133,2.091,0.705,0.154,0.035,0.445,0.41,0.01,0.005,0.112,0.43,0.177,0.297,0.013
85,7.508638306165727,6.673,4.929,0.968,0.531,0.159,0.475,0.551,0.324,0.289,0.074,0.138,0.481,0.166,0.45,0.292
86,7.366531544420414,199.458,6.694,1.63,0.96,0.152,0.488,0.412,0.357,0.571,0.271,0.26,0.834,0.371,0.419,0.452
87,8.2839966563652,218.999,6.011,2.012,0.965,0.153,0.814,0.423,0.272,0.336,0.297,0.258,0.476,0.147,0.503,0.497
88,8.698970004336019,8.928,5.07,1.017,0.595,0.153,0.442,0.377,0.378,0.219,0.233,0.216,0.311,0.483,0.399,0.262
89,8.468521082957745,65.769,7.319,1.771,0.879,0.153,0.085,0.437,0.464,0.391,0.251,0.279,0.504,0.503,0.329,0.256
90,8.585026652029182,218.006,5.541,1.083,0.971,0.153,0.899,0.433,0.449,0.333,0.143,0.222,0.492,0.251,0.594,0.445
91,7.886056647693163,176.573,6.14,2.415,0.954,0.155,0.375,0.419,0.423,0.329,0.191,0.296,0.418,0.234,0.406,0.342
92,8.455931955649724,6.941,5.868,0.774,0.511,0.157,0.471,0.533,0.286,0.318,0.048,0.114,0.508,0.112,0.43,0.284
93,8.958607314841775,224.043,5.027,1.112,0.973,0.16,0.967,0.411,0.329,0.339,0.077,0.142,0.506,0.16,0.569,0.489
94,7.602059991327962,10.224,3.819,2.149,0.631,0.154,0.514,0.485,0.411,0.243,0.269,0.288,0.321,0.469,0.47,0.342
95,6.127843727251707,8.215,2.867,0.858,0.688,0.163,0.607,0.489,0.34,0.362,0.083,0.152,0.57,0.169,0.479,0.34
96,6.6777807052660805,191.371,6.107,0.831,0.965,0.167,0.6,0.442,0.349,0.315,0.05,0.124,0.401,0.121,0.464,0.426
97,6.806875401645538,207.968,7.2,1.454,0.96,0.156,0.464,0.391,0.479,0.241,0.248,0.286,0.33,0.378,0.445,0.324
98,6.91721462968355,16.471,2.127,1.86,0.805,0.151,0.564,0.431,0.472,0.275,0.144,0.259,0.458,0.181,0.489,0.329
99,6.920818753952375,279.871,99.756,42.174,0.664,0.151,0.326,0.385,0.1,0.741,0.06,0.09,0.756,0.098,0.27,0.402
100,7.67778070526608,9.167,2.34,0.931,0.737,0.163,0.555,0.416,0.313,0.318,0.061,0.133,0.528,0.117,0.428,0.28
101,7.795880017344075,15.079,2.464,0.834,0.821,0.155,0.481,0.436,0.268,0.299,0.047,0.105,0.494,0.096,0.395,0.298
102,7.920818753952375,439.681,10.796,2.318,0.971,0.161,0.984,0.601,0.404,0.567,0.272,0.302,0.573,0.358,0.663,0.622
103,7.920818753952375,13.288,2.72,0.919,0.785,0.157,0.444,0.382,0.3,0.268,0.075,0.136,0.425,0.112,0.376,0.269
104,7.920818753952375,28.667,7.993,2.248,0.737,0.164,0.033,0.563,0.4,0.001,0.041,0.295,0.634,0.434,0.332,0.148
105,8.070581074285707,15.709,2.356,1.411,0.807,0.154,0.516,0.402,0.348,0.263,0.096,0.171,0.395,0.174,0.422,0.306
106,8.102372908709558,9.676,2.325,1.458,0.719,0.157,0.512,0.417,0.362,0.232,0.112,0.181,0.598,0.161,0.43,0.347
107,8.207608310501746,8.938,3.043,1.172,0.679,0.16,0.556,0.48,0.314,0.249,0.042,0.12,0.523,0.126,0.45,0.341
109,8.327902142064282,195.564,65.074,3.406,0.741,0.151,0.691,0.049,0.396,0.002,0.183,0.272,0.019,0.293,0.379,0.377
110,8.619788758288394,174.16,3.217,0.99,0.976,0.153,0.817,0.37,0.375,0.255,0.085,0.17,0.368,0.17,0.521,0.355
113,5.337242168318426,268.154,9.522,0.499,0.964,0.177,0.986,0.51,0.326,0.204,0.154,0.177,0.373,0.221,0.607,0.471
114,5.508638306165727,188.512,2.903,2.071,0.974,0.177,0.511,0.483,0.553,0.642,0.36,0.299,0.817,0.665,0.516,0.475
115,5.537602002101044,377.432,195.992,5.124,0.652,0.167,0.779,0.585,0.364,0.262,0.268,0.284,0.445,0.37,0.576,0.433
116,5.585026652029182,17.606,3.047,0.332,0.839,0.165,0.53,0.392,0.24,0.363,0.267,0.234,0.412,0.232,0.387,0.324
117,5.619788758288394,16.513,3.395,0.412,0.813,0.163,0.571,0.41,0.231,0.32,0.097,0.119,0.412,0.099,0.404,0.278
118,5.657577319177793,223.575,146.556,0.898,0.603,0.177,0.404,0.427,0.495,0.254,0.349,0.317,0.331,0.355,0.442,0.343
119,5.6777807052660805,473.25,66.729,1.492,0.874,0.177,0.896,0.131,0.285,0.107,0.947,0.328,0.047,0.434,0.437,0.666
120,5.698970004336019,167.949,11.132,1.119,0.932,0.172,0.264,0.592,0.353,0.506,0.403,0.332,0.748,0.33,0.403,0.378
121,5.769551078621726,10.039,2.134,0.549,0.789,0.174,0.571,0.485,0.433,0.469,0.097,0.167,0.418,0.204,0.496,0.328
122,5.769551078621726,256.368,1.463,0.902,0.991,0.177,0.624,0.389,0.42,0.658,0.059,0.134,0.402,0.118,0.478,0.436
123,5.823908740944319,281.182,16.334,2.399,0.938,0.159,0.321,0.511,0.438,0.279,0.523,0.372,0.401,0.542,0.423,0.342
124,5.958607314841775,10.733,3.125,0.225,0.762,0.171,0.579,0.486,0.14,0.456,0.141,0.1,0.452,0.059,0.401,0.315
125,6.0,21.003,2.005,0.545,0.892,0.163,0.558,0.464,0.29,0.566,0.193,0.22,0.449,0.181,0.437,0.402
126,6.0,187.221,7.852,2.487,0.948,0.162,0.367,0.479,0.428,0.389,0.222,0.295,0.413,0.397,0.425,0.356
127,6.309803919971486,434.392,30.766,11.869,0.911,0.165,0.988,0.034,0.362,0.263,0.001,0.086,0.01,0.165,0.461,0.422
128,6.366531544420414,20.05,1.894,0.88,0.878,0.161,0.563,0.43,0.407,0.577,0.195,0.334,0.478,0.344,0.467,0.384
129,6.443697499232712,286.932,56.471,1.045,0.833,0.158,0.429,0.08,0.33,0.124,0.259,0.261,0.08,0.217,0.279,0.351
130,6.698970004336019,20.333,2.514,0.289,0.879,0.163,0.56,0.429,0.21,0.378,0.176,0.142,0.367,0.115,0.4,0.335
131,7.0,12.33,2.191,0.233,0.836,0.175,0.592,0.506,0.345,0.788,0.226,0.234,0.507,0.229,0.481,0.451
132,5.455931955649724,119.298,4.282,1.603,0.953,0.164,0.207,0.439,0.437,0.387,0.213,0.319,0.531,0.357,0.361,0.302
133,5.494850021680094,64.815,6.726,3.815,0.86,0.158,0.06,0.513,0.448,0.084,0.228,0.34,0.432,0.384,0.34,0.105
134,5.552841968657781,9.444,2.253,0.76,0.758,0.169,0.582,0.332,0.292,0.17,0.061,0.125,0.386,0.125,0.402,0.259
135,5.920818753952375,9.491,2.805,0.786,0.725,0.163,0.54,0.488,0.365,0.284,0.1,0.166,0.567,0.224,0.464,0.318
136,6.049148541111453,262.893,6.854,0.917,0.971,0.167,0.925,0.351,0.287,0.102,0.052,0.123,0.241,0.11,0.521,0.396
137,6.142667503568731,11.108,2.054,1.183,0.774,0.168,0.541,0.378,0.434,0.159,0.117,0.207,0.318,0.197,0.451,0.269
138,6.1487416512809245,10.536,2.414,0.67,0.774,0.165,0.574,0.364,0.233,0.206,0.032,0.086,0.424,0.101,0.391,0.29
139,6.179798540514359,10.412,2.16,0.656,0.787,0.167,0.553,0.375,0.319,0.178,0.081,0.144,0.396,0.15,0.416,0.281
140,6.191114132640188,11.917,2.253,0.669,0.803,0.164,0.584,0.341,0.278,0.195,0.044,0.11,0.432,0.112,0.401,0.294
141,6.214670164989233,11.212,1.91,0.8,0.805,0.172,0.534,0.332,0.272,0.136,0.04,0.1,0.271,0.114,0.379,0.332
142,6.343901797987168,10.417,2.115,0.862,0.778,0.168,0.579,0.329,0.282,0.178,0.132,0.151,0.383,0.269,0.397,0.3
144,6.38933983691012,196.532,3.27,0.999,0.979,0.163,0.613,0.44,0.334,0.381,0.108,0.169,0.468,0.196,0.462,0.331
145,6.400116927926312,11.649,1.849,1.21,0.792,0.167,0.537,0.352,0.32,0.178,0.071,0.149,0.405,0.134,0.403,0.284
147,6.504455662453552,244.71,2.218,1.546,0.985,0.163,0.839,0.38,0.446,0.331,0.201,0.293,0.576,0.332,0.555,0.518
148,6.552841968657781,57.625,16.185,7.653,0.707,0.155,0.041,0.048,0.511,0.004,0.03,0.424,0.021,0.346,0.2,0.038
149,6.628932137728263,301.903,8.629,1.403,0.968,0.164,0.634,0.516,0.428,0.435,0.081,0.183,0.421,0.186,0.526,0.447
150,6.82102305270683,216.942,136.461,2.568,0.609,0.158,0.216,0.241,0.334,0.116,0.197,0.237,0.124,0.367,0.263,0.147
151,6.920818753952375,250.465,2.233,1.03,0.987,0.172,0.527,0.433,0.356,0.222,0.165,0.239,0.505,0.229,0.439,0.39
152,7.008773924307505,7.939,2.539,0.68,0.712,0.169,0.56,0.402,0.231,0.214,0.034,0.088,0.445,0.097,0.398,0.269
153,7.1249387366083,193.902,7.934,0.938,0.956,0.168,0.37,0.414,0.406,0.549,0.101,0.188,0.372,0.214,0.397,0.31
155,8.337242168318426,33.412,6.079,4.959,0.752,0.161,0.036,0.491,0.373,0.091,0.002,0.248,0.306,0.261,0.3,0.035
156,8.522878745280337,199.8,5.383,0.914,0.969,0.16,0.753,0.403,0.269,0.176,0.158,0.202,0.268,0.115,0.475,0.407
158,8.130768280269024,219.615,7.902,1.317,0.96,0.157,0.934,0.538,0.34,0.456,0.183,0.19,0.518,0.194,0.604,0.535
159,6.110698297493689,248.176,5.078,3.774,0.966,0.163,0.687,0.324,0.411,0.492,0.209,0.262,0.489,0.282,0.474,0.466
160,6.958607314841775,183.124,124.412,75.436,0.478,0.16,0.28,0.39,0.125,0.193,0.191,0.138,0.139,0.16,0.265,0.261
161,7.33161408331,192.15,38.45,1.859,0.827,0.15,0.444,0.067,0.453,0.007,0.227,0.341,0.027,0.371,0.321,0.216
162,8.537602002101044,10.202,6.752,1.094,0.565,0.153,0.534,0.539,0.233,0.28,0.048,0.102,0.361,0.098,0.435,0.261
163,8.318758762624412,8.603,4.985,2.182,0.546,0.159,0.553,0.466,0.268,0.283,0.103,0.14,0.325,0.14,0.429,0.309
164,8.823908740944319,14.653,5.39,1.444,0.682,0.149,0.504,0.357,0.392,0.473,0.138,0.213,0.322,0.191,0.418,0.364
165,7.066006836168758,13.226,6.453,1.473,0.625,0.147,0.463,0.466,0.376,0.302,0.093,0.188,0.325,0.196,0.435,0.271
166,7.335358024443875,226.265,33.402,2.834,0.862,0.157,0.303,0.043,0.335,0.003,0.045,0.324,0.012,0.377,0.227,0.116
167,9.30102999566398,14.555,6.853,1.816,0.627,0.146,0.523,0.378,0.396,0.602,0.237,0.265,0.484,0.267,0.432,0.393
168,7.542118103266008,19.728,4.183,1.793,0.768,0.148,0.663,0.405,0.416,0.382,0.185,0.248,0.564,0.233,0.494,0.349
169,7.394694953858891,251.675,6.61,1.216,0.97,0.156,0.666,0.549,0.179,0.326,0.072,0.093,0.379,0.083,0.465,0.331
170,7.52432881167557,173.582,39.823,9.202,0.78,0.156,0.227,0.064,0.443,0.081,0.281,0.344,0.019,0.401,0.245,0.166
171,6.882728704344236,10.312,5.499,0.469,0.633,0.16,0.462,0.451,0.19,0.195,0.338,0.168,0.354,0.141,0.368,0.407
172,8.67778070526608,48.595,8.134,3.3,0.81,0.152,0.061,0.457,0.439,0.032,0.029,0.205,0.375,0.24,0.319,0.023
173,9.154901959985745,287.389,9.134,3.831,0.957,0.157,0.756,0.362,0.403,0.424,0.156,0.229,0.396,0.231,0.507,0.444
174,7.920818753952375,13.028,6.566,2.388,0.593,0.149,0.466,0.421,0.267,0.568,0.107,0.15,0.848,0.148,0.385,0.335
175,5.920818753952375,11.713,3.579,1.383,0.702,0.163,0.549,0.361,0.392,0.302,0.158,0.24,0.357,0.276,0.434,0.34
176,6.815308569182402,7.989,5.449,0.557,0.571,0.161,0.47,0.477,0.261,0.408,0.117,0.14,0.513,0.176,0.403,0.327
177,8.638272163982407,266.975,6.906,1.328,0.97,0.146,0.894,0.371,0.353,0.373,0.218,0.21,0.518,0.325,0.539,0.507
178,8.795880017344075,388.705,8.388,2.341,0.973,0.15,0.902,0.504,0.429,0.36,0.291,0.3,0.372,0.288,0.611,0.513
179,7.546681659952962,34.68,5.853,2.272,0.81,0.162,0.065,0.401,0.464,0.02,0.004,0.12,0.069,0.151,0.31,0.019
180,8.356547323513812,14.893,4.142,1.535,0.724,0.153,0.47,0.533,0.272,0.414,0.177,0.202,0.49,0.248,0.425,0.333
181,7.75448733218585,11.589,3.481,1.831,0.686,0.161,0.554,0.375,0.379,0.276,0.157,0.203,0.32,0.304,0.436,0.313
182,7.07727454200674,264.702,169.513,2.396,0.606,0.163,0.426,0.302,0.467,0.172,0.228,0.33,0.211,0.334,0.398,0.336
183,8.42021640338319,105.895,23.647,4.154,0.792,0.145,0.188,0.021,0.333,0.078,0.284,0.316,0.102,0.353,0.181,0.243
184,8.55284196865778,13.015,3.902,1.088,0.723,0.161,0.554,0.434,0.341,0.392,0.393,0.369,0.405,0.425,0.443,0.418
185,7.443697499232712,25.921,3.657,0.751,0.855,0.156,0.562,0.461,0.282,0.209,0.223,0.181,0.286,0.394,0.435,0.333
186,9.154901959985745,88.42,20.147,4.723,0.78,0.145,0.107,0.479,0.316,0.331,0.457,0.323,0.433,0.395,0.301,0.27
187,8.3767507096021,14.337,6.211,1.479,0.651,0.149,0.498,0.334,0.406,0.401,0.156,0.214,0.285,0.209,0.413,0.312
188,7.454692883534176,220.782,124.294,4.083,0.632,0.16,0.348,0.596,0.48,0.791,0.217,0.343,0.627,0.342,0.474,0.478
190,7.818156412055227,323.044,4.539,2.252,0.979,0.156,0.951,0.354,0.473,0.238,0.219,0.291,0.233,0.296,0.592,0.498
191,9.0,16.852,4.705,2.731,0.694,0.146,0.538,0.379,0.419,0.341,0.216,0.275,0.337,0.297,0.445,0.296
192,6.764471553092451,22.152,4.349,1.454,0.792,0.146,0.615,0.385,0.323,0.371,0.112,0.171,0.349,0.218,0.441,0.301
194,9.142667503568733,13.377,8.322,1.839,0.568,0.148,0.502,0.429,0.253,0.419,0.354,0.208,0.411,0.513,0.394,0.366
195,9.102372908709558,107.995,11.117,2.846,0.886,0.142,0.148,0.522,0.395,0.509,0.272,0.281,0.59,0.37,0.355,0.299
196,9.18045606445813,291.36,9.148,2.258,0.962,0.144,0.8,0.376,0.314,0.355,0.483,0.279,0.525,0.37,0.497,0.51
197,9.075720713938118,297.941,6.782,4.081,0.965,0.141,0.636,0.391,0.449,0.292,0.486,0.408,0.308,0.518,0.492,0.42
198,9.148741651280924,242.544,8.983,6.395,0.94,0.139,0.432,0.41,0.377,0.429,0.237,0.286,0.516,0.274,0.406,0.456
199,8.958607314841775,65.627,44.381,5.063,0.57,0.142,0.09,0.134,0.395,0.026,0.1,0.19,0.047,0.489,0.206,0.102
200,7.016193358021584,184.192,12.138,4.186,0.919,0.141,0.296,0.454,0.423,0.367,0.414,0.378,0.42,0.375,0.391,0.31
201,9.148741651280924,200.071,10.67,1.631,0.942,0.142,0.376,0.443,0.337,0.423,0.269,0.216,0.43,0.458,0.385,0.299
202,9.187086643357144,299.583,12.435,2.002,0.954,0.143,0.396,0.359,0.397,0.244,0.301,0.262,0.323,0.422,0.384,0.326
203,8.978810700930062,203.633,17.081,3.914,0.907,0.14,0.149,0.41,0.383,0.298,0.379,0.338,0.372,0.297,0.314,0.275
204,8.886056647693163,325.808,93.811,7.948,0.762,0.14,0.945,0.08,0.475,0.003,0.32,0.405,0.022,0.472,0.5,0.426
205,9.136677139879543,18.009,8.136,1.924,0.642,0.138,0.391,0.502,0.309,0.324,0.412,0.274,0.414,0.324,0.401,0.352
206,8.943095148663527,35.209,7.682,2.783,0.771,0.139,0.064,0.404,0.442,0.415,0.339,0.32,0.461,0.362,0.303,0.269
207,9.275724130399212,31.594,4.651,2.177,0.822,0.138,0.539,0.442,0.375,0.469,0.336,0.25,0.419,0.545,0.452,0.414
208,9.148741651280924,23.875,12.489,4.355,0.586,0.132,0.65,0.467,0.309,0.324,0.44,0.327,0.399,0.368,0.476,0.475
209,9.2518119729938,186.856,94.892,5.89,0.65,0.136,0.603,0.261,0.32,0.542,0.346,0.266,0.731,0.518,0.395,0.523
210,9.142667503568733,499.569,46.733,1.967,0.911,0.135,0.434,0.064,0.388,0.019,0.43,0.294,0.032,0.578,0.295,0.237
211,9.292429823902063,205.631,101.655,3.808,0.661,0.142,0.462,0.133,0.421,0.083,0.372,0.372,0.133,0.479,0.339,0.249
212,9.327902142064282,150.438,105.117,4.46,0.579,0.142,0.102,0.162,0.435,0.005,0.366,0.365,0.047,0.431,0.233,0.15
213,9.0268721464003,39.223,5.607,3.117,0.818,0.135,0.61,0.504,0.368,0.564,0.316,0.324,0.561,0.326,0.494,0.471
214,9.154901959985745,52.877,7.308,1.407,0.859,0.134,0.556,0.315,0.381,0.323,0.258,0.253,0.527,0.307,0.417,0.375
215,9.18045606445813,22.713,5.798,1.902,0.747,0.141,0.579,0.374,0.406,0.477,0.264,0.268,0.418,0.515,0.453,0.378
216,9.113509274827518,10.67,6.585,3.565,0.512,0.136,0.432,0.33,0.45,0.485,0.395,0.366,0.339,0.471,0.404,0.407
217,9.337242168318426,515.732,13.861,1.918,0.97,0.138,0.944,0.34,0.501,0.261,0.369,0.377,0.318,0.268,0.595,0.514
218,9.086186147616283,19.833,5.632,1.578,0.733,0.139,0.47,0.523,0.323,0.434,0.412,0.25,0.4,0.601,0.439,0.413
219,9.431798275933003,18.788,6.149,2.831,0.677,0.139,0.441,0.51,0.39,0.457,0.558,0.421,0.368,0.436,0.447,0.469
220,9.337242168318426,86.001,10.752,4.451,0.85,0.137,0.097,0.462,0.506,0.249,0.472,0.436,0.337,0.358,0.355,0.289
221,9.18045606445813,21.221,6.814,3.749,0.668,0.136,0.554,0.472,0.394,0.34,0.424,0.355,0.416,0.416,0.473,0.446
223,9.292429823902063,66.128,28.22,4.239,0.671,0.132,0.118,0.39,0.387,0.212,0.483,0.387,0.381,0.428,0.298,0.266
224,9.075720713938118,170.063,8.533,3.809,0.932,0.134,0.847,0.41,0.32,0.258,0.419,0.329,0.311,0.387,0.526,0.555
225,8.958607314841775,422.038,233.877,60.234,0.589,0.137,0.788,0.378,0.082,0.377,0.005,0.019,0.53,0.025,0.416,0.354
226,9.05551732784983,209.091,7.088,2.83,0.955,0.138,0.834,0.491,0.321,0.424,0.377,0.296,0.463,0.366,0.549,0.511
227,9.259637310505756,80.795,8.767,3.094,0.872,0.138,0.105,0.461,0.418,0.372,0.337,0.35,0.381,0.319,0.328,0.292
228,9.187086643357144,145.339,14.197,3.221,0.893,0.138,0.347,0.461,0.328,0.391,0.37,0.271,0.386,0.62,0.379,0.314
229,9.236572006437065,489.327,82.986,5.813,0.846,0.136,0.964,0.097,0.376,0.116,0.365,0.338,0.16,0.354,0.479,0.498
231,9.00436480540245,308.456,160.611,5.878,0.649,0.137,0.434,0.284,0.511,0.151,0.297,0.376,0.225,0.389,0.41,0.276
232,8.962573502059376,18.751,10.645,5.443,0.538,0.134,0.027,0.452,0.486,0.321,0.444,0.443,0.448,0.366,0.322,0.337
233,9.187086643357144,515.788,9.869,1.906,0.978,0.136,0.909,0.44,0.353,0.307,0.297,0.252,0.277,0.538,0.568,0.478
234,9.119186407719209,219.997,8.165,3.444,0.95,0.135,0.392,0.478,0.477,0.523,0.551,0.427,0.539,0.804,0.449,0.441
235,9.070581074285707,38.612,6.326,1.805,0.826,0.136,0.526,0.523,0.496,0.405,0.328,0.322,0.354,0.504,0.515,0.392
236,9.130768280269024,10.289,9.156,2.098,0.478,0.14,0.411,0.49,0.327,0.544,0.168,0.209,0.42,0.173,0.41,0.383
237,9.229147988357855,343.476,26.323,4.294,0.918,0.139,0.98,0.61,0.351,0.419,0.207,0.227,0.563,0.25,0.647,0.536
238,9.221848749616356,278.068,11.348,3.609,0.949,0.136,0.909,0.422,0.368,0.533,0.292,0.278,0.867,0.272,0.566,0.559
239,9.30102999566398,186.564,5.579,4.049,0.951,0.141,0.458,0.443,0.473,0.483,0.461,0.433,0.565,0.282,0.458,0.493
240,8.958607314841775,14.413,8.175,5.018,0.522,0.136,0.372,0.488,0.347,0.537,0.454,0.361,0.392,0.381,0.402,0.435
241,9.468521082957745,171.21,24.729,4.899,0.852,0.14,0.4,0.037,0.262,0.101,0.427,0.252,0.295,0.348,0.233,0.274
242,9.18045606445813,13.921,9.718,2.235,0.538,0.144,0.526,0.431,0.34,0.395,0.468,0.3,0.483,0.368,0.432,0.419
243,9.267606240177033,22.528,4.236,1.407,0.8,0.143,0.512,0.429,0.394,0.437,0.482,0.319,0.441,0.501,0.445,0.426
245,9.050609993355089,29.322,4.188,1.449,0.839,0.142,0.537,0.382,0.421,0.413,0.511,0.323,0.475,0.597,0.447,0.427
246,9.130768280269024,281.181,6.252,3.913,0.965,0.139,0.261,0.34,0.427,0.341,0.459,0.404,0.604,0.343,0.343,0.371
247,9.065501548756432,9.718,6.897,2.459,0.509,0.14,0.49,0.471,0.502,0.475,0.432,0.413,0.475,0.483,0.488,0.465
248,9.173925197299171,21.012,5.174,1.406,0.762,0.14,0.496,0.488,0.469,0.445,0.356,0.339,0.403,0.551,0.484,0.396
249,9.148741651280924,323.532,17.03,2.432,0.943,0.139,0.966,0.257,0.422,0.124,0.298,0.308,0.149,0.449,0.549,0.449
250,9.013228265733757,537.495,262.515,126.472,0.58,0.141,0.668,0.478,0.468,0.483,0.322,0.383,0.593,0.282,0.538,0.524
251,9.18045606445813,27.354,6.425,1.311,0.78,0.141,0.561,0.36,0.372,0.393,0.239,0.223,0.577,0.371,0.431,0.339
252,9.366531544420411,216.82,12.076,1.81,0.94,0.137,0.569,0.402,0.361,0.272,0.298,0.232,0.329,0.591,0.444,0.319
253,8.271646217978772,19.78,5.829,2.198,0.711,0.144,0.465,0.412,0.305,0.386,0.549,0.289,0.574,0.33,0.394,0.408
254,8.931814138253838,14.546,5.995,2.414,0.634,0.139,0.522,0.454,0.413,0.464,0.415,0.339,0.373,0.495,0.463,0.42
255,8.97061622231479,215.492,15.412,2.793,0.922,0.143,0.194,0.434,0.387,0.312,0.264,0.271,0.399,0.347,0.338,0.287
256,9.040958607678906,255.238,33.883,4.125,0.87,0.14,0.192,0.571,0.379,0.382,0.492,0.39,0.469,0.379,0.381,0.354
257,9.065501548756432,30.476,5.71,1.791,0.802,0.137,0.483,0.478,0.45,0.417,0.278,0.285,0.375,0.418,0.47,0.381
258,9.142667503568733,12.084,5.034,4.068,0.57,0.137,0.482,0.414,0.447,0.428,0.308,0.356,0.431,0.315,0.448,0.376
260,8.76447155309245,318.573,131.578,7.784,0.696,0.136,0.855,0.537,0.324,0.272,0.491,0.308,0.244,0.482,0.572,0.578
261,9.05551732784983,10.849,9.639,2.266,0.477,0.138,0.483,0.396,0.448,0.322,0.385,0.347,0.36,0.397,0.442,0.391
262,9.022276394711152,397.252,17.532,5.075,0.946,0.136,0.361,0.451,0.389,0.418,0.272,0.318,0.46,0.338,0.4,0.372
263,9.1249387366083,101.667,25.659,4.396,0.772,0.137,0.142,0.079,0.37,0.458,0.315,0.35,0.167,0.346,0.197,0.313
264,9.036212172654444,56.634,11.603,5.679,0.766,0.138,0.069,0.45,0.382,0.289,0.409,0.393,0.492,0.432,0.3,0.248
265,8.892790030352131,19.639,7.374,5.785,0.599,0.137,0.431,0.384,0.438,0.27,0.439,0.387,0.373,0.328,0.418,0.44
266,8.920818753952375,429.011,80.488,4.772,0.834,0.137,0.464,0.132,0.349,0.162,0.252,0.313,0.148,0.332,0.315,0.254
267,9.096910013008056,434.473,5.07,3.098,0.982,0.135,0.902,0.443,0.401,0.427,0.431,0.343,0.551,0.381,0.582,0.627
268,9.200659450546418,30.308,6.713,1.179,0.793,0.138,0.597,0.376,0.291,0.498,0.164,0.171,0.784,0.213,0.421,0.399
269,8.935542010773082,214.888,37.03,6.88,0.83,0.136,0.438,0.052,0.351,0.056,0.347,0.359,0.029,0.315,0.28,0.31
270,9.102372908709558,317.837,19.353,6.052,0.926,0.138,0.909,0.602,0.479,0.511,0.401,0.429,0.432,0.486,0.663,0.595
271,9.397940008672036,205.328,7.664,5.279,0.941,0.14,0.46,0.357,0.349,0.337,0.168,0.258,0.44,0.194,0.389,0.296
272,9.075720713938118,12.286,6.149,3.379,0.563,0.136,0.491,0.462,0.489,0.586,0.475,0.424,0.476,0.498,0.48,0.477
273,9.173925197299171,71.693,20.182,6.806,0.727,0.135,0.11,0.031,0.411,0.101,0.49,0.401,0.095,0.761,0.184,0.314
274,9.207608310501746,62.713,10.357,5.245,0.801,0.137,0.087,0.485,0.425,0.412,0.324,0.363,0.39,0.304,0.332,0.252
275,8.400116927926312,29.19,5.163,3.773,0.766,0.136,0.469,0.468,0.339,0.449,0.371,0.325,0.526,0.345,0.425,0.41
276,9.031517051446064,293.655,8.682,3.439,0.96,0.136,0.946,0.563,0.259,0.418,0.287,0.237,0.593,0.236,0.589,0.516
277,8.838631997765026,53.875,9.654,3.163,0.808,0.136,0.163,0.144,0.385,0.025,0.026,0.223,0.049,0.34,0.231,0.075
278,8.962573502059376,38.254,4.677,3.682,0.821,0.136,0.553,0.393,0.394,0.42,0.4,0.376,0.68,0.373,0.447,0.471
279,9.013228265733757,20.163,12.388,4.558,0.543,0.136,0.029,0.409,0.371,0.006,0.021,0.331,0.033,0.437,0.27,0.125
280,8.607303046740334,51.17,4.435,2.506,0.881,0.133,0.489,0.381,0.342,0.34,0.358,0.26,0.507,0.503,0.404,0.392
281,8.492144128304169,241.899,10.296,6.7,0.934,0.134,0.594,0.485,0.368,0.511,0.338,0.321,0.375,0.442,0.483,0.456
282,8.98296666070122,46.503,7.795,5.08,0.783,0.135,0.06,0.422,0.444,0.4,0.343,0.37,0.574,0.349,0.309,0.258
283,8.508638306165727,347.071,11.813,4.99,0.954,0.134,0.382,0.41,0.365,0.365,0.326,0.31,0.424,0.396,0.386,0.329
284,9.346787486224656,262.453,28.893,16.302,0.853,0.137,0.603,0.018,0.557,0.321,0.001,0.006,0.013,0.043,0.393,0.29
285,8.924453038607469,44.203,16.663,1.788,0.706,0.134,0.487,0.026,0.414,0.004,0.23,0.292,0.01,0.314,0.309,0.235
286,9.2839966563652,52.338,19.723,5.651,0.673,0.135,0.031,0.507,0.315,0.002,0.122,0.333,0.441,0.446,0.284,0.093
287,8.892790030352131,22.532,4.83,3.67,0.726,0.137,0.528,0.391,0.574,0.43,0.329,0.395,0.381,0.264,0.498,0.454
288,8.424812155072338,230.769,98.944,9.643,0.68,0.137,0.472,0.067,0.348,0.043,0.344,0.352,0.081,0.304,0.295,0.285
289,9.292429823902063,20.349,8.54,2.127,0.656,0.135,0.528,0.43,0.414,0.426,0.28,0.291,0.505,0.268,0.458,0.415
290,8.590066876668706,192.804,9.085,7.309,0.922,0.136,0.35,0.463,0.513,0.629,0.483,0.478,0.735,0.443,0.442,0.453
291,8.91721462968355,223.583,8.533,4.389,0.945,0.138,0.423,0.434,0.493,0.457,0.617,0.482,0.442,0.418,0.45,0.518
292,9.522878745280336,288.486,135.65,26.197,0.641,0.134,0.655,0.163,0.04,0.173,0.059,0.024,0.322,0.183,0.286,0.267
293,9.619788758288394,14.545,7.265,3.611,0.572,0.138,0.548,0.436,0.427,0.586,0.447,0.367,0.658,0.364,0.47,0.474
294,9.568636235841012,434.643,7.363,4.915,0.973,0.138,0.564,0.351,0.512,0.371,0.378,0.452,0.408,0.499,0.476,0.436
295,8.65169513695184,262.169,24.026,3.704,0.904,0.136,0.919,0.418,0.393,0.374,0.484,0.362,0.469,0.557,0.577,0.583
297,9.214670164989233,89.58,9.952,3.675,0.868,0.135,0.178,0.441,0.394,0.436,0.465,0.365,0.465,0.405,0.337,0.326
298,9.200659450546418,21.617,5.537,4.154,0.69,0.138,0.044,0.379,0.436,0.321,0.316,0.35,0.44,0.324,0.287,0.218
299,9.10790539730952,273.954,15.083,2.791,0.939,0.133,0.941,0.521,0.413,0.364,0.432,0.368,0.438,0.354,0.625,0.599
300,8.950781977329818,271.999,11.459,4.6,0.944,0.137,0.917,0.422,0.38,0.328,0.358,0.37,0.37,0.369,0.573,0.502
301,8.943095148663527,211.325,49.853,8.97,0.782,0.136,0.557,0.066,0.327,0.045,0.283,0.305,0.074,0.31,0.317,0.233
302,8.958607314841775,13.73,8.914,2.473,0.547,0.136,0.466,0.463,0.396,0.404,0.314,0.306,0.379,0.298,0.442,0.38
303,8.97061622231479,33.045,4.5,3.056,0.814,0.138,0.529,0.323,0.392,0.495,0.396,0.398,0.36,0.452,0.415,0.528
304,9.244125144327509,63.395,4.814,4.123,0.876,0.138,0.117,0.404,0.427,0.534,0.311,0.33,0.571,0.299,0.316,0.307
305,8.186419011431807,239.14,109.735,6.019,0.674,0.136,0.182,0.168,0.422,0.061,0.283,0.334,0.102,0.5,0.257,0.168
306,9.481486060122112,406.604,17.044,4.624,0.949,0.139,0.976,0.464,0.426,0.362,0.468,0.423,0.539,0.547,0.622,0.624
307,9.2839966563652,20.106,8.118,2.01,0.665,0.138,0.58,0.508,0.347,0.368,0.409,0.265,0.511,0.486,0.478,0.482
308,9.193820026016112,37.08,18.008,3.736,0.63,0.143,0.048,0.491,0.467,0.004,0.024,0.234,0.184,0.464,0.335,0.102
309,9.275724130399212,17.602,5.937,5.812,0.6,0.138,0.546,0.498,0.516,0.454,0.24,0.326,0.629,0.245,0.52,0.381
310,9.2839966563652,385.299,184.606,3.467,0.672,0.143,0.516,0.455,0.464,0.301,0.455,0.364,0.387,0.519,0.478,0.472
311,9.10790539730952,244.082,59.363,10.152,0.778,0.141,0.39,0.14,0.544,0.027,0.248,0.363,0.051,0.537,0.358,0.218
312,9.337242168318426,176.039,11.309,3.069,0.924,0.139,0.246,0.495,0.334,0.471,0.213,0.242,0.438,0.274,0.358,0.29
313,9.167491087293763,13.202,5.914,3.495,0.584,0.138,0.465,0.35,0.419,0.387,0.31,0.325,0.395,0.279,0.411,0.365
314,8.782516055786093,21.891,6.862,1.481,0.724,0.14,0.501,0.394,0.366,0.392,0.367,0.268,0.514,0.425,0.42,0.413
315,9.119186407719209,38.831,7.516,1.389,0.813,0.136,0.582,0.327,0.396,0.327,0.341,0.269,0.538,0.431,0.435,0.399
316,9.267606240177033,24.347,7.446,1.988,0.721,0.138,0.56,0.373,0.457,0.447,0.419,0.325,0.725,0.487,0.463,0.456
317,9.244125144327509,37.382,7.813,1.582,0.799,0.137,0.474,0.357,0.291,0.295,0.342,0.207,0.399,0.638,0.374,0.374
318,9.346787486224656,183.345,6.664,2.767,0.951,0.138,0.638,0.309,0.418,0.383,0.29,0.31,0.542,0.366,0.455,0.502
319,9.259637310505756,36.347,4.91,2.408,0.832,0.137,0.543,0.361,0.416,0.405,0.355,0.294,0.525,0.483,0.44,0.418
320,9.193820026016112,379.238,317.101,108.795,0.471,0.138,0.479,0.392,0.237,0.178,0.27,0.186,0.244,0.347,0.369,0.348
321,9.09151498112135,28.704,6.116,2.405,0.771,0.139,0.533,0.341,0.397,0.412,0.303,0.265,0.62,0.392,0.424,0.383
322,9.136677139879543,32.134,5.221,2.257,0.811,0.139,0.497,0.301,0.323,0.325,0.421,0.262,0.371,0.652,0.374,0.376
323,8.698970004336019,155.229,30.634,3.042,0.822,0.136,0.188,0.495,0.42,0.567,0.221,0.324,0.545,0.322,0.368,0.311
324,8.96657624451305,62.054,24.283,1.267,0.708,0.137,0.118,0.519,0.392,0.543,0.262,0.239,0.621,0.462,0.343,0.358
325,8.809668301829708,33.481,6.313,1.904,0.803,0.138,0.549,0.35,0.391,0.422,0.351,0.275,0.391,0.572,0.43,0.419
326,8.847711655616944,299.554,24.537,3.368,0.915,0.138,0.913,0.614,0.446,0.559,0.449,0.343,0.614,0.62,0.658,0.618
327,8.806875401645538,27.008,6.302,2.714,0.75,0.139,0.561,0.335,0.404,0.328,0.261,0.273,0.459,0.377,0.433,0.382
328,8.8153085691824,28.498,6.474,1.968,0.771,0.139,0.484,0.339,0.335,0.386,0.336,0.247,0.499,0.51,0.386,0.372
329,8.87942606879415,253.068,15.12,4.909,0.927,0.143,0.735,0.581,0.357,0.507,0.344,0.302,0.561,0.532,0.558,0.523
330,8.67366413907125,389.689,71.52,7.004,0.832,0.138,0.828,0.178,0.342,0.235,0.302,0.335,0.324,0.355,0.449,0.447
331,8.6345120151091,147.632,23.194,1.378,0.857,0.138,0.099,0.484,0.336,0.356,0.22,0.22,0.437,0.408,0.306,0.223
332,8.51999305704285,222.597,18.094,1.787,0.918,0.142,0.512,0.409,0.309,0.396,0.427,0.23,0.387,0.684,0.41,0.48
333,8.910094888560602,124.912,23.068,5.323,0.815,0.137,0.1,0.523,0.246,0.632,0.322,0.275,0.533,0.353,0.29,0.358
334,9.229147988357855,25.746,4.942,2.363,0.779,0.141,0.477,0.337,0.347,0.428,0.35,0.248,0.401,0.642,0.387,0.383
335,9.161150909262744,177.503,7.945,1.011,0.952,0.138,0.163,0.452,0.359,0.365,0.168,0.199,0.421,0.177,0.325,0.239
336,9.356547323513812,33.712,4.575,3.063,0.815,0.137,0.538,0.402,0.511,0.41,0.332,0.371,0.342,0.485,0.484,0.391
337,9.42021640338319,223.579,61.909,1.723,0.778,0.143,0.713,0.091,0.262,0.157,0.186,0.176,0.115,0.383,0.355,0.404
338,9.040958607678906,485.656,14.079,2.112,0.968,0.134,0.588,0.508,0.368,0.312,0.471,0.308,0.35,0.429,0.488,0.421
339,9.275724130399212,63.861,8.473,3.943,0.837,0.136,0.19,0.33,0.293,0.276,0.327,0.263,0.382,0.508,0.271,0.242
340,8.832682665251824,572.997,233.273,18.152,0.695,0.14,0.873,0.588,0.44,0.787,0.378,0.37,1.046,0.413,0.634,0.665
341,8.935542010773082,28.137,7.054,1.612,0.765,0.137,0.469,0.473,0.244,0.424,0.359,0.189,0.456,0.682,0.395,0.401
342,8.777283528852417,203.433,8.368,3.518,0.945,0.142,0.381,0.559,0.368,0.511,0.517,0.311,0.545,0.569,0.436,0.521
343,9.142667503568733,93.393,13.875,1.432,0.859,0.145,0.14,0.56,0.307,0.348,0.541,0.263,0.42,0.594,0.335,0.328
344,9.05551732784983,364.501,157.59,4.042,0.693,0.144,0.565,0.78,0.513,0.938,0.311,0.368,1.018,0.447,0.619,0.537
345,9.236572006437065,225.619,14.782,5.99,0.916,0.137,0.217,0.457,0.431,0.307,0.491,0.409,0.345,0.686,0.369,0.322
346,9.173925197299171,22.575,5.293,1.639,0.765,0.141,0.502,0.415,0.39,0.428,0.4,0.291,0.527,0.521,0.436,0.394
347,9.10790539730952,179.228,5.446,3.03,0.955,0.139,0.375,0.485,0.411,0.353,0.341,0.314,0.382,0.54,0.424,0.312
348,9.167491087293763,26.358,5.329,1.44,0.796,0.142,0.494,0.329,0.302,0.365,0.421,0.24,0.519,0.443,0.375,0.379
349,9.346787486224656,56.842,21.184,3.975,0.693,0.14,0.043,0.554,0.336,0.493,0.304,0.275,0.32,0.448,0.311,0.279
350,8.910094888560602,27.25,6.307,2.27,0.761,0.141,0.5,0.344,0.358,0.427,0.398,0.25,0.444,0.551,0.401,0.404
351,8.517126416391246,52.692,29.935,4.238,0.607,0.137,0.083,0.549,0.306,0.416,0.321,0.245,0.554,0.496,0.312,0.313
353,8.701146923590294,41.399,6.67,1.603,0.833,0.135,0.491,0.481,0.271,0.403,0.326,0.197,0.388,0.663,0.414,0.391
354,9.119186407719209,71.799,7.315,5.36,0.85,0.145,0.104,0.503,0.411,0.306,0.402,0.362,0.461,0.335,0.339,0.246
355,8.1518108830086,49.651,6.361,2.012,0.856,0.134,0.612,0.378,0.47,0.44,0.319,0.363,0.675,0.334,0.487,0.441
356,8.899629454882437,529.782,124.538,3.949,0.805,0.144,0.625,0.198,0.441,0.106,0.349,0.328,0.095,0.479,0.421,0.329
357,8.586700235918748,17.419,8.18,2.531,0.619,0.143,0.62,0.389,0.421,0.334,0.415,0.304,0.474,0.717,0.477,0.422
358,8.570247719997592,149.156,35.585,4.409,0.789,0.143,0.304,0.046,0.413,0.007,0.015,0.155,0.019,0.437,0.254,0.046
359,8.53313237964589,19.012,9.049,2.352,0.625,0.142,0.592,0.382,0.317,0.323,0.462,0.284,0.518,0.371,0.43,0.408
360,8.301029995663981,17.671,8.831,3.285,0.593,0.139,0.671,0.516,0.454,0.42,0.388,0.395,0.522,0.417,0.547,0.453
361,8.65169513695184,99.787,44.686,4.291,0.671,0.14,0.137,0.069,0.489,0.015,0.366,0.515,0.044,0.657,0.232,0.144
362,8.642065152999546,18.538,8.757,1.793,0.637,0.144,0.563,0.37,0.295,0.354,0.366,0.213,0.477,0.556,0.409,0.392
363,8.866461091629782,180.425,8.487,2.869,0.941,0.144,0.429,0.498,0.395,0.414,0.473,0.321,0.524,0.558,0.441,0.476
364,8.7594507517174,373.902,16.938,2.411,0.951,0.144,0.542,0.533,0.285,0.461,0.298,0.206,0.681,0.457,0.453,0.399
365,9.050609993355089,226.474,11.024,1.474,0.948,0.137,0.879,0.463,0.366,0.319,0.211,0.21,0.472,0.405,0.569,0.437
366,8.5654310959658,17.456,7.823,2.224,0.635,0.143,0.603,0.356,0.324,0.262,0.338,0.231,0.298,0.419,0.428,0.412
367,8.913640169325252,343.18,140.931,1.961,0.706,0.14,0.438,0.699,0.436,0.738,0.356,0.32,0.908,0.571,0.524,0.47
368,8.906578314837764,168.262,19.376,5.858,0.87,0.139,0.125,0.514,0.316,0.317,0.376,0.322,0.4,0.369,0.318,0.246
369,8.296708621881338,282.453,237.383,12.149,0.531,0.14,0.538,0.447,0.367,0.433,0.179,0.276,0.418,0.27,0.451,0.394
370,8.958607314841775,170.261,64.223,2.484,0.718,0.136,0.339,0.092,0.389,0.234,0.411,0.302,0.589,0.575,0.273,0.405
371,8.26121944151563,412.033,154.726,138.714,0.584,0.137,0.386,0.479,0.426,0.559,0.148,0.229,0.727,0.105,0.43,0.392
372,8.698970004336019,534.416,8.612,6.165,0.973,0.132,0.957,0.48,0.396,0.348,0.341,0.375,0.572,0.308,0.611,0.543
373,9.096910013008056,222.063,9.299,2.137,0.951,0.147,0.792,0.302,0.401,0.254,0.536,0.347,0.426,0.538,0.498,0.478
374,7.852632892206214,26.824,8.214,1.118,0.742,0.141,0.52,0.369,0.389,0.347,0.324,0.263,0.561,0.338,0.426,0.369
375,8.995678626217357,19.994,7.063,2.142,0.685,0.144,0.572,0.404,0.326,0.413,0.365,0.247,0.492,0.717,0.434,0.375
376,8.860120913598763,15.201,9.16,1.938,0.578,0.146,0.543,0.376,0.314,0.271,0.318,0.232,0.333,0.54,0.411,0.378
379,8.958607314841775,18.743,5.268,2.474,0.708,0.143,0.53,0.392,0.382,0.454,0.268,0.267,0.497,0.301,0.435,0.377
380,9.040958607678906,416.732,86.123,7.89,0.816,0.141,0.587,0.138,0.388,0.262,0.4,0.376,0.19,0.471,0.371,0.453
381,8.826813731587725,303.849,17.566,3.459,0.935,0.139,0.915,0.512,0.443,0.522,0.232,0.298,0.467,0.301,0.623,0.552
382,8.931814138253838,220.424,7.131,2.875,0.957,0.144,0.543,0.453,0.362,0.45,0.213,0.254,0.376,0.27,0.453,0.412
383,8.876148359032914,19.425,6.425,2.408,0.687,0.14,0.534,0.438,0.343,0.446,0.314,0.255,0.534,0.415,0.438,0.395
384,8.94692155651658,250.228,18.195,1.142,0.928,0.141,0.673,0.452,0.456,0.426,0.291,0.299,0.528,0.404,0.527,0.517
385,8.97061622231479,87.611,17.511,3.213,0.809,0.142,0.056,0.456,0.448,0.289,0.591,0.427,0.344,0.564,0.32,0.303
386,8.995678626217357,78.098,10.224,4.771,0.839,0.141,0.115,0.395,0.301,0.343,0.45,0.328,0.415,0.351,0.271,0.279
387,9.2518119729938,370.937,104.632,4.657,0.772,0.144,0.5,0.249,0.407,0.066,0.431,0.374,0.09,0.372,0.385,0.281
388,8.913640169325252,258.393,5.991,5.306,0.958,0.144,0.831,0.364,0.273,0.499,0.287,0.201,0.541,0.387,0.489,0.592
389,9.036212172654444,35.355,19.536,4.001,0.6,0.142,0.043,0.528,0.342,0.338,0.216,0.28,0.422,0.3,0.304,0.23
390,9.267606240177033,28.853,6.873,2.502,0.755,0.14,0.691,0.441,0.41,0.425,0.45,0.321,0.553,0.541,0.514,0.471
391,9.356547323513812,114.241,10.357,3.826,0.89,0.141,0.073,0.403,0.447,0.309,0.384,0.357,0.391,0.377,0.308,0.237
392,9.2518119729938,10.063,8.671,2.815,0.467,0.14,0.468,0.429,0.416,0.324,0.389,0.349,0.4,0.437,0.438,0.391
393,9.4089353929735,198.764,121.512,11.569,0.599,0.137,0.412,0.116,0.392,0.141,0.265,0.305,0.194,0.395,0.307,0.388
394,9.387216143280265,32.222,7.762,4.934,0.717,0.13,0.602,0.486,0.292,0.338,0.341,0.296,0.437,0.355,0.46,0.46
395,9.259637310505756,12.485,7.54,2.341,0.558,0.144,0.488,0.394,0.35,0.428,0.312,0.273,0.528,0.297,0.411,0.359
396,9.327902142064282,92.869,60.562,10.036,0.568,0.143,0.141,0.123,0.477,0.083,0.457,0.457,0.129,0.371,0.247,0.205
397,9.42021640338319,23.584,8.228,2.368,0.69,0.141,0.501,0.354,0.34,0.365,0.481,0.318,0.622,0.326,0.398,0.406
399,9.267606240177033,226.467,8.92,6.16,0.938,0.139,0.701,0.312,0.423,0.22,0.546,0.374,0.273,0.338,0.479,0.436
400,9.130768280269024,336.466,218.246,2.51,0.604,0.14,0.311,0.711,0.241,0.533,0.467,0.272,0.482,0.321,0.421,0.398
401,9.10790539730952,450.151,209.111,19.705,0.663,0.143,0.689,0.326,0.417,0.236,0.263,0.343,0.33,0.32,0.477,0.393
402,9.387216143280265,325.909,73.996,21.619,0.773,0.141,0.92,0.099,0.517,0.039,0.419,0.495,0.073,0.455,0.512,0.456
403,9.494850021680094,182.055,14.596,5.14,0.902,0.141,0.23,0.485,0.319,0.5,0.435,0.364,0.443,0.44,0.344,0.426
404,9.346787486224656,155.93,28.434,2.112,0.836,0.139,0.171,0.505,0.317,0.553,0.594,0.315,0.528,0.458,0.331,0.435
405,8.809668301829708,234.379,6.337,2.174,0.965,0.143,0.851,0.44,0.414,0.496,0.523,0.34,0.746,0.463,0.568,0.693
406,9.0,16.804,7.108,3.13,0.621,0.141,0.467,0.33,0.398,0.412,0.33,0.288,0.361,0.518,0.398,0.372
407,9.060480747381382,20.238,5.246,2.658,0.719,0.142,0.595,0.417,0.372,0.486,0.488,0.329,0.549,0.393,0.461,0.458
408,9.022276394711152,32.025,7.614,1.761,0.774,0.142,0.099,0.401,0.281,0.231,0.036,0.079,0.572,0.076,0.26,0.106
409,9.309803919971486,16.739,5.377,2.22,0.688,0.143,0.519,0.416,0.394,0.46,0.382,0.323,0.368,0.511,0.443,0.392
410,9.309803919971486,146.814,16.384,5.276,0.871,0.142,0.281,0.488,0.216,0.361,0.098,0.125,0.428,0.134,0.328,0.256
411,9.455931955649724,30.545,5.37,2.309,0.799,0.14,0.521,0.342,0.424,0.401,0.191,0.273,0.501,0.278,0.429,0.327
412,8.96657624451305,248.254,8.146,4.388,0.952,0.142,0.737,0.513,0.405,0.477,0.274,0.349,0.506,0.264,0.552,0.558
413,9.259637310505756,124.525,22.056,1.454,0.841,0.142,0.168,0.545,0.422,0.34,0.411,0.325,0.452,0.554,0.378,0.31
414,9.207608310501746,17.785,7.334,3.965,0.612,0.14,0.575,0.412,0.486,0.441,0.399,0.381,0.668,0.385,0.491,0.414
415,9.136677139879543,255.741,8.772,2.646,0.957,0.145,0.43,0.467,0.423,0.449,0.3,0.317,0.358,0.349,0.44,0.387
416,9.080921907623926,138.416,21.497,5.597,0.836,0.142,0.136,0.472,0.279,0.377,0.453,0.309,0.493,0.354,0.295,0.296
417,9.2518119729938,121.241,7.456,2.973,0.921,0.139,0.359,0.302,0.383,0.276,0.583,0.392,0.333,0.366,0.348,0.338
418,8.787812395596042,14.507,8.697,1.093,0.597,0.153,0.5,0.451,0.215,0.367,0.564,0.209,0.407,0.529,0.389,0.422
419,9.2518119729938,23.496,9.036,0.817,0.705,0.145,0.562,0.359,0.298,0.371,0.242,0.181,0.369,0.367,0.406,0.315
420,8.882728704344236,114.438,9.426,2.617,0.905,0.145,0.189,0.364,0.391,0.45,0.347,0.301,0.488,0.517,0.315,0.286
421,8.53313237964589,113.247,8.214,4.15,0.902,0.145,0.113,0.467,0.374,0.373,0.307,0.276,0.446,0.493,0.318,0.274
422,8.931814138253838,30.56,7.121,1.309,0.784,0.142,0.63,0.325,0.362,0.337,0.407,0.253,0.362,0.608,0.439,0.389
423,9.031517051446064,166.227,22.312,2.304,0.871,0.142,0.272,0.539,0.257,0.432,0.144,0.152,0.362,0.134,0.356,0.29
424,8.111259039317108,369.633,63.654,3.92,0.845,0.143,0.718,0.105,0.371,0.031,0.301,0.28,0.048,0.522,0.398,0.386
425,7.747146969020107,110.034,15.116,5.524,0.842,0.144,0.102,0.554,0.39,0.48,0.411,0.372,0.535,0.403,0.349,0.331
426,8.233587152887601,15.38,6.487,3.1,0.616,0.144,0.493,0.361,0.419,0.391,0.33,0.298,0.373,0.487,0.424,0.353
427,8.823908740944319,26.405,13.175,2.926,0.621,0.147,0.113,0.126,0.309,0.006,0.133,0.179,0.02,0.629,0.183,0.103
428,8.570247719997592,279.661,124.759,3.38,0.686,0.144,0.442,0.846,0.418,0.858,0.234,0.318,0.668,0.422,0.569,0.488
429,8.440093374963887,412.543,190.542,9.082,0.674,0.143,0.493,0.777,0.465,0.523,0.33,0.401,0.435,0.428,0.579,0.442
430,9.619788758288394,55.325,15.917,2.759,0.748,0.142,0.039,0.486,0.406,0.002,0.425,0.322,0.55,0.838,0.31,0.214
431,9.18045606445813,24.586,4.839,1.696,0.79,0.143,0.629,0.368,0.349,0.459,0.268,0.237,0.315,0.481,0.449,0.386
432,9.309803919971486,216.355,22.661,3.294,0.893,0.145,0.248,0.041,0.369,0.006,0.271,0.321,0.016,0.294,0.22,0.186
433,9.481486060122112,18.153,4.42,2.133,0.735,0.145,0.498,0.381,0.451,0.402,0.348,0.335,0.306,0.549,0.443,0.368
434,9.481486060122112,313.412,14.116,3.128,0.948,0.143,0.648,0.393,0.405,0.295,0.343,0.286,0.536,0.38,0.482,0.386
435,9.309803919971486,14.597,6.512,2.925,0.607,0.143,0.501,0.417,0.468,0.443,0.328,0.332,0.42,0.422,0.462,0.4
436,9.468521082957745,15.45,7.367,1.669,0.631,0.143,0.62,0.491,0.296,0.507,0.295,0.2,0.548,0.619,0.469,0.42
437,9.508638306165729,142.675,11.72,2.467,0.91,0.142,0.198,0.352,0.433,0.291,0.514,0.353,0.346,0.596,0.328,0.296
438,9.638272163982409,256.277,6.209,4.111,0.961,0.141,0.953,0.419,0.412,0.51,0.374,0.347,0.473,0.485,0.595,0.63
439,9.292429823902063,81.499,14.85,3.08,0.82,0.144,0.108,0.51,0.37,0.438,0.495,0.293,0.503,0.87,0.33,0.326
440,9.619788758288394,372.803,154.92,2.619,0.703,0.145,0.533,0.716,0.248,0.567,0.377,0.212,0.499,0.706,0.499,0.464
441,9.4089353929735,33.12,6.664,4.908,0.741,0.138,0.1,0.414,0.185,0.424,0.019,0.039,0.631,0.064,0.233,0.165
442,9.4089353929735,380.131,14.159,4.81,0.952,0.143,0.799,0.545,0.408,0.381,0.386,0.402,0.504,0.408,0.584,0.527
444,9.769551078621726,268.774,16.814,4.672,0.926,0.146,0.365,0.484,0.221,0.412,0.395,0.271,0.57,0.25,0.357,0.386
446,9.82390874094432,285.164,9.329,1.983,0.962,0.146,0.377,0.45,0.439,0.411,0.426,0.328,0.408,0.486,0.422,0.41
447,9.214670164989233,254.345,109.484,5.242,0.689,0.139,0.547,0.302,0.429,0.309,0.299,0.311,0.381,0.345,0.426,0.324
448,9.267606240177033,160.524,23.204,7.099,0.841,0.139,0.317,0.058,0.136,0.057,0.003,0.011,0.05,0.026,0.17,0.167
449,9.455931955649724,245.174,24.219,3.373,0.899,0.147,0.438,0.029,0.358,0.003,0.132,0.306,0.008,0.442,0.275,0.171
450,9.236572006437065,230.889,15.063,1.899,0.932,0.146,0.803,0.463,0.411,0.351,0.385,0.296,0.418,0.549,0.559,0.525
451,9.522878745280336,220.044,65.22,6.45,0.754,0.14,0.674,0.079,0.406,0.045,0.316,0.335,0.071,0.382,0.386,0.389
452,9.619788758288394,50.229,13.464,5.762,0.723,0.145,0.064,0.527,0.494,0.346,0.584,0.492,0.386,0.665,0.362,0.319
453,9.267606240177033,200.896,19.485,1.405,0.906,0.145,0.317,0.501,0.415,0.346,0.514,0.34,0.434,0.579,0.411,0.476
454,9.4089353929735,16.672,6.864,1.312,0.671,0.147,0.531,0.421,0.239,0.505,0.413,0.2,0.443,0.586,0.397,0.404
455,9.537602002101044,43.699,15.076,3.069,0.707,0.145,0.055,0.592,0.333,0.008,0.029,0.331,0.294,0.421,0.327,0.032
456,9.050609993355089,374.639,16.109,2.02,0.954,0.146,0.852,0.479,0.389,0.403,0.466,0.304,0.461,0.578,0.573,0.609
457,9.309803919971486,288.312,62.625,1.849,0.817,0.151,0.941,0.1,0.376,0.034,0.526,0.349,0.071,0.472,0.472,0.515
458,9.585026652029182,16.434,6.805,2.598,0.636,0.144,0.524,0.352,0.342,0.402,0.332,0.245,0.399,0.572,0.406,0.359
459,9.494850021680094,28.103,12.425,5.05,0.617,0.149,0.027,0.544,0.435,0.007,0.003,0.101,0.033,0.364,0.335,0.044
460,9.2839966563652,82.385,64.558,40.109,0.44,0.147,0.072,0.067,0.082,0.067,0.01,0.025,0.066,0.03,0.074,0.047
461,9.42021640338319,374.612,6.253,2.609,0.977,0.142,0.806,0.479,0.402,0.471,0.305,0.276,0.41,0.511,0.563,0.496
462,9.55284196865778,196.798,15.447,2.823,0.915,0.143,0.29,0.539,0.335,0.246,0.329,0.263,0.321,0.682,0.388,0.311
463,9.481486060122112,62.021,15.611,9.138,0.715,0.143,0.055,0.492,0.363,0.339,0.431,0.362,0.487,0.37,0.304,0.263
464,9.221848749616356,244.72,72.923,2.167,0.765,0.139,0.787,0.106,0.263,0.068,0.282,0.19,0.044,0.442,0.385,0.34
465,8.721246399047171,34.878,7.508,1.374,0.797,0.138,0.622,0.505,0.465,0.462,0.466,0.345,0.526,0.6,0.531,0.531
466,9.10790539730952,14.085,5.504,2.319,0.643,0.151,0.417,0.362,0.392,0.418,0.32,0.268,0.329,0.692,0.39,0.34
467,9.214670164989233,10.404,9.656,1.84,0.475,0.149,0.536,0.409,0.364,0.343,0.569,0.296,0.442,0.709,0.436,0.466
468,8.939302159646388,127.173,22.671,1.809,0.839,0.146,0.2,0.504,0.351,0.325,0.247,0.251,0.337,0.292,0.352,0.264
469,8.838631997765026,234.842,18.266,1.911,0.921,0.142,0.276,0.471,0.298,0.383,0.371,0.221,0.371,0.629,0.348,0.353
471,8.872895201635192,193.038,5.329,3.232,0.958,0.145,0.505,0.338,0.455,0.419,0.303,0.322,0.267,0.526,0.433,0.395
472,9.2839966563652,244.356,10.02,3.232,0.949,0.143,0.521,0.407,0.382,0.228,0.507,0.375,0.204,0.508,0.437,0.398
473,8.903089986991944,87.208,23.823,5.586,0.748,0.141,0.089,0.506,0.29,0.454,0.166,0.23,0.462,0.281,0.295,0.262
474,9.397940008672036,46.087,13.751,1.004,0.757,0.146,0.062,0.547,0.34,0.326,0.299,0.245,0.374,0.272,0.316,0.259
475,9.67778070526608,223.865,18.402,5.816,0.902,0.145,0.384,0.581,0.299,0.421,0.347,0.287,0.523,0.272,0.421,0.388
476,9.207608310501746,393.387,6.275,5.183,0.972,0.145,0.897,0.446,0.535,0.466,0.337,0.53,0.388,0.44,0.626,0.591
477,9.142667503568733,373.425,10.461,1.357,0.969,0.145,0.72,0.487,0.37,0.531,0.42,0.268,0.492,0.372,0.526,0.597
478,9.318758762624412,22.026,7.613,3.178,0.671,0.139,0.564,0.413,0.416,0.402,0.341,0.328,0.508,0.385,0.464,0.415
479,9.193820026016112,27.537,5.327,2.102,0.788,0.14,0.588,0.349,0.347,0.409,0.536,0.33,0.629,0.347,0.428,0.447
480,9.2518119729938,29.681,4.585,1.447,0.831,0.139,0.522,0.403,0.375,0.514,0.317,0.243,0.583,0.464,0.433,0.413
481,9.30102999566398,156.805,14.161,3.537,0.899,0.142,0.211,0.436,0.382,0.323,0.291,0.271,0.397,0.416,0.343,0.31
482,9.508638306165729,158.167,16.033,2.653,0.894,0.14,0.293,0.488,0.412,0.493,0.389,0.324,0.487,0.5,0.398,0.41
483,9.397940008672036,293.987,121.123,6.046,0.698,0.138,0.843,0.315,0.418,0.38,0.413,0.361,0.509,0.34,0.525,0.554
484,9.508638306165729,20.349,6.098,2.548,0.702,0.142,0.535,0.526,0.455,0.462,0.181,0.261,0.457,0.195,0.505,0.366
485,9.167491087293763,311.426,8.91,1.741,0.967,0.149,0.482,0.481,0.267,0.452,0.094,0.138,0.682,0.149,0.41,0.297
486,9.022276394711152,312.703,7.933,4.952,0.96,0.146,0.837,0.487,0.455,0.486,0.398,0.437,0.613,0.343,0.593,0.599
487,9.387216143280265,319.61,164.462,4.664,0.654,0.14,0.602,0.306,0.389,0.23,0.29,0.287,0.268,0.281,0.432,0.374
488,9.67778070526608,367.525,20.066,3.726,0.939,0.144,0.377,0.427,0.458,0.299,0.565,0.381,0.374,0.58,0.421,0.458
489,9.602059991327964,23.988,8.624,1.344,0.706,0.144,0.509,0.354,0.255,0.372,0.391,0.2,0.362,0.712,0.373,0.395
490,9.67778070526608,253.221,5.613,4.08,0.963,0.144,0.51,0.448,0.401,0.391,0.355,0.333,0.437,0.36,0.453,0.456
491,9.522878745280336,275.949,55.179,11.146,0.806,0.14,0.28,0.083,0.373,0.164,0.275,0.314,0.109,0.26,0.245,0.248
492,9.4089353929735,26.492,6.413,2.102,0.757,0.139,0.496,0.356,0.399,0.391,0.408,0.308,0.403,0.535,0.417,0.411
493,9.4089353929735,45.14,12.976,1.384,0.759,0.143,0.11,0.381,0.379,0.028,0.339,0.282,0.216,0.371,0.29,0.151
494,9.309803919971486,34.536,25.113,3.729,0.545,0.139,0.113,0.153,0.352,0.003,0.034,0.258,0.015,0.589,0.206,0.153
495,9.161150909262744,10.448,8.628,3.751,0.458,0.135,0.488,0.381,0.345,0.47,0.309,0.32,0.424,0.362,0.405,0.446
496,9.161150909262744,40.387,5.489,4.416,0.803,0.134,0.616,0.383,0.346,0.453,0.26,0.465,0.409,0.241,0.449,0.432
497,9.075720713938118,266.858,23.035,5.904,0.902,0.134,0.911,0.624,0.313,0.653,0.45,0.352,0.731,0.449,0.616,0.671
498,9.309803919971486,284.39,149.258,4.201,0.65,0.136,0.558,0.499,0.419,0.353,0.451,0.414,0.352,0.526,0.492,0.502
499,9.080921907623926,11.99,6.289,4.185,0.534,0.133,0.458,0.455,0.408,0.417,0.499,0.389,0.483,0.366,0.44,0.44
500,9.443697499232712,180.227,12.082,8.613,0.897,0.138,0.394,0.465,0.506,0.418,0.329,0.378,0.483,0.343,0.455,0.452
501,9.387216143280265,11.736,10.569,2.771,0.468,0.135,0.564,0.542,0.424,0.33,0.423,0.35,0.423,0.388,0.51,0.39
502,9.356547323513812,73.778,40.254,3.831,0.626,0.137,0.095,0.082,0.458,0.088,0.248,0.308,0.195,0.396,0.212,0.172
503,9.275724130399212,210.826,12.946,6.053,0.917,0.137,0.464,0.427,0.382,0.395,0.447,0.377,0.413,0.442,0.424,0.371
504,9.721246399047171,17.357,5.113,2.914,0.684,0.144,0.449,0.393,0.454,0.368,0.568,0.366,0.525,0.493,0.432,0.405
505,9.154901959985745,226.309,4.581,3.808,0.964,0.138,0.611,0.274,0.344,0.401,0.36,0.295,0.642,0.366,0.409,0.508
506,9.229147988357855,320.546,189.804,6.764,0.62,0.138,0.743,0.363,0.402,0.226,0.359,0.349,0.16,0.398,0.503,0.472
507,9.431798275933003,58.577,9.126,2.539,0.834,0.143,0.102,0.557,0.367,0.362,0.379,0.289,0.385,0.561,0.342,0.263
508,9.4089353929735,168.213,15.273,3.399,0.9,0.14,0.197,0.543,0.407,0.54,0.607,0.417,0.586,0.41,0.383,0.454
509,9.397940008672036,14.362,6.596,3.027,0.599,0.138,0.505,0.538,0.273,0.382,0.415,0.29,0.385,0.312,0.439,0.413
510,9.259637310505756,289.351,22.918,7.064,0.906,0.138,0.946,0.055,0.089,0.054,0.002,0.009,0.06,0.018,0.363,0.344
511,9.366531544420411,273.095,11.127,5.256,0.943,0.137,0.949,0.281,0.318,0.299,0.374,0.334,0.551,0.412,0.516,0.549
512,9.337242168318426,74.946,10.46,3.842,0.84,0.141,0.11,0.43,0.451,0.555,0.437,0.394,0.448,0.359,0.33,0.364
513,9.481486060122112,190.221,15.39,4.382,0.906,0.138,0.283,0.509,0.488,0.421,0.595,0.483,0.578,0.436,0.427,0.464
514,9.494850021680094,14.208,5.783,2.946,0.619,0.142,0.497,0.506,0.317,0.479,0.59,0.354,0.423,0.352,0.44,0.489
515,8.297569463554474,25.851,17.442,3.276,0.555,0.14,0.316,0.046,0.396,0.009,0.004,0.037,0.019,0.083,0.253,0.145
516,8.381951903287908,312.581,9.056,2.48,0.964,0.142,0.634,0.511,0.346,0.482,0.478,0.285,0.555,0.517,0.497,0.496
517,9.113509274827518,292.553,256.962,12.454,0.521,0.139,0.587,0.494,0.381,0.384,0.226,0.261,0.349,0.225,0.487,0.386
518,9.387216143280265,13.743,11.242,3.076,0.49,0.142,0.604,0.407,0.407,0.26,0.538,0.379,0.37,0.352,0.473,0.415
519,8.97061622231479,174.621,11.864,2.744,0.923,0.142,0.278,0.493,0.397,0.446,0.402,0.333,0.354,0.442,0.389,0.397
520,9.080921907623926,18.411,6.687,1.978,0.68,0.148,0.473,0.434,0.316,0.383,0.42,0.243,0.434,0.585,0.408,0.392
521,9.142667503568733,98.756,82.997,12.217,0.509,0.145,0.198,0.062,0.48,0.06,0.35,0.402,0.275,0.384,0.247,0.202
522,8.94692155651658,220.331,7.159,0.836,0.965,0.149,0.336,0.538,0.348,0.406,0.192,0.207,0.438,0.229,0.407,0.329
523,8.863279432843592,16.639,6.85,1.786,0.658,0.147,0.454,0.377,0.46,0.407,0.357,0.308,0.352,0.616,0.43,0.353
524,8.943095148663527,16.625,4.82,2.039,0.708,0.147,0.491,0.342,0.293,0.437,0.44,0.239,0.386,0.625,0.375,0.385
525,9.602059991327964,507.089,188.644,4.305,0.724,0.141,0.759,0.511,0.395,0.53,0.479,0.377,0.38,0.451,0.555,0.641
527,9.346787486224656,300.534,225.058,6.456,0.565,0.141,0.572,0.413,0.346,0.343,0.321,0.301,0.442,0.243,0.444,0.423
528,9.1249387366083,20.952,4.65,1.831,0.764,0.143,0.555,0.419,0.443,0.382,0.357,0.347,0.41,0.516,0.472,0.381
529,9.18045606445813,155.89,8.809,2.553,0.932,0.143,0.313,0.322,0.34,0.239,0.341,0.242,0.347,0.473,0.325,0.32
530,9.2518119729938,349.866,161.617,30.982,0.645,0.142,0.604,0.362,0.027,0.273,0.003,0.007,0.311,0.011,0.331,0.371
531,9.031517051446064,12.36,6.665,3.093,0.559,0.142,0.521,0.464,0.462,0.484,0.392,0.344,0.442,0.543,0.483,0.451
532,9.065501548756432,15.207,7.17,4.043,0.576,0.139,0.612,0.501,0.418,0.465,0.396,0.366,0.557,0.327,0.51,0.452
533,9.522878745280336,10.041,7.715,3.16,0.48,0.142,0.622,0.434,0.469,0.309,0.361,0.341,0.462,0.549,0.509,0.392
534,8.97061622231479,25.866,11.67,3.387,0.632,0.145,0.042,0.615,0.255,0.343,0.007,0.037,0.437,0.033,0.304,0.123
535,9.468521082957745,20.819,5.651,1.485,0.745,0.14,0.531,0.549,0.527,0.479,0.295,0.376,0.399,0.464,0.535,0.405
536,9.4089353929735,109.362,12.857,5.849,0.854,0.141,0.139,0.396,0.341,0.354,0.415,0.336,0.439,0.357,0.292,0.281
537,8.97469413473523,236.247,23.041,2.925,0.901,0.147,0.346,0.409,0.237,0.259,0.459,0.281,0.283,0.273,0.331,0.337
538,8.906578314837764,378.375,62.794,7.682,0.843,0.147,0.957,0.07,0.413,0.023,0.426,0.418,0.044,0.661,0.48,0.496
539,9.292429823902063,288.075,10.405,4.807,0.95,0.136,0.863,0.384,0.39,0.316,0.432,0.347,0.391,0.697,0.546,0.54
540,9.397940008672036,12.572,8.327,2.666,0.534,0.135,0.491,0.358,0.453,0.461,0.459,0.419,0.453,0.378,0.434,0.431
541,8.892790030352131,313.917,157.624,1.93,0.663,0.143,0.588,0.254,0.413,0.372,0.476,0.363,0.302,0.555,0.418,0.498
542,9.040958607678906,249.558,18.978,3.551,0.917,0.137,0.539,0.364,0.379,0.339,0.475,0.322,0.288,0.428,0.427,0.425
543,9.397940008672036,454.243,196.575,3.152,0.695,0.141,0.761,0.565,0.428,0.556,0.564,0.423,0.735,0.503,0.585,0.615
544,9.42021640338319,30.946,4.854,2.062,0.817,0.14,0.606,0.354,0.281,0.47,0.319,0.209,0.44,0.616,0.413,0.415
545,9.060480747381382,448.278,57.007,32.7,0.833,0.144,0.953,0.073,0.045,0.076,0.002,0.01,0.137,0.013,0.357,0.366
546,8.88941028970075,145.103,12.379,2.388,0.908,0.142,0.259,0.357,0.369,0.243,0.283,0.248,0.322,0.513,0.328,0.224
547,8.482804102050025,11.416,4.635,2.889,0.603,0.143,0.439,0.487,0.456,0.443,0.416,0.377,0.581,0.377,0.461,0.389
548,9.55284196865778,34.676,6.864,2.082,0.795,0.14,0.511,0.393,0.403,0.392,0.452,0.292,0.564,0.688,0.436,0.408
549,9.30102999566398,10.811,6.107,3.477,0.53,0.137,0.462,0.415,0.366,0.442,0.415,0.336,0.448,0.554,0.414,0.441
550,9.236572006437065,219.689,10.664,5.013,0.933,0.138,0.564,0.467,0.344,0.338,0.429,0.34,0.393,0.46,0.458,0.408
551,9.1249387366083,229.583,8.0,4.292,0.949,0.139,0.827,0.295,0.309,0.358,0.299,0.275,0.384,0.259,0.477,0.449
552,8.835647144215564,176.066,84.476,30.245,0.605,0.144,0.269,0.135,0.024,0.153,0.154,0.023,0.326,0.083,0.143,0.204
553,8.774690718274137,17.064,7.133,0.985,0.678,0.146,0.544,0.392,0.314,0.444,0.379,0.232,0.581,0.35,0.417,0.393
554,8.761953896871205,84.18,24.14,4.219,0.748,0.143,0.075,0.484,0.389,0.288,0.258,0.322,0.376,0.461,0.316,0.214
556,9.443697499232712,17.629,4.953,4.335,0.655,0.14,0.551,0.365,0.421,0.454,0.283,0.336,0.507,0.285,0.446,0.435
557,9.229147988357855,182.169,130.479,18.492,0.55,0.138,0.336,0.192,0.487,0.277,0.348,0.383,0.515,0.497,0.338,0.333
559,9.221848749616356,60.965,28.464,4.048,0.652,0.139,0.065,0.519,0.369,0.372,0.375,0.333,0.465,0.526,0.318,0.257
560,8.769551078621726,115.646,13.362,2.263,0.881,0.147,0.155,0.5,0.293,0.307,0.353,0.223,0.399,0.577,0.316,0.327
561,8.769551078621726,273.29,9.756,4.366,0.951,0.145,0.95,0.498,0.418,0.522,0.517,0.445,0.526,0.566,0.622,0.699
562,9.602059991327964,22.994,8.171,2.621,0.681,0.139,0.603,0.475,0.343,0.414,0.606,0.35,0.593,0.397,0.474,0.5
564,8.52432881167557,198.891,7.141,1.843,0.957,0.144,0.601,0.376,0.384,0.419,0.509,0.317,0.439,0.561,0.454,0.447
565,9.387216143280265,150.799,8.943,3.175,0.926,0.138,0.194,0.361,0.349,0.49,0.345,0.286,0.361,0.372,0.301,0.302
566,8.536107011014092,204.421,35.765,3.977,0.837,0.146,0.233,0.054,0.371,0.033,0.462,0.369,0.016,0.318,0.219,0.198
567,8.614393726401687,11.76,9.124,2.232,0.509,0.144,0.588,0.453,0.385,0.273,0.307,0.251,0.396,0.651,0.475,0.339
568,9.387216143280265,34.352,8.613,4.0,0.731,0.142,0.143,0.169,0.322,0.361,0.41,0.285,0.183,0.08,0.211,0.302
569,9.244125144327509,77.959,20.954,2.001,0.773,0.14,0.119,0.511,0.281,0.513,0.568,0.26,0.508,0.523,0.304,0.408
571,9.050609993355089,145.975,5.802,2.878,0.944,0.144,0.23,0.414,0.4,0.484,0.431,0.339,0.519,0.438,0.348,0.408
573,8.950781977329818,132.665,46.48,11.172,0.697,0.136,0.163,0.079,0.413,0.051,0.419,0.384,0.094,0.41,0.218,0.24
574,9.221848749616356,281.066,10.249,3.731,0.953,0.14,0.958,0.272,0.377,0.26,0.171,0.249,0.378,0.258,0.536,0.464
575,9.275724130399212,387.099,25.742,3.833,0.929,0.137,0.445,0.568,0.482,0.449,0.415,0.378,0.576,0.492,0.499,0.448
576,9.3767507096021,110.906,27.847,2.914,0.783,0.134,0.163,0.522,0.358,0.389,0.229,0.258,0.547,0.271,0.348,0.25
577,9.102372908709558,115.384,12.811,1.337,0.891,0.134,0.292,0.487,0.305,0.496,0.259,0.222,0.517,0.38,0.361,0.312
578,9.318758762624412,493.107,11.369,2.986,0.972,0.139,0.891,0.406,0.39,0.348,0.248,0.27,0.483,0.215,0.562,0.511
579,9.292429823902063,21.321,8.202,2.026,0.676,0.142,0.604,0.331,0.397,0.345,0.332,0.26,0.423,0.587,0.444,0.373
580,9.537602002101044,244.263,6.157,3.712,0.961,0.139,0.314,0.511,0.361,0.413,0.302,0.354,0.399,0.439,0.395,0.309
581,9.3767507096021,245.962,9.101,3.721,0.95,0.138,0.648,0.517,0.546,0.487,0.469,0.456,0.488,0.51,0.57,0.624
582,9.508638306165729,220.779,13.858,2.07,0.933,0.139,0.604,0.392,0.376,0.495,0.385,0.31,0.617,0.231,0.458,0.542
583,9.468521082957745,38.268,16.354,6.371,0.627,0.137,0.074,0.239,0.411,0.023,0.005,0.281,0.035,0.652,0.241,0.082
585,9.42021640338319,267.493,10.046,4.024,0.95,0.141,0.263,0.494,0.376,0.374,0.456,0.322,0.424,0.554,0.378,0.312
586,9.229147988357855,22.77,5.526,3.898,0.707,0.137,0.593,0.476,0.368,0.53,0.361,0.359,0.446,0.377,0.479,0.472
587,9.148741651280924,27.926,6.26,1.179,0.79,0.142,0.556,0.382,0.26,0.448,0.45,0.224,0.657,0.368,0.4,0.42
588,9.337242168318426,405.066,118.231,21.371,0.744,0.141,0.905,0.323,0.02,0.399,0.001,0.004,0.603,0.007,0.416,0.439
589,9.2839966563652,161.332,9.974,4.066,0.92,0.138,0.313,0.414,0.218,0.373,0.086,0.101,0.517,0.11,0.315,0.284
591,9.119186407719209,163.668,9.491,1.824,0.935,0.144,0.314,0.36,0.285,0.275,0.572,0.28,0.347,0.5,0.32,0.335
592,9.455931955649724,24.424,7.302,2.932,0.705,0.139,0.574,0.369,0.448,0.417,0.411,0.357,0.504,0.415,0.464,0.425
594,9.309803919971486,256.28,13.291,7.977,0.923,0.139,0.804,0.494,0.413,0.481,0.364,0.382,0.629,0.489,0.57,0.515
595,9.443697499232712,35.013,4.607,2.758,0.826,0.138,0.614,0.358,0.465,0.401,0.497,0.373,0.705,0.41,0.479,0.47
596,9.431798275933003,50.906,6.561,3.214,0.839,0.14,0.126,0.405,0.457,0.177,0.486,0.386,0.375,0.61,0.33,0.231
597,9.148741651280924,148.444,15.24,2.129,0.895,0.143,0.309,0.481,0.314,0.379,0.461,0.292,0.316,0.61,0.368,0.399
598,9.387216143280265,162.29,17.135,4.571,0.882,0.137,0.397,0.481,0.358,0.482,0.441,0.32,0.488,0.367,0.412,0.483
599,9.397940008672036,20.158,4.81,3.902,0.698,0.143,0.564,0.495,0.372,0.479,0.415,0.42,0.521,0.378,0.477,0.427
600,9.522878745280336,296.231,200.093,4.907,0.591,0.139,0.71,0.451,0.397,0.289,0.4,0.4,0.269,0.483,0.519,0.498
602,9.346787486224656,253.49,8.311,3.895,0.954,0.138,0.945,0.435,0.423,0.485,0.303,0.315,0.438,0.473,0.601,0.6
603,9.327902142064282,219.806,4.669,2.555,0.968,0.138,0.66,0.462,0.372,0.448,0.442,0.346,0.436,0.54,0.498,0.453
604,9.522878745280336,12.508,5.057,3.706,0.588,0.14,0.529,0.463,0.449,0.481,0.374,0.529,0.42,0.304,0.48,0.432
605,9.4089353929735,331.592,101.718,2.544,0.761,0.138,0.741,0.267,0.379,0.177,0.549,0.376,0.114,0.435,0.462,0.516
608,9.508638306165729,18.528,6.947,1.95,0.676,0.14,0.582,0.49,0.424,0.444,0.365,0.307,0.456,0.513,0.499,0.452
609,9.309803919971486,112.122,22.79,5.512,0.798,0.139,0.14,0.429,0.397,0.369,0.489,0.392,0.341,0.476,0.322,0.3
610,9.619788758288394,20.878,12.847,3.365,0.563,0.138,0.03,0.554,0.451,0.005,0.431,0.397,0.512,0.509,0.345,0.291
611,9.568636235841012,39.969,14.331,4.388,0.681,0.139,0.05,0.52,0.37,0.004,0.092,0.344,0.087,0.371,0.313,0.062
612,9.619788758288394,19.862,6.336,3.406,0.671,0.139,0.564,0.499,0.402,0.458,0.341,0.321,0.725,0.289,0.488,0.452
614,7.619788758288394,217.592,60.324,4.111,0.772,0.16,0.223,0.08,0.405,0.115,0.38,0.363,0.023,0.33,0.236,0.204
615,6.978810700930062,408.331,140.305,2.756,0.741,0.139,0.512,0.434,0.528,0.355,0.366,0.438,0.352,0.501,0.491,0.465
