mol_id,PKI,conformations (ns),0,1,2,3,5,8,9,10,20,21,31,32,75,76,100,101
1,9.154901959985745,1.13,268.438,4.506,1.952,0.977,0.156,0.963,0.402,0.468,0.326,0.291,0.317,0.315,0.237,0.328,0.611,0.548
2,9.30102999566398,5.26,7.715,2.871,2.427,0.593,0.156,0.516,0.433,0.39,0.281,0.22,0.28,0.245,0.452,0.151,0.447,0.383
3,6.214670164989233,8.34,170.542,2.248,1.882,0.976,0.151,0.56,0.362,0.41,0.255,0.177,0.257,0.266,0.374,0.255,0.444,0.304
4,7.920818753952375,5.92,8.949,4.289,2.376,0.573,0.151,0.566,0.485,0.432,0.251,0.248,0.339,0.286,0.397,0.411,0.495,0.375
6,7.823908740944319,1.43,68.579,9.747,1.259,0.862,0.156,0.127,0.429,0.342,0.473,0.101,0.457,0.171,0.596,0.217,0.3,0.235
7,7.207608310501746,8.29,260.419,12.392,1.284,0.95,0.158,0.851,0.485,0.412,0.359,0.232,0.432,0.257,0.326,0.377,0.583,0.451
8,8.619788758288394,7.77,13.226,2.529,1.587,0.763,0.153,0.502,0.38,0.35,0.234,0.111,0.258,0.182,0.381,0.193,0.411,0.306
9,7.341988603342887,1.39,40.054,5.791,0.876,0.857,0.165,0.041,0.469,0.272,0.018,0.06,0.281,0.123,0.396,0.118,0.261,0.027
10,8.698970004336019,1.52,134.123,6.163,1.468,0.946,0.155,0.281,0.374,0.37,0.442,0.154,0.398,0.213,0.615,0.251,0.342,0.342
12,7.744727494896693,0.06,9.831,3.847,1.806,0.635,0.154,0.503,0.477,0.525,0.22,0.3,0.309,0.331,0.383,0.395,0.502,0.345
13,7.552841968657781,0.22,16.249,2.121,1.144,0.833,0.153,0.545,0.41,0.388,0.297,0.123,0.324,0.19,0.511,0.193,0.448,0.309
14,8.017728766960431,6.29,158.475,24.08,2.339,0.857,0.153,0.303,0.06,0.398,0.019,0.006,0.029,0.052,0.044,0.119,0.254,0.116
15,8.920818753952375,3.01,249.542,132.365,1.134,0.651,0.159,0.446,0.291,0.383,0.343,0.13,0.329,0.199,0.319,0.223,0.373,0.328
16,7.301029995663981,7.47,10.139,2.512,0.902,0.748,0.159,0.522,0.425,0.309,0.293,0.058,0.333,0.129,0.522,0.128,0.419,0.281
17,8.537602002101044,2.0,7.8,3.397,0.941,0.643,0.16,0.514,0.433,0.298,0.287,0.073,0.327,0.127,0.316,0.143,0.415,0.315
19,7.494850021680094,1.64,11.052,4.415,0.803,0.679,0.153,0.476,0.48,0.311,0.288,0.097,0.352,0.145,0.43,0.135,0.422,0.3
20,7.657577319177793,7.94,17.431,3.147,1.313,0.796,0.147,0.562,0.434,0.327,0.255,0.113,0.306,0.17,0.446,0.174,0.441,0.324
21,7.958607314841775,3.92,19.365,2.627,0.949,0.844,0.149,0.559,0.45,0.339,0.257,0.116,0.317,0.165,0.498,0.162,0.449,0.311
22,7.017728766960431,2.25,35.102,5.553,2.825,0.807,0.162,0.032,0.499,0.485,0.004,0.065,0.309,0.369,0.471,0.572,0.339,0.025
23,8.080921907623926,1.94,9.97,3.661,1.622,0.654,0.153,0.464,0.469,0.474,0.339,0.175,0.362,0.262,0.495,0.268,0.469,0.336
24,8.769551078621726,3.36,228.176,2.818,2.242,0.978,0.156,0.894,0.461,0.429,0.198,0.144,0.301,0.239,0.524,0.314,0.595,0.388
25,7.481486060122112,9.45,163.655,3.294,0.928,0.975,0.156,0.528,0.436,0.303,0.5,0.057,0.394,0.119,0.591,0.133,0.422,0.403
27,7.958607314841775,6.83,55.069,14.208,1.151,0.782,0.153,0.08,0.515,0.384,0.551,0.174,0.517,0.239,0.639,0.25,0.327,0.261
28,8.031517051446064,1.06,14.085,2.578,1.24,0.787,0.153,0.523,0.39,0.359,0.257,0.104,0.279,0.18,0.442,0.176,0.424,0.312
30,8.229147988357855,3.81,95.287,12.737,2.65,0.861,0.151,0.129,0.489,0.368,0.546,0.341,0.522,0.325,0.708,0.24,0.329,0.324
31,8.568636235841012,3.65,312.954,175.154,45.698,0.586,0.156,0.439,0.493,0.061,0.258,0.002,0.376,0.012,0.481,0.034,0.331,0.257
32,8.022276394711152,2.05,14.954,2.967,0.708,0.803,0.156,0.466,0.378,0.354,0.209,0.094,0.262,0.149,0.356,0.136,0.4,0.269
33,7.886056647693163,0.0,12.359,2.693,1.596,0.742,0.154,0.548,0.471,0.457,0.24,0.091,0.312,0.188,0.456,0.196,0.492,0.33
34,8.494850021680094,7.5,11.826,3.764,0.588,0.731,0.16,0.483,0.464,0.238,0.255,0.035,0.321,0.089,0.399,0.09,0.395,0.269
35,7.045757490560675,0.09,7.193,3.701,1.124,0.599,0.16,0.527,0.434,0.269,0.239,0.086,0.292,0.12,0.374,0.195,0.41,0.264
36,8.585026652029182,2.41,13.516,3.782,0.786,0.747,0.154,0.429,0.347,0.3,0.184,0.073,0.239,0.129,0.31,0.127,0.359,0.248
37,8.214670164989233,9.2,212.34,4.407,1.179,0.974,0.155,0.916,0.404,0.466,0.207,0.139,0.272,0.233,0.351,0.246,0.595,0.385
38,8.346787486224656,2.98,109.109,7.748,0.978,0.926,0.154,0.223,0.399,0.354,0.552,0.071,0.422,0.154,0.425,0.228,0.325,0.316
39,8.823908740944319,9.92,138.493,10.407,0.741,0.926,0.153,0.146,0.425,0.286,0.516,0.06,0.471,0.124,0.407,0.15,0.286,0.196
40,8.698970004336019,1.37,128.783,5.429,3.838,0.933,0.162,0.143,0.443,0.416,0.459,0.19,0.403,0.269,0.342,0.401,0.334,0.307
41,6.823908740944319,9.22,7.65,3.502,0.865,0.637,0.162,0.546,0.44,0.264,0.238,0.063,0.298,0.111,0.396,0.124,0.417,0.261
42,8.55284196865778,4.41,6.891,3.964,0.64,0.599,0.163,0.529,0.475,0.269,0.228,0.067,0.304,0.114,0.38,0.127,0.425,0.261
43,7.744727494896693,2.53,6.073,4.007,0.967,0.55,0.163,0.523,0.421,0.323,0.217,0.057,0.275,0.132,0.339,0.122,0.423,0.253
44,8.886056647693163,9.79,7.846,3.105,0.88,0.663,0.161,0.534,0.464,0.289,0.261,0.056,0.316,0.121,0.456,0.121,0.429,0.265
45,9.045757490560677,8.03,8.354,4.555,0.903,0.605,0.157,0.475,0.417,0.297,0.318,0.053,0.327,0.121,0.361,0.136,0.396,0.323
46,8.886056647693163,2.69,270.97,93.643,4.883,0.733,0.151,0.313,0.358,0.399,0.262,0.257,0.318,0.293,0.221,0.367,0.357,0.262
47,8.0,4.12,7.202,3.235,0.818,0.64,0.162,0.535,0.483,0.279,0.269,0.056,0.338,0.118,0.461,0.116,0.432,0.277
49,9.221848749616356,8.45,172.393,22.655,2.221,0.874,0.151,0.283,0.03,0.458,0.003,0.008,0.008,0.172,0.015,0.372,0.257,0.16
50,8.522878745280337,3.34,322.507,43.007,26.781,0.822,0.154,0.939,0.075,0.075,0.012,0.002,0.014,0.01,0.026,0.028,0.363,0.295
51,8.481486060122112,5.06,8.53,5.176,1.165,0.574,0.152,0.403,0.491,0.321,0.365,0.089,0.42,0.157,0.444,0.163,0.405,0.322
52,8.275724130399212,0.84,6.787,5.097,1.47,0.508,0.156,0.436,0.531,0.551,0.262,0.209,0.367,0.321,0.415,0.299,0.506,0.356
53,8.67778070526608,7.48,9.724,5.585,1.283,0.586,0.152,0.431,0.435,0.419,0.327,0.14,0.378,0.22,0.428,0.223,0.428,0.348
54,8.585026652029182,5.29,8.719,5.146,1.101,0.583,0.155,0.407,0.431,0.391,0.253,0.098,0.352,0.184,0.463,0.194,0.41,0.286
55,8.585026652029182,7.01,9.038,5.904,0.952,0.569,0.153,0.424,0.451,0.335,0.332,0.087,0.407,0.158,0.491,0.18,0.403,0.27
56,8.0,7.56,31.608,6.085,1.385,0.809,0.155,0.036,0.448,0.328,0.014,0.05,0.283,0.16,0.378,0.175,0.271,0.024
57,7.552841968657781,2.45,235.794,155.948,4.144,0.596,0.155,0.393,0.862,0.475,0.219,0.236,0.491,0.303,0.412,0.324,0.577,0.286
58,7.997833938243493,0.96,7.557,4.455,1.668,0.552,0.156,0.466,0.478,0.382,0.524,0.18,0.448,0.249,0.436,0.204,0.442,0.36
59,8.3767507096021,2.24,23.352,5.677,4.984,0.687,0.153,0.032,0.422,0.388,0.071,0.002,0.432,0.114,0.664,0.192,0.281,0.031
60,8.301029995663981,3.59,334.45,7.588,2.072,0.972,0.151,0.889,0.419,0.447,0.61,0.189,0.424,0.281,0.764,0.225,0.585,0.581
61,7.920818753952375,5.99,8.82,7.689,0.838,0.508,0.152,0.382,0.454,0.3,0.25,0.098,0.284,0.147,0.249,0.213,0.379,0.35
62,8.769551078621726,2.23,9.819,8.642,1.084,0.502,0.148,0.493,0.432,0.374,0.491,0.077,0.427,0.16,0.343,0.196,0.433,0.416
63,8.431798275933005,4.11,310.844,6.59,1.86,0.974,0.149,0.874,0.389,0.459,0.366,0.289,0.356,0.312,0.357,0.318,0.574,0.547
64,8.267606240177031,2.09,228.751,9.994,2.4,0.949,0.145,0.606,0.429,0.528,0.281,0.247,0.345,0.334,0.402,0.34,0.521,0.349
65,8.136677139879543,2.83,53.376,7.515,2.773,0.838,0.15,0.079,0.391,0.407,0.409,0.342,0.408,0.301,0.424,0.313,0.292,0.263
66,8.075720713938118,0.7,11.648,7.64,1.076,0.572,0.148,0.369,0.363,0.384,0.409,0.109,0.389,0.182,0.323,0.214,0.372,0.287
67,7.795880017344075,8.57,9.965,4.157,1.176,0.651,0.151,0.452,0.572,0.364,0.376,0.079,0.42,0.157,0.523,0.183,0.463,0.345
68,7.886056647693163,1.27,59.874,8.645,1.701,0.853,0.147,0.073,0.38,0.462,0.474,0.224,0.414,0.308,0.395,0.301,0.305,0.235
70,8.031517051446064,2.44,291.842,9.487,4.19,0.955,0.147,0.63,0.44,0.373,0.364,0.132,0.418,0.211,0.379,0.213,0.481,0.366
76,8.040958607678906,8.29,8.901,5.089,1.342,0.581,0.151,0.415,0.458,0.354,0.218,0.112,0.297,0.18,0.385,0.183,0.409,0.308
78,8.337242168318426,7.25,243.835,7.964,2.203,0.96,0.151,0.943,0.429,0.456,0.301,0.235,0.367,0.302,0.317,0.264,0.609,0.495
79,7.0762380391713,0.47,17.846,3.074,1.019,0.813,0.162,0.601,0.382,0.266,0.364,0.481,0.259,0.292,0.318,0.442,0.416,0.419
80,9.522878745280336,7.42,138.255,96.431,1.533,0.585,0.152,0.288,0.223,0.368,0.045,0.097,0.082,0.178,0.077,0.21,0.293,0.117
81,10.0,6.08,8.484,5.559,1.01,0.564,0.154,0.435,0.363,0.33,0.232,0.094,0.253,0.162,0.399,0.173,0.376,0.292
82,8.958607314841775,5.12,10.863,5.227,1.045,0.634,0.151,0.487,0.376,0.332,0.283,0.091,0.297,0.157,0.366,0.167,0.398,0.316
83,8.309803919971486,0.44,9.266,5.195,0.93,0.602,0.154,0.445,0.372,0.348,0.245,0.076,0.271,0.154,0.377,0.175,0.388,0.249
85,7.508638306165727,0.51,253.077,5.847,3.234,0.965,0.159,0.447,0.457,0.421,0.372,0.267,0.391,0.306,0.54,0.42,0.442,0.302
86,7.366531544420414,4.84,9.696,5.288,1.452,0.59,0.153,0.474,0.349,0.306,0.181,0.173,0.236,0.193,0.255,0.245,0.376,0.355
87,8.2839966563652,2.91,210.932,5.859,1.829,0.965,0.153,0.755,0.425,0.443,0.286,0.146,0.308,0.242,0.47,0.265,0.541,0.367
88,8.698970004336019,1.81,8.697,4.992,1.049,0.59,0.153,0.438,0.384,0.349,0.23,0.218,0.279,0.189,0.329,0.461,0.391,0.262
89,8.468521082957745,1.0,271.412,5.363,3.336,0.969,0.153,0.561,0.398,0.393,0.339,0.173,0.32,0.26,0.383,0.237,0.451,0.34
90,8.585026652029182,9.57,401.425,182.637,3.911,0.683,0.153,0.704,0.331,0.48,0.314,0.163,0.328,0.269,0.132,0.237,0.505,0.387
91,7.886056647693163,9.41,105.619,6.211,3.295,0.917,0.155,0.114,0.424,0.373,0.323,0.224,0.326,0.284,0.465,0.287,0.304,0.196
92,8.455931955649724,5.55,110.146,5.561,1.052,0.943,0.157,0.131,0.459,0.461,0.303,0.179,0.326,0.265,0.478,0.353,0.351,0.176
93,8.958607314841775,3.22,289.677,5.274,1.786,0.976,0.16,0.898,0.385,0.349,0.312,0.121,0.298,0.173,0.421,0.162,0.544,0.504
94,7.602059991327962,4.81,39.374,11.758,2.514,0.734,0.155,0.028,0.476,0.425,0.001,0.025,0.032,0.291,0.065,0.38,0.309,0.024
95,6.127843727251707,1.85,102.223,3.343,2.403,0.947,0.163,0.158,0.473,0.365,0.397,0.256,0.387,0.278,0.624,0.366,0.332,0.235
96,6.6777807052660805,7.36,229.495,2.562,1.131,0.984,0.167,0.779,0.41,0.377,0.383,0.088,0.352,0.171,0.436,0.174,0.522,0.494
97,6.806875401645538,0.92,212.652,9.761,0.871,0.952,0.156,0.241,0.493,0.302,0.469,0.045,0.454,0.111,0.45,0.173,0.345,0.261
98,6.91721462968355,0.79,16.536,2.668,1.481,0.799,0.151,0.568,0.395,0.387,0.299,0.108,0.301,0.193,0.455,0.178,0.45,0.337
99,6.920818753952375,0.31,236.718,9.058,1.989,0.955,0.151,0.963,0.511,0.417,0.191,0.258,0.313,0.289,0.265,0.368,0.63,0.498
100,7.67778070526608,6.74,260.034,24.28,1.216,0.911,0.163,0.526,0.041,0.401,0.004,0.134,0.011,0.229,0.019,0.196,0.323,0.284
101,7.795880017344075,3.27,248.637,2.918,0.908,0.985,0.155,0.38,0.364,0.331,0.231,0.069,0.247,0.142,0.357,0.131,0.358,0.224
102,7.920818753952375,7.32,8.4,4.899,0.63,0.603,0.16,0.504,0.53,0.304,0.276,0.088,0.354,0.13,0.408,0.109,0.446,0.293
103,7.920818753952375,3.43,345.194,131.163,2.08,0.722,0.157,0.729,0.281,0.32,0.128,0.18,0.206,0.179,0.106,0.331,0.443,0.423
104,7.920818753952375,8.0,8.842,2.293,0.992,0.729,0.164,0.57,0.385,0.29,0.279,0.049,0.294,0.119,0.464,0.092,0.415,0.279
105,8.070581074285707,9.34,387.897,188.665,3.27,0.669,0.154,0.889,0.436,0.463,0.288,0.245,0.345,0.331,0.318,0.312,0.596,0.475
106,8.102372908709558,0.6,6.505,3.068,1.98,0.563,0.157,0.5,0.493,0.54,0.231,0.306,0.32,0.384,0.545,0.223,0.511,0.41
107,8.207608310501746,1.47,11.995,2.482,0.724,0.789,0.16,0.537,0.45,0.265,0.278,0.13,0.324,0.149,0.557,0.093,0.417,0.328
109,8.327902142064282,0.79,302.181,2.506,1.203,0.988,0.151,0.693,0.448,0.379,0.288,0.109,0.335,0.185,0.423,0.159,0.507,0.448
110,8.619788758288394,5.8,20.855,2.108,1.015,0.87,0.153,0.592,0.393,0.325,0.26,0.078,0.292,0.144,0.497,0.137,0.436,0.284
113,5.337242168318426,2.01,104.488,7.852,1.224,0.92,0.177,0.158,0.504,0.429,0.425,0.348,0.467,0.337,0.496,0.328,0.364,0.363
114,5.508638306165727,2.75,165.025,1.955,1.121,0.982,0.177,0.413,0.355,0.364,0.497,0.087,0.335,0.167,0.752,0.179,0.377,0.294
115,5.537602002101044,2.9,508.06,77.281,1.769,0.865,0.167,0.87,0.135,0.459,0.069,0.328,0.079,0.323,0.048,0.437,0.488,0.454
116,5.585026652029182,0.6,18.234,2.906,0.293,0.851,0.167,0.536,0.391,0.151,0.361,0.1,0.296,0.091,0.411,0.055,0.36,0.272
117,5.619788758288394,2.27,16.622,3.457,0.772,0.797,0.163,0.569,0.371,0.244,0.321,0.265,0.253,0.283,0.33,0.399,0.395,0.31
118,5.657577319177793,8.86,10.205,1.965,0.531,0.803,0.177,0.598,0.449,0.311,0.789,0.197,0.361,0.217,0.474,0.164,0.453,0.434
119,5.6777807052660805,2.6,258.495,33.569,5.906,0.868,0.177,0.403,0.047,0.374,0.455,0.001,0.008,0.421,0.015,0.59,0.275,0.312
120,5.698970004336019,9.95,153.364,4.195,1.277,0.966,0.172,0.273,0.454,0.399,0.291,0.211,0.389,0.212,0.234,0.305,0.375,0.227
121,5.769551078621726,4.23,9.919,2.436,0.31,0.783,0.174,0.569,0.494,0.249,0.439,0.112,0.33,0.118,0.414,0.104,0.438,0.31
122,5.769551078621726,0.28,10.801,1.474,0.852,0.823,0.177,0.597,0.438,0.493,0.598,0.089,0.305,0.174,0.577,0.134,0.509,0.346
123,5.823908740944319,6.43,20.328,3.351,0.483,0.841,0.159,0.579,0.385,0.256,0.336,0.076,0.302,0.104,0.457,0.098,0.407,0.271
124,5.958607314841775,1.38,92.192,6.86,1.642,0.916,0.171,0.138,0.494,0.523,0.366,0.451,0.438,0.374,0.486,0.491,0.385,0.287
125,6.0,2.24,49.959,20.593,0.286,0.705,0.163,0.034,0.545,0.176,0.001,0.13,0.031,0.161,0.102,0.116,0.252,0.135
126,6.0,9.92,17.706,3.78,0.376,0.81,0.162,0.557,0.427,0.307,0.31,0.27,0.303,0.222,0.38,0.183,0.43,0.335
127,6.309803919971486,4.7,20.054,2.574,0.474,0.868,0.163,0.553,0.423,0.271,0.372,0.322,0.288,0.299,0.35,0.3,0.415,0.374
128,6.366531544420414,2.91,22.013,2.04,0.475,0.897,0.161,0.568,0.415,0.331,0.498,0.198,0.336,0.223,0.433,0.225,0.438,0.362
129,6.443697499232712,7.69,24.977,2.974,0.533,0.877,0.158,0.587,0.411,0.347,0.347,0.16,0.301,0.183,0.376,0.21,0.448,0.318
130,6.698970004336019,3.8,219.188,18.536,0.55,0.92,0.163,0.526,0.501,0.264,0.479,0.393,0.479,0.258,0.534,0.209,0.43,0.472
131,7.0,9.6,11.096,2.029,0.434,0.818,0.175,0.583,0.501,0.342,0.719,0.22,0.394,0.251,0.5,0.211,0.476,0.426
132,5.455931955649724,4.64,192.073,5.576,2.479,0.96,0.164,0.391,0.435,0.373,0.349,0.2,0.34,0.247,0.309,0.433,0.4,0.27
133,5.494850021680094,9.21,8.418,3.192,1.73,0.631,0.158,0.493,0.407,0.419,0.214,0.179,0.281,0.256,0.399,0.372,0.439,0.306
134,5.552841968657781,5.61,31.306,4.245,2.69,0.819,0.169,0.047,0.603,0.399,0.465,0.225,0.521,0.269,0.176,0.447,0.35,0.286
135,5.920818753952375,4.82,31.577,6.746,2.137,0.78,0.165,0.043,0.523,0.356,0.003,0.067,0.108,0.188,0.383,0.307,0.308,0.031
136,6.049148541111453,5.33,105.733,4.961,0.608,0.95,0.167,0.23,0.457,0.426,0.525,0.099,0.482,0.193,0.595,0.215,0.371,0.312
137,6.142667503568731,7.26,11.175,2.106,1.339,0.764,0.168,0.562,0.304,0.333,0.156,0.1,0.184,0.164,0.293,0.172,0.4,0.268
138,6.1487416512809245,8.69,10.247,2.465,0.686,0.765,0.165,0.579,0.376,0.245,0.214,0.034,0.258,0.092,0.438,0.106,0.4,0.294
139,6.179798540514359,2.73,10.123,2.188,0.81,0.771,0.167,0.564,0.309,0.392,0.169,0.168,0.205,0.211,0.373,0.238,0.422,0.304
140,6.191114132640188,3.62,11.814,2.634,0.41,0.795,0.166,0.584,0.4,0.266,0.216,0.026,0.266,0.081,0.452,0.106,0.417,0.29
141,6.214670164989233,3.65,10.628,2.023,0.879,0.786,0.172,0.528,0.307,0.302,0.124,0.067,0.171,0.128,0.275,0.145,0.379,0.342
142,6.343901797987168,2.45,43.96,33.873,2.883,0.545,0.167,0.039,0.05,0.465,0.002,0.168,0.009,0.45,0.029,0.19,0.184,0.113
144,6.38933983691012,8.13,199.876,2.493,0.899,0.983,0.163,0.827,0.472,0.314,0.31,0.079,0.316,0.144,0.556,0.212,0.537,0.463
145,6.400116927926312,9.9,156.48,4.425,1.8,0.962,0.161,0.356,0.427,0.413,0.324,0.186,0.333,0.247,0.319,0.456,0.398,0.242
147,6.504455662453552,1.49,10.766,2.221,0.777,0.782,0.163,0.555,0.359,0.325,0.182,0.077,0.227,0.146,0.427,0.146,0.413,0.284
148,6.552841968657781,6.18,8.754,6.517,1.003,0.538,0.157,0.569,0.412,0.411,0.348,0.138,0.342,0.204,0.379,0.31,0.464,0.315
149,6.628932137728263,3.48,8.963,2.341,1.249,0.714,0.164,0.6,0.401,0.438,0.201,0.178,0.253,0.255,0.445,0.233,0.48,0.338
150,6.82102305270683,3.23,114.153,37.786,1.693,0.743,0.158,0.224,0.034,0.416,0.004,0.166,0.01,0.239,0.017,0.409,0.225,0.095
151,6.920818753952375,5.69,8.367,2.494,0.535,0.734,0.172,0.576,0.359,0.342,0.189,0.062,0.233,0.135,0.421,0.142,0.426,0.263
152,7.008773924307505,7.53,67.41,7.21,0.701,0.895,0.169,0.083,0.553,0.245,0.51,0.044,0.515,0.108,0.465,0.12,0.294,0.186
153,7.1249387366083,9.66,95.518,6.284,0.642,0.932,0.168,0.178,0.474,0.269,0.585,0.052,0.497,0.111,0.532,0.143,0.307,0.274
155,8.337242168318426,1.29,8.471,5.026,1.048,0.582,0.161,0.569,0.362,0.223,0.139,0.199,0.202,0.187,0.287,0.092,0.384,0.279
156,8.522878745280337,7.87,9.694,5.035,0.803,0.624,0.161,0.626,0.438,0.345,0.233,0.066,0.294,0.148,0.321,0.158,0.469,0.277
158,8.130768280269024,6.17,218.871,136.898,5.637,0.606,0.156,0.651,0.203,0.476,0.165,0.333,0.171,0.388,0.125,0.596,0.443,0.41
159,6.110698297493689,1.05,11.838,3.941,1.346,0.691,0.163,0.565,0.42,0.431,0.257,0.209,0.29,0.269,0.363,0.306,0.472,0.349
160,6.958607314841775,9.63,10.804,6.177,0.532,0.617,0.16,0.526,0.492,0.21,0.358,0.381,0.388,0.216,0.379,0.271,0.409,0.405
161,7.33161408331,7.58,168.71,64.713,3.758,0.711,0.15,0.648,0.076,0.39,0.131,0.21,0.081,0.274,0.026,0.33,0.372,0.322
162,8.537602002101044,3.32,152.221,6.272,3.446,0.94,0.153,0.352,0.5,0.346,0.279,0.143,0.336,0.208,0.378,0.216,0.4,0.296
163,8.318758762624412,0.3,16.663,3.869,1.342,0.762,0.159,0.532,0.385,0.334,0.334,0.159,0.32,0.185,0.271,0.118,0.417,0.29
164,8.823908740944319,9.32,13.746,8.315,1.992,0.571,0.149,0.46,0.498,0.264,0.303,0.211,0.401,0.182,0.277,0.245,0.407,0.357
165,7.066006836168758,5.41,11.677,8.544,1.196,0.545,0.148,0.414,0.534,0.375,0.279,0.127,0.373,0.204,0.374,0.204,0.441,0.282
166,7.335358024443875,7.77,138.552,8.815,5.107,0.909,0.157,0.202,0.449,0.408,0.6,0.269,0.424,0.407,0.585,0.383,0.353,0.303
167,9.30102999566398,5.59,161.215,38.742,3.703,0.792,0.146,0.142,0.057,0.358,0.005,0.292,0.016,0.365,0.026,0.399,0.186,0.111
168,7.542118103266008,8.88,194.821,4.295,2.579,0.966,0.149,0.93,0.509,0.342,0.447,0.211,0.44,0.257,0.811,0.223,0.594,0.563
169,7.394694953858891,7.01,11.197,5.493,1.668,0.61,0.156,0.488,0.407,0.278,0.247,0.104,0.28,0.159,0.283,0.124,0.391,0.259
170,7.52432881167557,9.71,77.947,6.996,4.426,0.872,0.156,0.085,0.472,0.474,0.425,0.302,0.428,0.358,0.517,0.359,0.344,0.254
171,6.882728704344236,1.02,236.121,9.846,1.149,0.956,0.16,0.762,0.481,0.206,0.24,0.776,0.345,0.233,0.403,0.115,0.483,0.55
172,8.67778070526608,3.84,12.833,4.322,2.641,0.648,0.152,0.588,0.491,0.363,0.477,0.148,0.406,0.197,0.453,0.221,0.481,0.336
173,9.154901959985745,6.35,294.314,8.482,3.005,0.962,0.157,0.759,0.506,0.258,0.302,0.081,0.36,0.117,0.396,0.124,0.507,0.385
174,7.920818753952375,1.2,247.487,7.254,3.077,0.96,0.148,0.509,0.426,0.286,0.454,0.107,0.446,0.152,0.383,0.17,0.407,0.448
175,5.920818753952375,2.89,11.513,3.848,1.113,0.699,0.163,0.542,0.385,0.407,0.304,0.179,0.299,0.255,0.378,0.296,0.445,0.339
176,6.815308569182402,2.43,8.168,5.169,1.136,0.564,0.161,0.487,0.491,0.314,0.336,0.267,0.365,0.204,0.433,0.396,0.431,0.336
177,8.638272163982407,0.6,16.615,6.419,2.478,0.651,0.146,0.525,0.467,0.421,0.345,0.205,0.377,0.259,0.45,0.32,0.471,0.308
178,8.795880017344075,4.55,14.828,8.319,1.738,0.596,0.15,0.481,0.457,0.243,0.479,0.108,0.407,0.135,0.419,0.15,0.394,0.297
179,7.546681659952962,3.05,148.24,8.791,1.986,0.932,0.162,0.305,0.388,0.332,0.287,0.69,0.308,0.366,0.285,0.559,0.342,0.401
180,8.356547323513812,4.22,166.88,8.973,2.669,0.935,0.153,0.269,0.414,0.341,0.251,0.494,0.307,0.314,0.494,0.373,0.341,0.292
181,7.75448733218585,7.79,151.597,5.461,1.054,0.959,0.161,0.299,0.472,0.289,0.37,0.263,0.337,0.241,0.359,0.351,0.353,0.278
182,7.07727454200674,3.39,7.996,5.365,0.789,0.565,0.163,0.549,0.537,0.189,0.261,0.312,0.366,0.156,0.34,0.183,0.425,0.343
183,8.42021640338319,9.98,295.63,128.358,81.498,0.585,0.145,0.839,0.112,0.153,0.036,0.026,0.045,0.058,0.052,0.057,0.368,0.32
184,8.55284196865778,3.2,44.54,32.696,6.849,0.53,0.161,0.031,0.053,0.409,0.001,0.004,0.01,0.064,0.023,0.13,0.164,0.009
185,7.443697499232712,2.18,206.032,29.682,13.665,0.826,0.156,0.662,0.05,0.285,0.124,0.15,0.04,0.217,0.029,0.058,0.332,0.333
186,9.154901959985745,5.66,15.565,7.083,2.525,0.618,0.145,0.492,0.401,0.352,0.455,0.136,0.383,0.193,0.423,0.203,0.415,0.314
187,8.3767507096021,8.85,27.55,9.969,1.591,0.704,0.149,0.06,0.439,0.331,0.019,0.162,0.115,0.207,0.106,0.221,0.277,0.074
188,7.454692883534176,2.67,268.364,241.643,1.305,0.525,0.16,0.546,0.47,0.274,0.311,0.57,0.365,0.328,0.262,0.331,0.43,0.481
190,7.818156412055227,3.42,204.59,12.851,2.278,0.931,0.156,0.403,0.454,0.295,0.278,0.123,0.298,0.186,0.274,0.204,0.384,0.284
191,9.0,7.12,16.889,6.357,2.073,0.667,0.147,0.466,0.438,0.372,0.365,0.141,0.401,0.206,0.306,0.189,0.425,0.283
192,6.764471553092451,3.55,211.765,5.247,1.77,0.968,0.145,0.791,0.401,0.427,0.333,0.189,0.37,0.261,0.42,0.248,0.54,0.411
194,9.142667503568733,3.79,15.36,6.584,1.999,0.642,0.148,0.538,0.407,0.375,0.456,0.444,0.404,0.279,0.478,0.676,0.44,0.415
195,9.102372908709558,3.88,16.087,6.323,3.423,0.623,0.142,0.576,0.446,0.439,0.452,0.541,0.395,0.385,0.769,0.383,0.487,0.454
196,9.18045606445813,8.12,115.632,76.674,3.833,0.59,0.144,0.142,0.096,0.397,0.023,0.439,0.046,0.332,0.033,0.645,0.212,0.174
197,9.075720713938118,6.46,12.433,7.588,3.116,0.537,0.141,0.557,0.389,0.408,0.409,0.309,0.38,0.295,0.528,0.297,0.451,0.397
198,9.148741651280924,7.03,10.714,7.69,3.467,0.49,0.139,0.438,0.378,0.43,0.443,0.315,0.389,0.313,0.395,0.337,0.415,0.417
199,8.958607314841775,1.8,218.954,7.78,2.62,0.955,0.142,0.568,0.346,0.396,0.383,0.322,0.329,0.263,0.419,0.634,0.437,0.357
200,7.016193358021584,3.29,34.079,17.836,3.896,0.611,0.141,0.032,0.26,0.386,0.002,0.005,0.007,0.313,0.02,0.355,0.226,0.057
201,9.148741651280924,2.01,14.508,5.31,3.247,0.629,0.142,0.494,0.381,0.365,0.433,0.326,0.331,0.293,0.397,0.381,0.413,0.368
202,9.187086643357144,3.2,181.137,54.238,17.296,0.717,0.143,0.317,0.043,0.529,0.099,0.327,0.039,0.423,0.018,0.215,0.296,0.281
203,8.978810700930062,2.73,337.073,47.747,8.693,0.857,0.14,0.95,0.1,0.356,0.029,0.008,0.044,0.061,0.05,0.169,0.469,0.334
204,8.886056647693163,4.83,283.555,186.674,5.737,0.596,0.14,0.485,0.766,0.339,0.127,0.46,0.295,0.326,0.21,0.225,0.53,0.468
205,9.136677139879543,0.66,11.497,6.995,3.152,0.531,0.137,0.5,0.406,0.481,0.472,0.401,0.403,0.385,0.401,0.401,0.462,0.429
206,8.943095148663527,9.11,91.378,5.622,3.775,0.907,0.139,0.116,0.402,0.413,0.463,0.324,0.387,0.319,0.459,0.379,0.31,0.308
207,9.275724130399212,8.32,274.025,26.837,3.525,0.9,0.138,0.738,0.588,0.296,0.478,0.433,0.514,0.317,0.548,0.263,0.541,0.565
208,9.148741651280924,3.12,29.707,13.293,2.838,0.648,0.132,0.638,0.462,0.341,0.316,0.49,0.404,0.329,0.395,0.401,0.48,0.505
209,9.2518119729938,6.73,90.679,21.777,4.22,0.777,0.136,0.214,0.539,0.455,0.417,0.527,0.47,0.435,0.515,0.519,0.402,0.358
210,9.142667503568733,3.99,121.446,16.756,5.859,0.843,0.135,0.182,0.383,0.347,0.306,0.368,0.32,0.34,0.265,0.459,0.304,0.256
211,9.292429823902063,2.47,287.144,192.849,3.881,0.593,0.142,0.576,0.323,0.352,0.193,0.317,0.257,0.281,0.247,0.542,0.417,0.419
212,9.327902142064282,8.17,288.582,14.093,3.246,0.943,0.142,0.589,0.468,0.44,0.296,0.519,0.388,0.394,0.385,0.463,0.499,0.476
213,9.0268721464003,1.98,142.039,16.079,3.04,0.881,0.135,0.237,0.437,0.348,0.412,0.25,0.432,0.275,0.465,0.209,0.341,0.273
214,9.154901959985745,0.25,45.009,5.408,2.184,0.856,0.134,0.511,0.28,0.396,0.395,0.309,0.308,0.289,0.365,0.446,0.396,0.387
215,9.18045606445813,8.19,11.982,6.228,3.501,0.552,0.142,0.466,0.366,0.499,0.417,0.548,0.33,0.441,0.625,0.428,0.444,0.429
216,9.113509274827518,8.7,13.426,8.525,2.428,0.551,0.136,0.591,0.591,0.434,0.502,0.588,0.548,0.387,0.54,0.537,0.539,0.554
217,9.337242168318426,8.26,485.283,110.47,4.31,0.809,0.138,0.606,0.269,0.306,0.372,0.281,0.32,0.23,0.244,0.187,0.394,0.458
218,9.086186147616283,0.1,10.477,7.444,3.673,0.485,0.139,0.467,0.538,0.437,0.554,0.391,0.513,0.356,0.575,0.382,0.481,0.477
219,9.431798275933003,7.05,361.491,236.162,3.11,0.602,0.139,0.293,0.53,0.367,0.364,0.375,0.437,0.303,0.526,0.429,0.397,0.339
220,9.337242168318426,7.79,257.751,10.193,2.625,0.953,0.137,0.239,0.403,0.373,0.388,0.36,0.357,0.287,0.332,0.419,0.338,0.344
221,9.18045606445813,8.13,225.778,100.8,2.831,0.685,0.136,0.745,0.312,0.375,0.579,0.336,0.518,0.293,0.233,0.507,0.477,0.541
223,9.292429823902063,3.15,39.967,4.711,4.641,0.81,0.132,0.565,0.47,0.328,0.495,0.284,0.36,0.311,0.55,0.375,0.454,0.448
224,9.075720713938118,4.02,49.726,10.531,2.769,0.789,0.133,0.499,0.028,0.439,0.008,0.034,0.011,0.172,0.015,0.332,0.322,0.173
225,8.958607314841775,5.28,241.365,10.802,4.044,0.942,0.137,0.679,0.373,0.405,0.345,0.281,0.372,0.305,0.383,0.249,0.486,0.382
226,9.05551732784983,3.11,212.975,9.192,2.884,0.946,0.138,0.849,0.518,0.346,0.444,0.335,0.469,0.269,0.559,0.369,0.571,0.504
227,9.259637310505756,7.87,358.985,156.489,2.921,0.692,0.138,0.291,0.23,0.278,0.209,0.281,0.224,0.235,0.227,0.118,0.266,0.337
228,9.187086643357144,0.05,33.036,4.783,1.121,0.848,0.138,0.528,0.37,0.353,0.447,0.296,0.348,0.228,0.571,0.379,0.417,0.383
229,9.236572006437065,6.53,32.652,4.732,2.084,0.827,0.136,0.472,0.413,0.348,0.404,0.319,0.364,0.243,0.347,0.663,0.411,0.363
231,9.00436480540245,5.22,220.791,9.443,3.359,0.945,0.137,0.427,0.461,0.376,0.392,0.271,0.418,0.284,0.385,0.241,0.421,0.305
232,8.962573502059376,0.7,291.554,13.994,3.943,0.942,0.135,0.97,0.491,0.437,0.42,0.376,0.43,0.357,0.474,0.542,0.633,0.58
233,9.187086643357144,1.2,20.447,7.37,1.46,0.698,0.137,0.444,0.545,0.351,0.407,0.389,0.436,0.275,0.342,0.522,0.447,0.398
234,9.119186407719209,8.76,223.077,13.368,2.289,0.934,0.135,0.92,0.385,0.459,0.555,0.469,0.373,0.389,0.248,0.617,0.588,0.626
235,9.070581074285707,8.94,19.163,10.28,2.943,0.592,0.135,0.52,0.466,0.382,0.298,0.332,0.362,0.287,0.229,0.575,0.456,0.374
236,9.130768280269024,0.7,138.267,6.171,4.667,0.927,0.14,0.314,0.453,0.314,0.407,0.331,0.405,0.28,0.521,0.284,0.36,0.308
237,9.229147988357855,7.6,212.661,11.533,5.699,0.925,0.139,0.165,0.383,0.393,0.328,0.411,0.352,0.349,0.386,0.478,0.313,0.269
238,9.221848749616356,6.03,181.032,17.908,4.546,0.89,0.136,0.298,0.526,0.338,0.461,0.3,0.481,0.242,0.66,0.229,0.387,0.35
239,9.30102999566398,3.71,231.203,12.052,3.507,0.937,0.141,0.768,0.322,0.357,0.442,0.428,0.292,0.352,0.751,0.315,0.482,0.571
240,8.958607314841775,0.2,45.213,7.55,2.248,0.822,0.136,0.597,0.34,0.316,0.304,0.623,0.322,0.309,0.446,0.459,0.418,0.523
241,9.468521082957745,4.24,24.191,4.353,3.254,0.761,0.14,0.5,0.397,0.45,0.446,0.407,0.352,0.393,0.392,0.433,0.449,0.413
242,9.18045606445813,3.06,14.85,6.698,3.242,0.599,0.144,0.526,0.41,0.471,0.367,0.458,0.362,0.353,0.469,0.494,0.469,0.397
243,9.267606240177033,9.86,20.257,5.524,2.589,0.714,0.143,0.529,0.378,0.429,0.394,0.394,0.348,0.288,0.494,0.576,0.445,0.381
245,9.050609993355089,7.75,40.394,28.441,6.116,0.539,0.142,0.168,0.024,0.279,0.06,0.077,0.092,0.155,0.006,0.205,0.157,0.135
246,9.130768280269024,3.03,174.227,7.45,5.611,0.93,0.139,0.126,0.426,0.348,0.475,0.321,0.362,0.317,0.61,0.461,0.3,0.291
247,9.065501548756432,1.8,27.688,4.725,2.261,0.799,0.14,0.58,0.351,0.446,0.471,0.497,0.37,0.37,0.49,0.539,0.459,0.46
248,9.173925197299171,0.63,329.955,8.919,5.994,0.957,0.14,0.876,0.369,0.347,0.449,0.326,0.418,0.33,0.353,0.348,0.531,0.593
249,9.148741651280924,1.06,35.066,5.335,2.18,0.824,0.141,0.555,0.434,0.332,0.533,0.524,0.462,0.32,0.587,0.415,0.44,0.483
250,9.013228265733757,8.2,26.6,4.935,1.736,0.8,0.14,0.516,0.452,0.362,0.493,0.357,0.422,0.257,0.457,0.573,0.443,0.415
251,9.18045606445813,6.55,67.318,44.092,5.254,0.577,0.141,0.088,0.099,0.419,0.014,0.069,0.068,0.201,0.023,0.371,0.202,0.036
252,9.366531544420411,0.85,387.413,19.167,4.744,0.942,0.137,0.952,0.022,0.427,0.003,0.124,0.006,0.412,0.008,0.446,0.467,0.39
253,8.271646217978772,1.87,22.14,5.036,1.979,0.759,0.144,0.496,0.372,0.461,0.448,0.299,0.35,0.311,0.409,0.475,0.443,0.364
254,8.931814138253838,7.66,11.496,8.279,2.99,0.505,0.139,0.492,0.386,0.331,0.402,0.225,0.393,0.233,0.418,0.209,0.403,0.36
255,8.97061622231479,8.78,19.263,6.096,3.165,0.675,0.143,0.626,0.494,0.43,0.477,0.485,0.458,0.395,0.593,0.441,0.517,0.457
256,9.040958607678906,3.77,190.959,93.362,10.247,0.648,0.14,0.18,0.095,0.367,0.03,0.279,0.028,0.335,0.031,0.393,0.214,0.125
257,9.065501548756432,6.17,20.014,9.456,6.681,0.554,0.137,0.024,0.427,0.485,0.028,0.009,0.336,0.251,0.092,0.311,0.312,0.05
258,9.142667503568733,9.14,238.79,33.118,4.893,0.863,0.137,0.714,0.023,0.477,0.003,0.157,0.007,0.315,0.01,0.375,0.405,0.35
260,8.76447155309245,4.04,270.144,248.307,9.716,0.511,0.136,0.67,0.167,0.419,0.093,0.365,0.119,0.347,0.064,0.417,0.419,0.494
261,9.05551732784983,5.75,430.579,8.902,1.826,0.976,0.138,0.862,0.445,0.424,0.522,0.421,0.463,0.316,0.443,0.678,0.577,0.661
262,9.022276394711152,4.34,12.13,8.283,2.988,0.518,0.136,0.494,0.446,0.486,0.61,0.426,0.466,0.396,0.431,0.46,0.475,0.464
263,9.1249387366083,4.95,25.672,6.971,2.748,0.725,0.141,0.487,0.419,0.318,0.352,0.305,0.371,0.237,0.432,0.416,0.408,0.383
264,9.036212172654444,6.31,23.027,9.377,3.685,0.638,0.138,0.548,0.437,0.36,0.313,0.383,0.386,0.327,0.423,0.318,0.448,0.442
265,8.892790030352131,8.72,12.861,7.396,4.449,0.521,0.137,0.492,0.433,0.354,0.507,0.343,0.427,0.326,0.609,0.348,0.426,0.412
266,8.920818753952375,8.48,144.3,94.902,11.527,0.576,0.137,0.246,0.159,0.382,0.175,0.599,0.166,0.47,0.125,0.458,0.262,0.372
267,9.096910013008056,9.53,264.558,24.781,3.222,0.904,0.135,0.782,0.353,0.337,0.317,0.52,0.341,0.343,0.333,0.332,0.491,0.59
268,9.200659450546418,4.34,9.811,9.22,2.836,0.449,0.137,0.447,0.442,0.476,0.386,0.402,0.402,0.378,0.453,0.418,0.455,0.437
269,8.935542010773082,2.59,368.035,177.908,57.85,0.61,0.136,0.266,0.286,0.062,0.213,0.037,0.225,0.045,0.11,0.02,0.205,0.214
270,9.102372908709558,1.68,34.468,10.922,4.493,0.691,0.138,0.051,0.439,0.401,0.221,0.034,0.354,0.196,0.396,0.182,0.297,0.089
271,9.397940008672036,9.81,18.175,6.083,3.073,0.665,0.141,0.548,0.5,0.405,0.426,0.387,0.475,0.336,0.493,0.396,0.484,0.467
272,9.075720713938118,8.04,325.835,7.435,4.853,0.964,0.136,0.284,0.536,0.433,0.536,0.365,0.515,0.364,0.57,0.31,0.418,0.364
273,9.173925197299171,7.31,11.234,6.373,3.975,0.521,0.138,0.514,0.461,0.315,0.463,0.523,0.4,0.367,0.568,0.42,0.43,0.455
274,9.207608310501746,5.77,576.668,103.915,17.233,0.826,0.137,0.922,0.19,0.028,0.142,0.105,0.196,0.024,0.113,0.016,0.38,0.398
275,8.400116927926312,6.84,222.989,8.89,3.224,0.948,0.136,0.809,0.473,0.4,0.331,0.319,0.397,0.306,0.326,0.49,0.561,0.52
276,9.031517051446064,3.68,141.464,4.28,2.58,0.954,0.137,0.353,0.308,0.377,0.334,0.374,0.293,0.3,0.368,0.528,0.346,0.349
277,8.838631997765026,6.77,9.758,7.679,5.007,0.435,0.136,0.449,0.43,0.472,0.361,0.371,0.47,0.432,0.397,0.571,0.45,0.47
278,8.962573502059376,9.36,62.318,25.264,2.877,0.689,0.136,0.041,0.433,0.389,0.25,0.387,0.406,0.315,0.077,0.49,0.288,0.223
279,9.013228265733757,9.24,34.121,8.684,2.01,0.761,0.137,0.593,0.515,0.339,0.53,0.49,0.47,0.277,0.559,0.503,0.483,0.537
280,8.607303046740334,1.59,136.559,19.064,8.767,0.831,0.133,0.211,0.459,0.455,0.522,0.255,0.458,0.349,0.48,0.328,0.375,0.374
281,8.492144128304169,5.59,254.597,8.741,2.525,0.958,0.134,0.906,0.426,0.397,0.307,0.518,0.351,0.341,0.371,0.65,0.576,0.566
282,8.98296666070122,2.76,12.495,9.461,2.894,0.503,0.136,0.535,0.469,0.447,0.441,0.362,0.446,0.346,0.486,0.328,0.484,0.4
283,8.508638306165727,7.62,524.171,135.871,3.678,0.79,0.134,0.689,0.259,0.341,0.116,0.286,0.195,0.27,0.121,0.3,0.43,0.351
284,9.346787486224656,9.33,72.004,13.452,2.553,0.818,0.137,0.133,0.415,0.351,0.282,0.29,0.175,0.248,0.161,0.387,0.3,0.223
285,8.924453038607469,9.97,395.788,11.072,3.763,0.964,0.134,0.407,0.564,0.421,0.437,0.306,0.468,0.311,0.476,0.441,0.464,0.372
286,9.2839966563652,4.66,212.126,114.117,6.429,0.638,0.135,0.662,0.194,0.391,0.02,0.221,0.056,0.295,0.058,0.25,0.416,0.383
287,8.892790030352131,2.26,33.232,6.228,1.293,0.815,0.137,0.548,0.378,0.289,0.432,0.323,0.365,0.232,0.535,0.442,0.405,0.416
288,8.424812155072338,9.49,23.536,6.347,3.607,0.703,0.137,0.52,0.393,0.399,0.349,0.228,0.339,0.309,0.34,0.278,0.437,0.39
289,9.292429823902063,0.85,44.366,8.286,4.901,0.771,0.135,0.065,0.383,0.429,0.471,0.422,0.402,0.385,0.345,0.398,0.293,0.306
290,8.590066876668706,7.68,270.234,9.374,4.443,0.951,0.136,0.929,0.553,0.326,0.645,0.479,0.517,0.3,0.88,0.406,0.603,0.676
291,8.91721462968355,4.33,310.05,13.006,6.653,0.94,0.138,0.2,0.522,0.483,0.467,0.302,0.496,0.435,0.479,0.332,0.402,0.368
292,9.522878745280336,7.95,96.131,10.506,3.222,0.875,0.134,0.149,0.514,0.397,0.439,0.528,0.454,0.366,0.466,0.459,0.353,0.336
293,9.619788758288394,3.81,410.505,220.714,52.246,0.601,0.138,0.28,0.434,0.051,0.401,0.077,0.372,0.035,0.249,0.017,0.255,0.219
294,9.568636235841012,4.75,51.192,11.006,3.797,0.776,0.138,0.055,0.518,0.429,0.266,0.326,0.409,0.388,0.387,0.466,0.334,0.229
295,8.65169513695184,5.15,240.82,45.211,14.781,0.801,0.136,0.226,0.073,0.502,0.037,0.004,0.026,0.07,0.029,0.226,0.267,0.071
297,9.214670164989233,7.32,224.142,8.762,4.533,0.944,0.134,0.741,0.407,0.469,0.29,0.39,0.337,0.409,0.326,0.491,0.539,0.425
298,9.200659450546418,8.96,631.964,278.655,4.63,0.69,0.138,0.951,0.876,0.433,0.849,0.424,0.853,0.395,0.751,0.292,0.753,0.73
299,9.10790539730952,9.92,600.695,163.303,11.71,0.774,0.133,0.543,0.249,0.435,0.173,0.324,0.212,0.368,0.098,0.399,0.409,0.307
300,8.950781977329818,0.62,16.041,8.243,4.409,0.559,0.137,0.608,0.464,0.317,0.379,0.416,0.395,0.331,0.387,0.359,0.463,0.468
301,8.943095148663527,3.79,24.761,7.161,5.077,0.669,0.136,0.672,0.469,0.447,0.378,0.338,0.409,0.384,0.478,0.332,0.529,0.45
302,8.958607314841775,4.56,150.857,11.186,3.354,0.912,0.136,0.207,0.489,0.443,0.389,0.463,0.404,0.409,0.418,0.584,0.38,0.34
303,8.97061622231479,6.68,72.906,6.791,4.253,0.868,0.138,0.06,0.371,0.478,0.715,0.337,0.379,0.343,0.316,0.435,0.303,0.373
304,9.244125144327509,6.32,371.014,86.389,2.47,0.807,0.138,0.795,0.119,0.233,0.068,0.443,0.108,0.241,0.06,0.214,0.382,0.471
305,8.186419011431807,0.25,26.688,8.246,3.354,0.697,0.136,0.64,0.363,0.403,0.322,0.373,0.342,0.311,0.348,0.516,0.469,0.435
306,9.481486060122112,8.81,22.711,10.785,3.733,0.61,0.139,0.065,0.301,0.47,0.27,0.099,0.292,0.216,0.278,0.352,0.279,0.134
307,9.2839966563652,4.41,37.132,6.663,1.859,0.813,0.138,0.574,0.431,0.26,0.418,0.451,0.406,0.229,0.565,0.369,0.422,0.499
308,9.193820026016112,0.14,22.556,5.908,2.572,0.727,0.143,0.582,0.351,0.444,0.401,0.411,0.339,0.324,0.45,0.524,0.459,0.391
309,9.275724130399212,1.1,241.571,15.639,3.253,0.927,0.138,0.883,0.677,0.358,0.535,0.384,0.589,0.302,0.642,0.341,0.639,0.618
310,9.2839966563652,0.87,149.299,20.917,7.922,0.838,0.143,0.144,0.019,0.398,0.353,0.275,0.05,0.369,0.007,0.358,0.187,0.26
311,9.10790539730952,2.7,286.63,24.354,1.8,0.916,0.141,0.581,0.602,0.261,0.319,0.191,0.464,0.149,0.488,0.224,0.482,0.378
312,9.337242168318426,9.12,54.728,9.945,4.251,0.794,0.139,0.061,0.481,0.377,0.469,0.243,0.446,0.268,0.474,0.293,0.306,0.299
313,9.167491087293763,2.42,13.017,7.312,2.36,0.574,0.138,0.516,0.497,0.437,0.508,0.404,0.516,0.327,0.559,0.51,0.483,0.451
314,8.782516055786093,7.2,312.981,45.205,4.084,0.864,0.14,0.845,0.05,0.369,0.016,0.11,0.025,0.171,0.031,0.157,0.421,0.313
315,9.119186407719209,0.57,83.278,18.416,5.561,0.776,0.138,0.184,0.515,0.346,0.415,0.397,0.483,0.318,0.441,0.568,0.348,0.299
316,9.267606240177033,7.23,27.532,5.359,1.942,0.79,0.138,0.531,0.36,0.4,0.368,0.327,0.311,0.275,0.495,0.438,0.43,0.387
317,9.244125144327509,2.25,36.289,7.169,1.995,0.798,0.137,0.486,0.424,0.33,0.384,0.49,0.373,0.289,0.519,0.403,0.413,0.446
318,9.346787486224656,5.63,308.731,133.989,3.309,0.692,0.138,0.415,0.327,0.375,0.728,0.227,0.406,0.286,0.803,0.296,0.372,0.427
319,9.259637310505756,9.55,184.317,56.905,20.094,0.705,0.137,0.193,0.13,0.536,0.178,0.494,0.158,0.483,0.098,0.591,0.286,0.292
320,9.193820026016112,3.36,527.58,138.694,4.526,0.786,0.138,0.756,0.238,0.383,0.128,0.285,0.153,0.329,0.141,0.292,0.459,0.361
321,9.09151498112135,6.07,112.587,28.222,1.95,0.789,0.139,0.128,0.502,0.298,0.395,0.298,0.454,0.223,0.498,0.364,0.309,0.31
322,9.136677139879543,4.66,244.372,11.03,2.976,0.946,0.139,0.805,0.339,0.327,0.453,0.265,0.383,0.251,0.316,0.371,0.49,0.555
323,8.698970004336019,1.64,124.834,28.59,8.279,0.772,0.136,0.153,0.198,0.04,0.182,0.004,0.201,0.008,0.162,0.019,0.131,0.117
324,8.96657624451305,0.72,223.071,33.2,2.136,0.863,0.136,0.418,0.374,0.356,0.356,0.391,0.387,0.261,0.433,0.448,0.383,0.462
325,8.809668301829708,3.19,33.421,8.556,1.36,0.771,0.139,0.613,0.371,0.338,0.396,0.27,0.38,0.21,0.426,0.466,0.441,0.413
326,8.847711655616944,6.31,28.097,5.407,3.081,0.768,0.138,0.527,0.357,0.417,0.436,0.155,0.357,0.245,0.639,0.217,0.433,0.368
327,8.806875401645538,9.12,30.849,6.721,1.973,0.78,0.139,0.549,0.44,0.311,0.426,0.494,0.442,0.263,0.586,0.623,0.433,0.459
328,8.8153085691824,6.92,25.686,8.076,1.953,0.719,0.139,0.52,0.343,0.298,0.322,0.311,0.337,0.21,0.495,0.477,0.387,0.377
329,8.87942606879415,4.9,25.563,4.725,1.537,0.803,0.143,0.534,0.367,0.281,0.538,0.393,0.408,0.216,0.458,0.676,0.394,0.435
330,8.67366413907125,5.48,26.235,5.51,1.557,0.788,0.138,0.456,0.465,0.367,0.403,0.454,0.389,0.318,0.439,0.425,0.429,0.417
331,8.6345120151091,3.75,46.411,5.108,2.261,0.863,0.138,0.067,0.483,0.332,0.409,0.114,0.404,0.125,0.493,0.12,0.294,0.183
332,8.51999305704285,9.55,380.937,264.256,2.048,0.589,0.142,0.656,0.688,0.363,0.571,0.198,0.52,0.241,0.283,0.302,0.569,0.53
333,8.910094888560602,9.22,29.518,6.739,2.738,0.757,0.137,0.618,0.33,0.382,0.326,0.491,0.331,0.347,0.455,0.384,0.443,0.5
334,9.229147988357855,3.47,36.612,8.67,2.419,0.768,0.141,0.083,0.39,0.236,0.266,0.015,0.252,0.039,0.454,0.16,0.236,0.108
335,9.161150909262744,9.51,27.925,5.203,1.749,0.801,0.138,0.543,0.411,0.265,0.342,0.312,0.338,0.193,0.392,0.638,0.406,0.383
336,9.356547323513812,7.27,240.473,30.064,1.489,0.884,0.137,0.761,0.504,0.269,0.457,0.379,0.474,0.205,0.527,0.649,0.511,0.539
337,9.42021640338319,1.56,207.536,134.705,10.673,0.588,0.142,0.426,0.212,0.434,0.665,0.394,0.363,0.371,0.114,0.514,0.357,0.508
338,9.040958607678906,1.86,45.292,5.163,1.109,0.878,0.134,0.495,0.411,0.369,0.368,0.181,0.337,0.197,0.423,0.321,0.425,0.345
339,9.275724130399212,4.8,25.205,6.01,2.509,0.747,0.136,0.566,0.387,0.328,0.387,0.296,0.348,0.252,0.51,0.404,0.427,0.405
340,8.832682665251824,8.52,89.66,8.232,3.102,0.888,0.14,0.138,0.556,0.402,0.412,0.579,0.487,0.375,0.488,0.422,0.365,0.367
341,8.935542010773082,5.68,192.717,88.846,3.237,0.677,0.137,0.339,0.213,0.377,0.286,0.151,0.225,0.215,0.149,0.326,0.309,0.26
342,8.777283528852417,9.41,28.521,6.102,1.179,0.797,0.142,0.48,0.359,0.339,0.421,0.295,0.349,0.211,0.442,0.453,0.392,0.372
343,9.142667503568733,6.92,17.893,7.851,1.118,0.666,0.146,0.497,0.447,0.319,0.457,0.265,0.409,0.227,0.432,0.32,0.421,0.359
344,9.05551732784983,9.7,136.836,108.001,16.41,0.524,0.144,0.187,0.145,0.469,0.112,0.328,0.107,0.395,0.063,0.464,0.267,0.265
345,9.236572006437065,4.89,155.564,27.968,5.333,0.824,0.137,0.109,0.485,0.361,0.47,0.311,0.479,0.317,0.531,0.502,0.318,0.327
346,9.173925197299171,8.53,293.924,9.541,2.575,0.96,0.141,0.92,0.494,0.36,0.386,0.305,0.425,0.229,0.437,0.252,0.591,0.566
347,9.10790539730952,6.43,36.785,11.16,3.582,0.714,0.139,0.182,0.06,0.336,0.033,0.004,0.022,0.034,0.03,0.097,0.193,0.072
348,9.167491087293763,9.21,179.686,33.155,1.941,0.837,0.142,0.305,0.075,0.319,0.021,0.08,0.032,0.126,0.044,0.205,0.233,0.157
349,9.346787486224656,8.85,186.698,14.817,4.629,0.906,0.14,0.247,0.42,0.295,0.232,0.348,0.338,0.283,0.293,0.332,0.32,0.264
350,8.910094888560602,9.4,23.073,6.606,2.233,0.723,0.141,0.554,0.416,0.29,0.469,0.301,0.398,0.202,0.437,0.527,0.42,0.399
351,8.517126416391246,5.8,451.854,25.418,3.554,0.94,0.137,0.591,0.493,0.31,0.483,0.323,0.503,0.252,0.447,0.509,0.465,0.436
353,8.701146923590294,4.75,190.902,31.758,5.314,0.837,0.135,0.124,0.055,0.417,0.043,0.343,0.055,0.337,0.03,0.347,0.199,0.187
354,9.119186407719209,8.93,261.049,9.657,2.288,0.956,0.145,0.893,0.433,0.308,0.441,0.276,0.394,0.221,0.784,0.33,0.545,0.497
355,8.1518108830086,3.16,456.477,18.208,3.477,0.955,0.133,0.883,0.281,0.348,0.52,0.407,0.309,0.299,0.24,0.657,0.504,0.562
356,8.899629454882437,8.48,312.869,8.184,1.916,0.969,0.144,0.509,0.353,0.338,0.325,0.434,0.342,0.261,0.416,0.517,0.4,0.342
357,8.586700235918748,6.06,246.35,5.049,2.44,0.97,0.142,0.744,0.372,0.386,0.22,0.486,0.254,0.323,0.441,0.479,0.5,0.421
358,8.570247719997592,9.67,413.451,200.305,3.096,0.67,0.143,0.843,0.476,0.539,0.802,0.473,0.638,0.496,0.576,0.46,0.619,0.783
359,8.53313237964589,9.66,151.63,39.76,1.943,0.784,0.142,0.303,0.044,0.386,0.008,0.326,0.017,0.273,0.02,0.604,0.244,0.232
360,8.301029995663981,1.11,331.501,133.161,5.552,0.705,0.139,0.383,0.238,0.362,0.029,0.346,0.077,0.369,0.07,0.31,0.327,0.278
361,8.65169513695184,9.27,21.17,8.624,2.32,0.659,0.14,0.532,0.377,0.347,0.38,0.224,0.368,0.236,0.61,0.269,0.419,0.36
362,8.642065152999546,7.0,18.76,8.726,1.335,0.651,0.144,0.538,0.426,0.376,0.371,0.484,0.383,0.302,0.556,0.502,0.447,0.438
363,8.866461091629782,6.89,263.892,14.516,2.187,0.94,0.144,0.335,0.506,0.353,0.42,0.423,0.439,0.274,0.422,0.666,0.398,0.404
364,8.7594507517174,4.13,20.636,7.367,1.258,0.705,0.144,0.573,0.358,0.403,0.36,0.399,0.348,0.279,0.376,0.601,0.445,0.419
365,9.050609993355089,5.83,393.898,322.996,5.789,0.545,0.139,0.508,0.447,0.395,0.341,0.188,0.443,0.27,0.48,0.26,0.45,0.347
366,8.5654310959658,5.61,349.678,188.542,3.301,0.646,0.143,0.384,0.291,0.356,0.145,0.304,0.206,0.275,0.109,0.566,0.344,0.277
367,8.913640169325252,4.03,25.485,6.891,1.509,0.752,0.14,0.547,0.372,0.308,0.388,0.525,0.36,0.268,0.478,0.561,0.409,0.428
368,8.906578314837764,9.13,178.317,15.788,5.071,0.895,0.139,0.223,0.391,0.339,0.267,0.306,0.349,0.268,0.345,0.559,0.317,0.217
369,8.296708621881338,2.57,31.628,22.698,3.4,0.548,0.14,0.021,0.537,0.426,0.39,0.315,0.491,0.311,0.008,0.263,0.328,0.318
370,8.958607314841775,2.59,234.595,10.03,2.941,0.948,0.136,0.83,0.587,0.368,0.533,0.418,0.516,0.298,0.794,0.374,0.595,0.656
371,8.26121944151563,7.0,259.256,16.579,2.482,0.932,0.137,0.582,0.286,0.328,0.26,0.508,0.287,0.312,0.366,0.439,0.399,0.555
372,8.698970004336019,0.77,44.687,5.708,3.256,0.833,0.132,0.582,0.355,0.43,0.431,0.355,0.353,0.317,0.561,0.491,0.455,0.444
373,9.096910013008056,5.41,15.508,8.909,1.275,0.604,0.147,0.562,0.388,0.325,0.411,0.439,0.383,0.248,0.447,0.616,0.425,0.389
374,7.852632892206214,6.87,26.958,6.778,2.354,0.747,0.141,0.574,0.327,0.364,0.332,0.321,0.306,0.262,0.344,0.528,0.422,0.367
375,8.995678626217357,6.83,19.747,8.626,1.259,0.666,0.144,0.514,0.414,0.341,0.398,0.479,0.38,0.277,0.552,0.569,0.423,0.41
376,8.860120913598763,2.56,318.369,131.885,4.261,0.7,0.146,0.521,0.83,0.424,0.824,0.373,0.846,0.367,0.693,0.318,0.591,0.574
379,8.958607314841775,3.19,396.16,9.759,3.326,0.968,0.142,0.584,0.439,0.429,0.492,0.349,0.444,0.33,0.398,0.376,0.484,0.489
380,9.040958607678906,6.22,303.751,20.899,2.546,0.928,0.141,0.828,0.507,0.373,0.323,0.416,0.337,0.299,0.466,0.345,0.569,0.497
381,8.826813731587725,1.56,36.161,26.694,5.366,0.53,0.142,0.037,0.589,0.343,0.005,0.004,0.007,0.37,0.01,0.423,0.323,0.145
382,8.931814138253838,2.58,331.8,64.848,16.126,0.804,0.144,0.244,0.107,0.581,0.038,0.37,0.054,0.419,0.044,0.431,0.311,0.234
383,8.876148359032914,4.55,22.276,5.768,2.675,0.725,0.14,0.589,0.366,0.448,0.395,0.499,0.344,0.36,0.502,0.634,0.468,0.434
384,8.94692155651658,1.73,216.299,143.168,2.84,0.597,0.141,0.314,0.235,0.421,0.078,0.6,0.124,0.386,0.077,0.572,0.323,0.355
385,8.97061622231479,2.5,465.194,18.484,3.283,0.955,0.142,0.956,0.314,0.416,0.227,0.48,0.272,0.35,0.256,0.379,0.562,0.586
386,8.995678626217357,1.53,268.225,153.876,11.419,0.619,0.141,0.235,0.187,0.414,0.189,0.271,0.164,0.309,0.106,0.38,0.279,0.207
387,9.2518119729938,2.35,369.199,4.755,3.265,0.979,0.144,0.757,0.357,0.428,0.396,0.364,0.332,0.308,0.389,0.42,0.514,0.542
388,8.913640169325252,9.99,231.754,72.762,4.02,0.751,0.144,0.848,0.082,0.422,0.189,0.365,0.122,0.41,0.071,0.336,0.451,0.528
389,9.036212172654444,0.69,22.288,4.88,2.582,0.749,0.142,0.543,0.4,0.369,0.502,0.416,0.397,0.274,0.591,0.529,0.437,0.419
390,9.267606240177033,9.21,234.593,6.185,4.092,0.958,0.14,0.566,0.455,0.382,0.342,0.258,0.354,0.283,0.395,0.273,0.467,0.329
391,9.356547323513812,7.34,285.84,105.132,2.206,0.727,0.141,0.294,0.171,0.387,0.22,0.263,0.196,0.266,0.153,0.349,0.284,0.284
392,9.2518119729938,3.02,17.621,5.008,3.871,0.665,0.14,0.548,0.397,0.379,0.438,0.241,0.4,0.267,0.483,0.246,0.441,0.378
393,9.4089353929735,4.13,463.531,10.4,4.104,0.97,0.137,0.798,0.327,0.451,0.385,0.432,0.357,0.419,0.327,0.51,0.525,0.616
394,9.387216143280265,7.98,29.841,10.489,3.514,0.681,0.131,0.61,0.453,0.273,0.323,0.406,0.394,0.287,0.401,0.367,0.445,0.471
395,9.259637310505756,5.59,44.455,11.632,5.433,0.723,0.144,0.054,0.501,0.455,0.367,0.487,0.447,0.434,0.137,0.336,0.337,0.295
396,9.327902142064282,9.43,199.805,139.99,5.727,0.578,0.142,0.404,0.199,0.416,0.018,0.406,0.047,0.407,0.028,0.497,0.34,0.263
397,9.42021640338319,1.28,179.944,19.803,4.963,0.879,0.141,0.138,0.426,0.422,0.281,0.384,0.35,0.33,0.354,0.644,0.329,0.246
399,9.267606240177033,9.54,18.147,9.461,3.253,0.588,0.139,0.566,0.409,0.409,0.316,0.406,0.379,0.316,0.401,0.51,0.461,0.416
400,9.130768280269024,8.18,81.059,7.92,2.22,0.889,0.14,0.137,0.355,0.355,0.283,0.474,0.325,0.29,0.422,0.509,0.282,0.275
401,9.10790539730952,6.79,86.307,14.436,2.391,0.837,0.143,0.109,0.503,0.398,0.347,0.457,0.419,0.336,0.519,0.395,0.337,0.313
402,9.387216143280265,7.95,54.206,15.709,5.06,0.723,0.141,0.076,0.436,0.38,0.14,0.546,0.308,0.414,0.087,0.429,0.297,0.244
403,9.494850021680094,4.74,17.174,7.173,4.667,0.592,0.141,0.569,0.479,0.473,0.351,0.394,0.421,0.369,0.486,0.399,0.507,0.437
404,9.346787486224656,7.56,303.987,134.032,10.085,0.678,0.139,0.813,0.194,0.316,0.165,0.207,0.188,0.242,0.075,0.204,0.441,0.447
405,8.809668301829708,6.08,20.709,5.941,1.32,0.74,0.143,0.512,0.41,0.326,0.472,0.145,0.388,0.198,0.514,0.173,0.416,0.333
406,9.0,5.87,69.731,15.017,4.624,0.78,0.141,0.091,0.538,0.322,0.363,0.481,0.437,0.356,0.455,0.369,0.317,0.298
407,9.060480747381382,4.88,85.903,13.472,3.324,0.836,0.141,0.125,0.455,0.413,0.342,0.479,0.409,0.338,0.509,0.362,0.331,0.315
408,9.022276394711152,1.73,18.334,5.696,2.212,0.699,0.142,0.523,0.405,0.39,0.484,0.427,0.402,0.302,0.596,0.499,0.439,0.43
409,9.309803919971486,1.26,17.526,6.187,2.423,0.671,0.143,0.555,0.338,0.338,0.44,0.325,0.341,0.254,0.367,0.434,0.41,0.373
410,9.309803919971486,0.35,31.323,9.647,2.064,0.728,0.142,0.075,0.272,0.343,0.024,0.023,0.061,0.104,0.153,0.146,0.23,0.034
411,9.455931955649724,4.07,21.129,7.324,3.11,0.669,0.14,0.516,0.348,0.404,0.37,0.27,0.35,0.28,0.384,0.333,0.423,0.346
412,8.96657624451305,4.55,194.755,8.168,2.826,0.947,0.142,0.421,0.436,0.315,0.404,0.354,0.402,0.236,0.583,0.299,0.391,0.344
413,9.259637310505756,5.72,342.052,12.704,2.598,0.957,0.142,0.416,0.446,0.375,0.313,0.373,0.363,0.297,0.341,0.389,0.413,0.32
414,9.207608310501746,9.06,77.334,20.02,5.405,0.753,0.14,0.102,0.562,0.333,0.489,0.275,0.519,0.298,0.447,0.443,0.333,0.262
415,9.136677139879543,9.14,15.404,6.194,2.892,0.629,0.145,0.56,0.394,0.433,0.416,0.482,0.361,0.35,0.512,0.635,0.462,0.415
416,9.080921907623926,8.96,16.668,7.626,2.498,0.622,0.142,0.579,0.369,0.357,0.376,0.329,0.366,0.267,0.395,0.46,0.435,0.37
417,9.2518119729938,8.39,34.658,6.889,2.516,0.787,0.139,0.629,0.33,0.343,0.339,0.336,0.315,0.251,0.406,0.457,0.434,0.377
418,8.787812395596042,7.85,13.855,8.599,1.472,0.579,0.153,0.485,0.501,0.206,0.378,0.417,0.396,0.18,0.451,0.478,0.397,0.373
419,9.2518119729938,4.46,200.365,108.236,15.534,0.618,0.145,0.161,0.165,0.475,0.08,0.342,0.134,0.402,0.074,0.461,0.267,0.214
420,8.882728704344236,3.21,26.805,7.725,1.698,0.74,0.145,0.526,0.396,0.287,0.353,0.444,0.348,0.228,0.462,0.42,0.403,0.392
421,8.53313237964589,2.36,208.212,23.034,2.799,0.89,0.145,0.274,0.535,0.333,0.454,0.382,0.417,0.271,0.613,0.271,0.381,0.362
422,8.931814138253838,4.14,96.188,6.757,2.965,0.908,0.142,0.183,0.326,0.45,0.241,0.447,0.26,0.324,0.436,0.38,0.32,0.295
423,9.031517051446064,0.14,30.297,8.183,1.905,0.75,0.142,0.637,0.354,0.258,0.321,0.316,0.329,0.193,0.398,0.517,0.416,0.363
424,8.111259039317108,5.51,424.667,120.384,7.605,0.768,0.143,0.964,0.223,0.401,0.067,0.206,0.117,0.264,0.116,0.365,0.529,0.417
425,7.747146969020107,7.65,214.431,11.707,5.016,0.928,0.144,0.583,0.648,0.417,0.356,0.456,0.434,0.43,0.431,0.415,0.549,0.45
426,8.233587152887601,6.93,66.912,20.799,9.638,0.687,0.144,0.077,0.03,0.477,0.237,0.003,0.008,0.373,0.011,0.189,0.195,0.092
427,8.823908740944319,7.98,16.366,7.83,1.792,0.63,0.147,0.544,0.399,0.322,0.425,0.336,0.385,0.232,0.391,0.719,0.422,0.353
428,8.570247719997592,1.17,291.189,25.227,4.32,0.908,0.144,0.504,0.539,0.299,0.295,0.411,0.412,0.291,0.408,0.278,0.448,0.355
429,8.440093374963887,5.11,389.301,264.613,1.528,0.594,0.143,0.52,0.447,0.349,0.463,0.59,0.569,0.34,0.595,0.428,0.439,0.587
430,9.619788758288394,2.2,23.306,7.583,1.87,0.711,0.142,0.575,0.35,0.315,0.354,0.436,0.354,0.249,0.401,0.628,0.413,0.397
431,9.18045606445813,0.99,21.316,4.505,1.969,0.767,0.143,0.523,0.364,0.342,0.407,0.464,0.346,0.273,0.355,0.623,0.41,0.408
432,9.309803919971486,7.19,193.786,20.228,2.127,0.897,0.145,0.387,0.567,0.317,0.344,0.317,0.437,0.215,0.463,0.672,0.424,0.344
433,9.481486060122112,0.58,237.149,6.219,2.255,0.965,0.145,0.823,0.451,0.431,0.53,0.379,0.465,0.365,0.479,0.571,0.568,0.538
434,9.481486060122112,4.12,176.987,65.414,12.12,0.695,0.143,0.178,0.06,0.38,0.177,0.275,0.082,0.361,0.021,0.342,0.206,0.181
435,9.309803919971486,7.03,335.948,226.388,4.451,0.593,0.143,0.627,0.421,0.382,0.299,0.256,0.354,0.284,0.346,0.448,0.477,0.361
436,9.468521082957745,6.64,13.937,6.692,2.59,0.6,0.144,0.565,0.5,0.396,0.533,0.43,0.463,0.3,0.613,0.54,0.487,0.441
437,9.508638306165729,9.52,20.695,7.082,2.609,0.681,0.142,0.52,0.429,0.34,0.455,0.603,0.434,0.337,0.616,0.353,0.43,0.475
438,9.638272163982409,1.94,8.439,8.129,3.819,0.414,0.141,0.401,0.39,0.409,0.302,0.353,0.348,0.32,0.42,0.428,0.4,0.381
439,9.292429823902063,5.95,445.871,121.994,7.555,0.775,0.144,0.859,0.474,0.415,0.298,0.29,0.365,0.363,0.288,0.352,0.583,0.503
440,9.619788758288394,4.25,412.242,116.408,10.922,0.764,0.145,0.366,0.181,0.543,0.232,0.369,0.171,0.419,0.257,0.379,0.363,0.335
441,9.4089353929735,3.89,81.734,40.401,8.405,0.626,0.138,0.106,0.052,0.441,0.162,0.373,0.053,0.413,0.025,0.153,0.2,0.262
442,9.4089353929735,3.5,151.493,19.614,2.394,0.873,0.143,0.153,0.461,0.382,0.299,0.463,0.38,0.338,0.502,0.33,0.332,0.304
444,9.769551078621726,8.46,281.879,201.277,30.367,0.549,0.146,0.692,0.642,0.025,0.721,0.001,0.668,0.004,0.381,0.006,0.453,0.494
446,9.82390874094432,7.39,18.997,5.348,1.841,0.725,0.146,0.563,0.377,0.422,0.512,0.379,0.389,0.302,0.465,0.58,0.454,0.409
447,9.214670164989233,8.92,287.777,97.597,6.519,0.734,0.139,0.788,0.094,0.419,0.051,0.443,0.083,0.405,0.026,0.437,0.434,0.48
448,9.267606240177033,4.05,10.355,9.389,2.782,0.46,0.14,0.514,0.463,0.411,0.339,0.366,0.371,0.324,0.409,0.393,0.463,0.401
449,9.455931955649724,9.32,17.971,4.908,2.221,0.716,0.147,0.501,0.396,0.312,0.416,0.365,0.369,0.252,0.354,0.541,0.403,0.402
450,9.236572006437065,0.18,18.971,7.984,1.624,0.664,0.146,0.554,0.418,0.311,0.47,0.368,0.424,0.24,0.462,0.596,0.428,0.396
451,9.522878745280336,3.36,107.052,9.307,2.661,0.899,0.14,0.136,0.353,0.439,0.457,0.368,0.376,0.365,0.433,0.348,0.31,0.313
452,9.619788758288394,3.73,16.785,7.673,1.933,0.636,0.145,0.483,0.394,0.304,0.422,0.357,0.383,0.233,0.374,0.594,0.394,0.363
453,9.267606240177033,5.92,17.818,7.026,2.469,0.652,0.145,0.519,0.401,0.379,0.373,0.545,0.357,0.338,0.571,0.358,0.433,0.416
454,9.4089353929735,6.73,83.128,9.935,4.663,0.851,0.147,0.097,0.536,0.459,0.496,0.352,0.483,0.354,0.569,0.536,0.364,0.29
455,9.537602002101044,1.33,20.143,6.979,2.038,0.691,0.145,0.55,0.44,0.306,0.475,0.377,0.42,0.225,0.58,0.522,0.432,0.402
456,9.050609993355089,0.66,249.54,9.8,1.906,0.955,0.146,0.654,0.437,0.431,0.468,0.192,0.393,0.279,0.705,0.271,0.507,0.363
457,9.309803919971486,1.24,12.434,7.43,1.403,0.585,0.151,0.5,0.517,0.235,0.287,0.457,0.37,0.22,0.438,0.67,0.418,0.376
458,9.585026652029182,8.58,327.237,6.072,2.168,0.975,0.144,0.722,0.244,0.431,0.504,0.299,0.257,0.315,0.18,0.329,0.466,0.469
459,9.494850021680094,2.53,12.387,6.7,2.209,0.582,0.149,0.472,0.444,0.332,0.403,0.442,0.385,0.253,0.451,0.634,0.416,0.4
460,9.2839966563652,1.52,215.279,8.921,2.06,0.951,0.147,0.269,0.381,0.309,0.232,0.309,0.281,0.224,0.226,0.563,0.32,0.275
461,9.42021640338319,8.66,21.698,7.158,3.292,0.675,0.145,0.555,0.459,0.365,0.464,0.362,0.42,0.258,0.527,0.513,0.46,0.41
462,9.55284196865778,7.08,440.087,213.021,5.451,0.668,0.143,0.455,0.302,0.366,0.249,0.465,0.304,0.377,0.2,0.416,0.374,0.373
463,9.481486060122112,4.49,21.026,5.582,2.091,0.733,0.143,0.55,0.509,0.311,0.452,0.468,0.411,0.261,0.531,0.416,0.457,0.436
464,9.221848749616356,6.93,329.198,138.191,43.676,0.644,0.139,0.942,0.154,0.052,0.155,0.027,0.061,0.071,0.046,0.016,0.383,0.377
465,8.721246399047171,9.42,37.109,6.863,2.046,0.806,0.138,0.582,0.371,0.31,0.313,0.603,0.326,0.289,0.381,0.453,0.421,0.504
466,9.10790539730952,0.81,17.183,8.336,1.115,0.645,0.151,0.474,0.496,0.289,0.388,0.43,0.384,0.259,0.328,0.452,0.42,0.391
467,9.214670164989233,8.52,15.028,6.78,1.896,0.634,0.149,0.496,0.402,0.449,0.412,0.336,0.363,0.309,0.374,0.558,0.449,0.369
468,8.939302159646388,7.04,302.77,11.664,4.162,0.95,0.145,0.676,0.522,0.406,0.484,0.336,0.477,0.323,0.644,0.396,0.535,0.479
469,8.838631997765026,1.7,271.097,12.586,3.457,0.944,0.142,0.274,0.52,0.492,0.507,0.574,0.507,0.498,0.395,0.686,0.429,0.472
471,8.872895201635192,9.51,244.623,125.519,54.948,0.575,0.145,0.325,0.201,0.071,0.184,0.022,0.149,0.024,0.095,0.025,0.199,0.182
472,9.2839966563652,2.48,126.881,18.372,4.801,0.846,0.143,0.143,0.525,0.331,0.382,0.452,0.454,0.347,0.459,0.313,0.333,0.331
473,8.903089986991944,2.96,209.888,26.815,5.968,0.865,0.141,0.321,0.506,0.304,0.413,0.427,0.447,0.318,0.498,0.319,0.377,0.37
474,9.397940008672036,2.58,293.822,128.837,3.024,0.69,0.146,0.731,0.527,0.429,0.637,0.464,0.756,0.382,0.563,0.31,0.563,0.562
475,9.67778070526608,4.24,210.075,9.29,3.008,0.945,0.145,0.481,0.403,0.285,0.289,0.423,0.333,0.281,0.236,0.319,0.39,0.499
476,9.207608310501746,8.49,388.554,120.506,15.865,0.74,0.145,0.625,0.259,0.428,0.177,0.331,0.21,0.367,0.12,0.371,0.437,0.388
477,9.142667503568733,1.47,11.176,9.146,1.906,0.503,0.145,0.492,0.433,0.31,0.277,0.347,0.436,0.227,0.44,0.565,0.412,0.37
478,9.318758762624412,3.06,22.587,9.001,2.254,0.667,0.139,0.561,0.373,0.33,0.291,0.326,0.329,0.251,0.425,0.392,0.421,0.371
479,9.193820026016112,7.59,9.69,8.708,2.365,0.467,0.14,0.454,0.495,0.438,0.389,0.349,0.453,0.325,0.441,0.357,0.462,0.396
480,9.2518119729938,5.44,392.115,12.673,3.61,0.96,0.139,0.584,0.552,0.428,0.483,0.419,0.507,0.369,0.491,0.475,0.522,0.521
481,9.30102999566398,5.92,202.869,9.195,5.01,0.935,0.142,0.223,0.428,0.475,0.448,0.482,0.417,0.46,0.371,0.447,0.375,0.42
482,9.508638306165729,3.55,212.794,90.687,2.945,0.694,0.14,0.301,0.251,0.312,0.181,0.284,0.25,0.22,0.11,0.592,0.288,0.222
483,9.397940008672036,8.71,21.785,6.833,3.474,0.679,0.138,0.559,0.329,0.383,0.295,0.357,0.332,0.31,0.41,0.425,0.424,0.39
484,9.508638306165729,1.68,25.436,5.021,1.736,0.79,0.142,0.575,0.428,0.326,0.369,0.336,0.358,0.251,0.36,0.557,0.443,0.38
485,9.167491087293763,9.51,61.79,10.951,8.037,0.765,0.149,0.073,0.495,0.428,0.387,0.117,0.236,0.427,0.39,0.342,0.332,0.184
486,9.022276394711152,3.11,14.113,6.291,2.029,0.629,0.149,0.519,0.434,0.424,0.451,0.356,0.401,0.326,0.425,0.427,0.459,0.397
487,9.387216143280265,5.19,24.683,5.699,3.735,0.723,0.142,0.5,0.431,0.392,0.438,0.471,0.404,0.356,0.666,0.322,0.441,0.425
488,9.67778070526608,6.87,178.286,12.711,1.434,0.926,0.144,0.137,0.425,0.326,0.324,0.164,0.38,0.192,0.312,0.214,0.296,0.193
489,9.602059991327964,5.09,39.184,20.782,1.334,0.639,0.144,0.05,0.504,0.318,0.004,0.057,0.02,0.196,0.036,0.355,0.291,0.133
490,9.67778070526608,0.87,25.545,6.134,2.44,0.749,0.145,0.455,0.383,0.416,0.435,0.507,0.349,0.344,0.448,0.558,0.418,0.433
491,9.522878745280336,6.4,398.584,15.964,4.021,0.952,0.14,0.486,0.379,0.361,0.405,0.476,0.337,0.38,0.58,0.326,0.409,0.491
492,9.4089353929735,7.02,29.089,7.683,1.746,0.755,0.139,0.6,0.342,0.286,0.302,0.504,0.332,0.258,0.401,0.472,0.409,0.444
493,9.4089353929735,7.85,249.897,65.032,11.801,0.765,0.14,0.571,0.121,0.316,0.265,0.303,0.107,0.333,0.604,0.263,0.336,0.431
494,9.309803919971486,6.35,457.976,93.959,7.81,0.818,0.139,0.93,0.199,0.475,0.182,0.386,0.14,0.422,0.508,0.352,0.534,0.488
495,9.161150909262744,7.04,36.821,7.367,2.696,0.785,0.135,0.655,0.481,0.345,0.488,0.227,0.487,0.219,0.561,0.363,0.494,0.443
496,9.161150909262744,1.62,59.217,15.582,2.503,0.766,0.134,0.107,0.418,0.351,0.021,0.087,0.107,0.211,0.142,0.386,0.292,0.051
497,9.075720713938118,2.17,233.395,11.078,5.216,0.935,0.134,0.873,0.491,0.396,0.462,0.484,0.419,0.409,0.635,0.449,0.587,0.675
498,9.309803919971486,1.19,316.152,126.057,5.493,0.706,0.136,0.826,0.55,0.434,0.759,0.499,0.692,0.402,0.66,0.56,0.603,0.673
499,9.080921907623926,8.13,16.282,9.127,4.84,0.538,0.133,0.567,0.487,0.278,0.323,0.423,0.396,0.316,0.393,0.37,0.444,0.453
500,9.443697499232712,3.12,16.049,9.27,1.804,0.592,0.138,0.422,0.443,0.394,0.324,0.437,0.383,0.309,0.382,0.659,0.419,0.402
501,9.387216143280265,2.85,277.385,9.166,3.235,0.957,0.135,0.249,0.484,0.441,0.546,0.338,0.489,0.321,0.577,0.392,0.391,0.341
502,9.356547323513812,8.46,129.045,13.541,2.597,0.889,0.137,0.213,0.333,0.397,0.28,0.404,0.307,0.321,0.355,0.413,0.315,0.26
503,9.275724130399212,1.46,229.865,10.01,5.206,0.938,0.137,0.459,0.411,0.437,0.32,0.288,0.356,0.33,0.409,0.275,0.436,0.411
504,9.721246399047171,3.78,275.726,9.478,5.25,0.949,0.144,0.539,0.365,0.453,0.275,0.211,0.317,0.275,0.424,0.279,0.452,0.309
505,9.154901959985745,3.91,51.032,4.776,3.517,0.86,0.138,0.134,0.381,0.48,0.393,0.494,0.355,0.435,0.496,0.425,0.332,0.328
506,9.229147988357855,7.15,23.968,8.947,1.747,0.691,0.138,0.63,0.41,0.37,0.355,0.487,0.386,0.298,0.427,0.51,0.47,0.478
507,9.431798275933003,5.44,263.752,18.268,1.234,0.931,0.143,0.953,0.529,0.245,0.291,0.495,0.369,0.216,0.438,0.533,0.576,0.585
508,9.4089353929735,3.73,18.749,4.529,3.583,0.698,0.14,0.471,0.499,0.384,0.434,0.317,0.392,0.401,0.345,0.452,0.451,0.373
509,9.397940008672036,0.69,12.449,6.492,3.418,0.557,0.139,0.546,0.551,0.388,0.583,0.574,0.505,0.409,0.677,0.382,0.495,0.536
510,9.259637310505756,5.59,16.281,6.816,3.914,0.603,0.14,0.635,0.546,0.372,0.508,0.488,0.518,0.408,0.579,0.352,0.518,0.504
511,9.366531544420411,3.39,308.587,21.819,3.874,0.923,0.137,0.943,0.462,0.37,0.403,0.43,0.438,0.318,0.481,0.312,0.591,0.602
512,9.337242168318426,8.0,20.001,5.265,3.162,0.704,0.141,0.565,0.475,0.526,0.444,0.416,0.418,0.457,0.386,0.433,0.522,0.463
513,9.481486060122112,6.08,100.163,10.865,4.001,0.871,0.138,0.125,0.427,0.327,0.296,0.234,0.357,0.248,0.411,0.352,0.293,0.235
514,9.494850021680094,9.85,97.236,21.988,1.674,0.804,0.142,0.117,0.53,0.425,0.465,0.474,0.475,0.368,0.49,0.583,0.357,0.354
515,8.297569463554474,8.48,162.93,7.537,1.836,0.946,0.14,0.401,0.443,0.367,0.426,0.337,0.412,0.259,0.542,0.472,0.404,0.345
516,8.381951903287908,6.32,38.422,8.816,5.394,0.73,0.143,0.066,0.219,0.326,0.124,0.007,0.126,0.027,0.195,0.051,0.204,0.058
517,9.113509274827518,2.65,135.157,16.022,2.518,0.879,0.139,0.261,0.562,0.407,0.363,0.257,0.443,0.271,0.421,0.419,0.41,0.27
518,9.387216143280265,4.81,27.959,5.836,2.67,0.767,0.142,0.543,0.414,0.428,0.476,0.575,0.41,0.369,0.678,0.409,0.462,0.497
519,8.97061622231479,2.81,88.011,27.034,4.953,0.733,0.142,0.092,0.472,0.297,0.328,0.382,0.395,0.309,0.409,0.329,0.287,0.261
520,9.080921907623926,4.42,133.751,6.291,3.563,0.931,0.147,0.218,0.411,0.404,0.325,0.391,0.305,0.351,0.242,0.555,0.344,0.297
521,9.142667503568733,6.7,338.231,19.354,1.576,0.942,0.145,0.931,0.46,0.273,0.346,0.549,0.417,0.277,0.287,0.447,0.555,0.645
522,8.94692155651658,8.07,378.726,13.024,2.332,0.961,0.149,0.97,0.392,0.467,0.393,0.32,0.403,0.31,0.297,0.539,0.61,0.56
523,8.863279432843592,5.43,40.647,6.496,1.749,0.831,0.147,0.054,0.445,0.319,0.199,0.424,0.308,0.26,0.428,0.749,0.273,0.212
524,8.943095148663527,5.71,17.106,5.861,1.072,0.712,0.147,0.512,0.441,0.349,0.453,0.327,0.399,0.244,0.467,0.428,0.434,0.372
525,9.602059991327964,7.63,14.519,5.74,4.359,0.59,0.141,0.44,0.484,0.406,0.417,0.396,0.406,0.338,0.569,0.312,0.444,0.374
527,9.346787486224656,3.31,261.591,5.682,4.773,0.962,0.141,0.967,0.357,0.359,0.501,0.27,0.397,0.271,0.484,0.267,0.561,0.6
528,9.1249387366083,4.48,344.548,7.372,1.916,0.974,0.143,0.797,0.439,0.381,0.447,0.287,0.404,0.271,0.47,0.343,0.539,0.552
529,9.18045606445813,0.48,21.699,5.19,2.324,0.743,0.143,0.591,0.39,0.356,0.528,0.426,0.412,0.265,0.605,0.551,0.446,0.439
530,9.2518119729938,2.32,133.45,12.89,2.755,0.895,0.142,0.215,0.558,0.464,0.457,0.556,0.48,0.403,0.499,0.523,0.412,0.418
531,9.031517051446064,8.99,127.017,15.144,4.129,0.868,0.142,0.095,0.384,0.457,0.293,0.346,0.353,0.346,0.371,0.441,0.312,0.219
532,9.065501548756432,1.34,34.213,6.315,2.431,0.796,0.139,0.635,0.423,0.365,0.465,0.493,0.421,0.302,0.688,0.501,0.474,0.476
533,9.522878745280336,2.68,221.546,140.185,15.286,0.588,0.142,0.558,0.214,0.422,0.143,0.335,0.194,0.301,0.067,0.567,0.398,0.327
534,8.97061622231479,3.21,13.676,9.662,1.929,0.541,0.145,0.605,0.441,0.319,0.325,0.536,0.412,0.284,0.443,0.522,0.455,0.42
535,9.468521082957745,7.37,30.93,4.529,2.722,0.81,0.14,0.618,0.333,0.361,0.457,0.373,0.349,0.284,0.438,0.517,0.437,0.428
536,9.4089353929735,8.16,31.6,5.275,1.275,0.828,0.141,0.507,0.378,0.361,0.436,0.344,0.372,0.25,0.509,0.546,0.415,0.391
537,8.97469413473523,5.27,47.434,43.075,4.145,0.501,0.147,0.057,0.052,0.476,0.007,0.017,0.017,0.17,0.026,0.388,0.195,0.015
538,8.906578314837764,0.77,12.913,7.355,3.145,0.552,0.147,0.518,0.391,0.393,0.387,0.294,0.392,0.252,0.43,0.489,0.434,0.373
539,9.292429823902063,8.15,12.76,8.181,3.183,0.529,0.136,0.514,0.482,0.428,0.471,0.469,0.454,0.385,0.525,0.407,0.475,0.468
540,9.397940008672036,3.24,12.234,5.801,3.841,0.559,0.135,0.492,0.454,0.332,0.429,0.443,0.393,0.344,0.53,0.37,0.426,0.408
541,8.892790030352131,2.15,23.042,5.492,1.617,0.764,0.143,0.571,0.403,0.261,0.473,0.475,0.4,0.248,0.418,0.542,0.412,0.454
542,9.040958607678906,3.48,531.377,138.479,2.984,0.79,0.137,0.629,0.35,0.387,0.5,0.672,0.46,0.427,0.463,0.601,0.455,0.627
543,9.397940008672036,3.21,399.569,202.727,7.063,0.656,0.141,0.431,0.553,0.237,0.426,0.185,0.471,0.158,0.46,0.398,0.407,0.351
544,9.42021640338319,6.53,260.535,5.847,4.194,0.963,0.14,0.902,0.41,0.449,0.445,0.31,0.402,0.393,0.469,0.385,0.587,0.532
545,9.060480747381382,6.41,148.593,6.545,2.485,0.943,0.144,0.445,0.419,0.48,0.474,0.294,0.419,0.327,0.342,0.357,0.448,0.451
546,8.88941028970075,0.61,130.203,18.591,2.817,0.859,0.142,0.193,0.409,0.434,0.259,0.322,0.345,0.303,0.308,0.526,0.345,0.222
547,8.482804102050025,4.48,19.201,4.305,3.035,0.723,0.143,0.571,0.29,0.414,0.429,0.325,0.317,0.289,0.329,0.397,0.425,0.386
548,9.55284196865778,1.33,226.206,97.231,3.817,0.691,0.14,0.757,0.326,0.359,0.326,0.341,0.353,0.296,0.451,0.421,0.481,0.516
549,9.30102999566398,5.72,260.859,25.204,2.303,0.905,0.137,0.659,0.363,0.401,0.266,0.368,0.272,0.293,0.136,0.514,0.474,0.394
550,9.236572006437065,7.6,27.934,5.504,3.825,0.75,0.138,0.611,0.486,0.452,0.465,0.311,0.409,0.363,0.457,0.378,0.516,0.433
551,9.1249387366083,7.11,133.824,9.469,5.123,0.902,0.139,0.176,0.395,0.289,0.219,0.325,0.297,0.277,0.324,0.278,0.287,0.228
552,8.835647144215564,5.89,18.466,5.828,3.205,0.671,0.144,0.591,0.455,0.462,0.553,0.625,0.445,0.392,0.755,0.575,0.503,0.521
553,8.774690718274137,6.83,17.363,8.352,1.788,0.631,0.146,0.514,0.393,0.293,0.433,0.387,0.391,0.223,0.412,0.632,0.4,0.38
554,8.761953896871205,5.9,36.193,19.42,2.163,0.626,0.143,0.047,0.502,0.324,0.321,0.288,0.424,0.236,0.364,0.403,0.291,0.259
556,9.443697499232712,5.34,150.11,11.617,6.518,0.892,0.139,0.108,0.493,0.349,0.428,0.325,0.434,0.336,0.467,0.476,0.317,0.278
557,9.229147988357855,4.92,49.89,14.083,2.228,0.754,0.138,0.145,0.276,0.392,0.124,0.277,0.109,0.267,0.079,0.403,0.271,0.165
559,9.221848749616356,5.73,89.562,20.664,2.335,0.796,0.138,0.113,0.46,0.356,0.206,0.304,0.269,0.28,0.363,0.471,0.309,0.23
560,8.769551078621726,4.86,112.253,8.189,1.29,0.922,0.147,0.163,0.51,0.311,0.383,0.33,0.428,0.212,0.371,0.652,0.328,0.249
561,8.769551078621726,3.74,288.925,7.841,2.641,0.965,0.145,0.828,0.285,0.421,0.344,0.413,0.238,0.361,0.63,0.277,0.511,0.512
562,9.602059991327964,1.85,243.783,9.664,2.717,0.952,0.139,0.948,0.52,0.361,0.401,0.563,0.427,0.367,0.535,0.451,0.61,0.66
564,8.52432881167557,1.06,122.332,7.236,1.725,0.932,0.144,0.256,0.479,0.418,0.396,0.346,0.386,0.293,0.522,0.369,0.384,0.356
565,9.387216143280265,0.6,18.274,5.792,3.756,0.657,0.139,0.563,0.52,0.376,0.489,0.418,0.499,0.363,0.68,0.339,0.487,0.447
566,8.536107011014092,8.83,11.551,8.079,2.53,0.521,0.146,0.477,0.394,0.42,0.393,0.369,0.391,0.294,0.362,0.573,0.431,0.41
567,8.614393726401687,1.4,24.244,6.281,1.695,0.752,0.144,0.49,0.333,0.348,0.388,0.324,0.33,0.237,0.354,0.576,0.39,0.337
568,9.387216143280265,7.75,69.833,10.048,5.078,0.822,0.14,0.088,0.412,0.464,0.25,0.509,0.337,0.445,0.235,0.623,0.322,0.265
569,9.244125144327509,3.61,16.334,5.453,4.107,0.631,0.14,0.537,0.484,0.4,0.415,0.381,0.413,0.348,0.538,0.378,0.474,0.414
571,9.050609993355089,4.54,17.938,7.206,1.39,0.676,0.145,0.564,0.478,0.403,0.547,0.187,0.451,0.229,0.671,0.278,0.482,0.379
573,8.950781977329818,0.12,31.941,4.303,2.704,0.82,0.137,0.559,0.394,0.366,0.459,0.278,0.36,0.265,0.412,0.378,0.44,0.403
574,9.221848749616356,0.65,225.07,5.907,4.106,0.957,0.136,0.49,0.481,0.448,0.457,0.355,0.411,0.396,0.366,0.334,0.473,0.483
575,9.275724130399212,5.45,100.194,77.629,3.762,0.552,0.137,0.098,0.104,0.383,0.043,0.537,0.058,0.415,0.048,0.676,0.195,0.219
576,9.3767507096021,9.71,117.856,11.949,5.89,0.869,0.134,0.232,0.422,0.373,0.258,0.387,0.331,0.388,0.313,0.51,0.342,0.258
577,9.102372908709558,1.48,14.893,10.659,3.711,0.509,0.134,0.531,0.475,0.371,0.334,0.368,0.392,0.343,0.324,0.51,0.459,0.446
578,9.318758762624412,6.38,264.566,11.93,4.472,0.942,0.139,0.243,0.399,0.399,0.31,0.384,0.359,0.354,0.364,0.414,0.347,0.276
579,9.292429823902063,9.97,242.279,8.118,4.234,0.951,0.142,0.956,0.399,0.452,0.343,0.457,0.382,0.361,0.481,0.51,0.602,0.616
580,9.537602002101044,3.49,14.982,6.41,3.204,0.609,0.14,0.557,0.511,0.463,0.501,0.335,0.509,0.333,0.54,0.482,0.51,0.436
581,9.3767507096021,3.99,9.045,7.021,4.882,0.432,0.138,0.483,0.393,0.426,0.454,0.409,0.348,0.397,0.387,0.372,0.434,0.426
582,9.508638306165729,2.01,105.125,14.195,3.585,0.855,0.139,0.157,0.462,0.445,0.361,0.423,0.41,0.391,0.399,0.596,0.355,0.305
583,9.468521082957745,9.77,123.1,13.564,5.665,0.865,0.137,0.078,0.538,0.441,0.521,0.403,0.526,0.405,0.628,0.363,0.352,0.334
585,9.42021640338319,4.21,19.947,7.31,2.246,0.676,0.141,0.62,0.479,0.343,0.393,0.622,0.455,0.336,0.476,0.476,0.481,0.499
586,9.229147988357855,8.92,262.545,152.407,5.287,0.625,0.137,0.942,0.207,0.469,0.106,0.319,0.133,0.372,0.085,0.39,0.539,0.439
587,9.148741651280924,3.18,334.084,134.331,1.032,0.712,0.142,0.398,0.28,0.299,0.414,0.168,0.32,0.183,0.119,0.235,0.326,0.3
588,9.337242168318426,9.38,24.094,5.713,2.038,0.757,0.142,0.533,0.37,0.382,0.401,0.405,0.331,0.315,0.63,0.311,0.428,0.394
589,9.2839966563652,9.27,27.007,7.048,1.63,0.757,0.138,0.62,0.508,0.294,0.501,0.432,0.504,0.231,0.647,0.57,0.474,0.485
591,9.119186407719209,0.75,241.477,15.423,4.687,0.923,0.144,0.412,0.497,0.338,0.39,0.387,0.428,0.317,0.543,0.258,0.416,0.353
592,9.455931955649724,1.24,30.707,18.229,4.371,0.576,0.139,0.05,0.561,0.504,0.011,0.044,0.036,0.241,0.18,0.493,0.372,0.098
594,9.309803919971486,1.54,337.026,29.0,2.231,0.915,0.139,0.321,0.485,0.292,0.432,0.479,0.466,0.265,0.454,0.213,0.366,0.414
595,9.443697499232712,9.58,14.046,8.677,2.513,0.557,0.138,0.539,0.46,0.383,0.34,0.646,0.408,0.369,0.408,0.535,0.461,0.489
596,9.431798275933003,0.63,32.447,4.843,2.022,0.825,0.139,0.6,0.367,0.39,0.467,0.462,0.37,0.301,0.513,0.521,0.452,0.46
597,9.148741651280924,0.29,23.862,7.425,2.37,0.709,0.143,0.523,0.449,0.414,0.461,0.237,0.418,0.28,0.461,0.308,0.462,0.36
598,9.387216143280265,4.88,200.21,93.565,10.815,0.657,0.138,0.288,0.255,0.427,0.341,0.289,0.211,0.35,0.147,0.288,0.323,0.27
599,9.397940008672036,1.89,69.287,11.243,3.35,0.826,0.142,0.118,0.463,0.484,0.366,0.443,0.385,0.428,0.225,0.572,0.355,0.299
600,9.522878745280336,9.03,259.505,7.539,2.864,0.961,0.139,0.667,0.479,0.461,0.486,0.471,0.46,0.353,0.642,0.437,0.536,0.627
602,9.346787486224656,3.7,391.739,30.592,2.871,0.921,0.138,0.423,0.501,0.376,0.378,0.333,0.439,0.292,0.441,0.395,0.433,0.47
603,9.327902142064282,8.25,127.276,8.36,4.247,0.91,0.138,0.107,0.442,0.306,0.356,0.476,0.381,0.329,0.331,0.347,0.285,0.297
604,9.522878745280336,9.78,10.994,7.32,4.035,0.492,0.139,0.584,0.403,0.452,0.297,0.35,0.376,0.344,0.433,0.371,0.48,0.426
605,9.4089353929735,6.7,12.611,6.552,5.061,0.521,0.142,0.478,0.41,0.414,0.55,0.469,0.412,0.415,0.615,0.28,0.434,0.482
608,9.508638306165729,6.84,229.994,213.902,5.25,0.512,0.14,0.471,0.675,0.38,0.344,0.249,0.433,0.283,0.279,0.414,0.509,0.394
609,9.309803919971486,3.37,26.767,6.016,1.899,0.772,0.141,0.503,0.49,0.352,0.45,0.535,0.422,0.294,0.536,0.504,0.449,0.465
610,9.619788758288394,4.17,401.347,5.911,1.961,0.981,0.138,0.892,0.386,0.334,0.412,0.449,0.389,0.265,0.529,0.54,0.538,0.547
611,9.568636235841012,8.85,32.156,5.36,1.521,0.824,0.139,0.57,0.338,0.366,0.426,0.281,0.34,0.25,0.417,0.338,0.425,0.381
612,9.619788758288394,1.38,65.06,10.024,3.899,0.824,0.139,0.138,0.482,0.412,0.478,0.414,0.462,0.34,0.456,0.657,0.344,0.321
614,7.619788758288394,8.43,401.928,148.715,1.717,0.728,0.16,0.75,0.383,0.454,0.524,0.152,0.452,0.247,0.402,0.25,0.529,0.5
615,6.978810700930062,5.98,137.301,38.482,17.818,0.709,0.139,0.097,0.033,0.454,0.311,0.001,0.016,0.049,0.016,0.402,0.195,0.129
