mol_id,PKI,0,1,2,3,5,8,9,10,20,21,31,32,75,76,100,101,106
1,9.154901959985745,8.849,2.773,1.733,0.663,0.156,0.477,0.538,0.532,0.275,0.264,0.371,0.329,0.391,0.301,0.516,0.397,0.425
2,9.30102999566398,220.215,2.661,2.494,0.977,0.156,0.847,0.422,0.362,0.215,0.188,0.257,0.217,0.351,0.173,0.544,0.434,0.529
3,6.214670164989233,13.702,2.678,1.9,0.75,0.151,0.484,0.466,0.408,0.205,0.177,0.293,0.245,0.313,0.313,0.452,0.313,0.433
4,7.920818753952375,334.451,56.813,3.814,0.847,0.151,0.69,0.101,0.459,0.045,0.269,0.065,0.315,0.035,0.372,0.417,0.298,0.3
6,7.823908740944319,13.082,2.677,1.526,0.757,0.156,0.538,0.478,0.433,0.306,0.123,0.344,0.213,0.489,0.218,0.483,0.329,0.457
7,7.207608310501746,9.903,2.828,2.339,0.657,0.158,0.548,0.46,0.439,0.258,0.207,0.294,0.276,0.388,0.287,0.482,0.334,0.445
8,8.619788758288394,117.316,6.732,2.624,0.926,0.153,0.115,0.466,0.438,0.554,0.21,0.549,0.275,0.622,0.378,0.34,0.298,0.351
9,7.341988603342887,7.646,2.73,0.919,0.677,0.165,0.586,0.413,0.286,0.274,0.051,0.306,0.118,0.458,0.107,0.428,0.286,0.397
10,8.698970004336019,272.62,181.705,97.128,0.494,0.155,0.262,0.527,0.176,0.43,0.101,0.466,0.132,0.292,0.091,0.322,0.328,0.297
12,7.744727494896693,12.443,3.173,1.626,0.722,0.154,0.491,0.462,0.448,0.239,0.196,0.293,0.265,0.363,0.252,0.467,0.322,0.429
13,7.552841968657781,88.098,9.88,1.341,0.887,0.153,0.175,0.428,0.401,0.426,0.113,0.419,0.192,0.518,0.234,0.335,0.273,0.318
14,8.017728766960431,272.851,135.823,9.252,0.653,0.153,0.977,0.264,0.439,0.181,0.439,0.247,0.387,0.139,0.378,0.56,0.559,0.51
15,8.920818753952375,9.998,2.682,0.99,0.731,0.159,0.501,0.36,0.322,0.216,0.081,0.265,0.143,0.408,0.137,0.395,0.313,0.375
16,7.301029995663981,10.323,2.546,0.879,0.751,0.159,0.51,0.404,0.312,0.288,0.057,0.314,0.127,0.493,0.134,0.409,0.271,0.402
17,8.537602002101044,7.98,3.336,0.956,0.65,0.159,0.483,0.43,0.302,0.244,0.078,0.304,0.132,0.287,0.149,0.405,0.374,0.524
19,7.494850021680094,101.182,14.791,1.48,0.861,0.153,0.142,0.491,0.314,0.358,0.096,0.399,0.16,0.596,0.17,0.316,0.165,0.278
20,7.657577319177793,16.223,3.289,1.359,0.777,0.147,0.558,0.48,0.3,0.258,0.123,0.335,0.169,0.484,0.162,0.446,0.327,0.462
21,7.958607314841775,18.865,2.632,0.938,0.841,0.149,0.569,0.438,0.353,0.236,0.115,0.295,0.17,0.469,0.169,0.454,0.317,0.457
22,7.017728766960431,6.421,3.229,0.903,0.608,0.162,0.543,0.489,0.301,0.293,0.053,0.343,0.123,0.474,0.116,0.444,0.291,0.412
23,8.080921907623926,320.898,207.39,5.065,0.602,0.153,0.826,0.484,0.411,0.352,0.336,0.391,0.349,0.263,0.338,0.574,0.484,0.435
24,8.769551078621726,26.615,7.465,1.567,0.747,0.156,0.036,0.469,0.464,0.002,0.18,0.07,0.286,0.548,0.293,0.323,0.099,0.286
25,7.481486060122112,10.823,2.71,0.927,0.748,0.156,0.503,0.416,0.294,0.21,0.056,0.287,0.116,0.282,0.116,0.404,0.349,0.488
27,7.958607314841775,15.771,2.673,1.001,0.811,0.153,0.544,0.37,0.343,0.276,0.064,0.281,0.144,0.397,0.159,0.419,0.307,0.411
28,8.031517051446064,16.383,2.28,1.018,0.832,0.153,0.531,0.363,0.325,0.25,0.073,0.268,0.146,0.444,0.151,0.406,0.293,0.409
30,8.229147988357855,19.96,3.212,0.689,0.837,0.151,0.5,0.413,0.238,0.246,0.047,0.277,0.095,0.372,0.094,0.384,0.337,0.378
31,8.568636235841012,26.422,9.06,2.331,0.699,0.156,0.043,0.378,0.371,0.613,0.187,0.438,0.258,0.056,0.424,0.264,0.308,0.171
32,8.022276394711152,405.631,45.504,9.372,0.881,0.156,0.92,0.065,0.418,0.051,0.342,0.066,0.346,0.029,0.342,0.468,0.463,0.46
33,7.886056647693163,362.753,190.281,141.123,0.523,0.154,0.566,0.43,0.582,0.326,0.216,0.28,0.349,0.233,0.172,0.526,0.497,0.434
34,8.494850021680094,323.145,147.973,3.469,0.681,0.159,0.651,0.3,0.392,0.277,0.212,0.317,0.276,0.164,0.304,0.448,0.36,0.372
35,7.045757490560675,7.123,3.678,1.009,0.603,0.16,0.526,0.452,0.291,0.24,0.122,0.299,0.141,0.381,0.275,0.423,0.278,0.407
36,8.585026652029182,129.157,3.743,0.823,0.966,0.154,0.32,0.309,0.27,0.184,0.049,0.222,0.113,0.291,0.118,0.3,0.205,0.218
37,8.214670164989233,12.273,3.63,0.837,0.733,0.155,0.456,0.344,0.258,0.186,0.047,0.234,0.108,0.324,0.113,0.353,0.25,0.331
38,8.346787486224656,297.743,4.7,2.326,0.977,0.154,0.596,0.455,0.473,0.292,0.224,0.375,0.339,0.459,0.37,0.508,0.396,0.43
39,8.823908740944319,12.678,3.4,1.007,0.742,0.153,0.466,0.339,0.293,0.183,0.107,0.225,0.155,0.34,0.14,0.366,0.314,0.345
40,8.698970004336019,296.706,81.175,3.614,0.778,0.164,0.91,0.151,0.434,0.196,0.27,0.175,0.345,0.039,0.278,0.498,0.479,0.43
41,6.823908740944319,176.373,6.721,0.652,0.96,0.162,0.505,0.514,0.291,0.431,0.075,0.442,0.122,0.443,0.173,0.437,0.378,0.389
42,8.55284196865778,7.082,3.915,0.609,0.61,0.163,0.54,0.48,0.25,0.234,0.073,0.308,0.111,0.39,0.13,0.424,0.266,0.373
43,7.744727494896693,6.037,4.121,0.974,0.542,0.165,0.526,0.423,0.301,0.214,0.051,0.269,0.121,0.337,0.113,0.417,0.249,0.352
44,8.886056647693163,7.68,3.137,0.869,0.657,0.161,0.532,0.467,0.279,0.277,0.056,0.328,0.118,0.467,0.117,0.426,0.267,0.39
45,9.045757490560677,273.224,4.71,1.998,0.976,0.156,0.925,0.378,0.372,0.205,0.117,0.267,0.173,0.238,0.236,0.558,0.432,0.51
46,8.886056647693163,78.37,15.344,2.963,0.811,0.151,0.101,0.487,0.378,0.02,0.156,0.464,0.23,0.625,0.273,0.322,0.065,0.313
47,8.0,7.314,3.215,0.891,0.64,0.162,0.541,0.482,0.281,0.262,0.055,0.332,0.12,0.454,0.114,0.435,0.275,0.393
49,9.221848749616356,241.893,10.805,3.365,0.945,0.151,0.366,0.418,0.394,0.523,0.187,0.377,0.28,0.351,0.313,0.393,0.315,0.291
50,8.522878745280337,352.318,195.996,3.036,0.639,0.154,0.582,0.41,0.439,0.287,0.205,0.337,0.27,0.401,0.319,0.477,0.344,0.388
51,8.481486060122112,7.064,6.246,1.434,0.479,0.153,0.392,0.451,0.418,0.323,0.21,0.382,0.271,0.35,0.223,0.42,0.309,0.39
52,8.275724130399212,27.016,8.724,0.915,0.737,0.156,0.038,0.509,0.391,0.002,0.085,0.277,0.197,0.538,0.237,0.313,0.084,0.264
53,8.67778070526608,11.601,5.721,0.961,0.635,0.152,0.431,0.431,0.313,0.256,0.09,0.356,0.15,0.443,0.153,0.392,0.279,0.329
54,8.585026652029182,7.621,5.634,1.247,0.526,0.154,0.422,0.446,0.447,0.278,0.221,0.369,0.279,0.42,0.224,0.438,0.302,0.38
55,8.585026652029182,11.318,5.598,0.791,0.639,0.153,0.377,0.438,0.285,0.369,0.051,0.383,0.118,0.439,0.131,0.367,0.253,0.322
56,8.0,140.914,5.607,1.912,0.949,0.155,0.323,0.433,0.475,0.346,0.252,0.381,0.313,0.521,0.363,0.41,0.296,0.365
57,7.552841968657781,7.332,6.206,1.159,0.499,0.155,0.429,0.481,0.489,0.263,0.188,0.35,0.272,0.32,0.271,0.467,0.337,0.385
58,7.997833938243493,7.557,5.495,1.291,0.527,0.156,0.427,0.449,0.468,0.332,0.288,0.365,0.317,0.398,0.234,0.448,0.328,0.396
59,8.3767507096021,7.685,5.591,1.341,0.526,0.153,0.422,0.447,0.484,0.357,0.233,0.402,0.313,0.355,0.352,0.451,0.318,0.43
60,8.301029995663981,20.916,8.528,4.766,0.611,0.151,0.029,0.41,0.339,0.016,0.001,0.417,0.046,0.019,0.095,0.259,0.224,0.094
61,7.920818753952375,41.815,8.416,1.491,0.808,0.151,0.063,0.406,0.419,0.086,0.014,0.33,0.156,0.217,0.238,0.296,0.037,0.162
62,8.769551078621726,53.341,10.378,1.546,0.817,0.148,0.053,0.373,0.451,0.415,0.137,0.324,0.246,0.338,0.299,0.292,0.225,0.221
63,8.431798275933005,50.247,23.111,2.213,0.665,0.149,0.057,0.053,0.555,0.007,0.021,0.062,0.256,0.028,0.293,0.221,0.052,0.118
64,8.267606240177031,200.949,5.872,1.398,0.965,0.145,0.359,0.393,0.474,0.512,0.169,0.428,0.268,0.513,0.314,0.409,0.297,0.369
65,8.136677139879543,174.549,9.054,1.27,0.944,0.15,0.264,0.43,0.419,0.452,0.143,0.377,0.228,0.331,0.294,0.371,0.335,0.349
66,8.075720713938118,181.305,105.387,5.865,0.62,0.148,0.22,0.169,0.282,0.073,0.294,0.114,0.23,0.115,0.236,0.224,0.214,0.216
67,7.795880017344075,9.507,7.109,0.864,0.544,0.151,0.426,0.45,0.333,0.248,0.057,0.29,0.133,0.338,0.163,0.403,0.283,0.338
68,7.886056647693163,300.816,239.727,0.987,0.555,0.147,0.598,0.468,0.318,0.28,0.062,0.355,0.135,0.296,0.19,0.461,0.339,0.344
70,8.031517051446064,70.219,10.995,1.188,0.852,0.147,0.125,0.437,0.36,0.317,0.141,0.357,0.203,0.454,0.237,0.307,0.2,0.248
76,8.040958607678906,9.765,4.828,1.132,0.621,0.152,0.398,0.45,0.336,0.213,0.066,0.291,0.143,0.382,0.171,0.395,0.289,0.345
78,8.337242168318426,320.44,6.003,1.07,0.978,0.151,0.891,0.518,0.353,0.223,0.099,0.336,0.172,0.373,0.162,0.587,0.437,0.517
79,7.0762380391713,258.669,144.877,1.548,0.639,0.162,0.555,0.925,0.39,0.551,0.306,0.751,0.271,0.537,0.238,0.623,0.489,0.446
80,9.522878745280336,10.362,4.827,0.959,0.642,0.152,0.416,0.367,0.35,0.254,0.074,0.271,0.143,0.396,0.208,0.378,0.299,0.352
81,10.0,281.697,7.727,0.958,0.97,0.154,0.927,0.481,0.355,0.536,0.096,0.491,0.161,0.39,0.192,0.588,0.53,0.483
82,8.958607314841775,10.641,5.368,0.927,0.628,0.152,0.483,0.368,0.312,0.262,0.102,0.283,0.151,0.343,0.199,0.388,0.337,0.481
83,8.309803919971486,8.969,5.147,0.882,0.598,0.154,0.432,0.37,0.303,0.243,0.067,0.27,0.129,0.369,0.153,0.369,0.241,0.339
85,7.508638306165727,166.364,5.864,2.539,0.952,0.159,0.323,0.502,0.28,0.517,0.06,0.469,0.12,0.624,0.148,0.368,0.301,0.356
86,7.366531544420414,9.91,5.206,1.473,0.597,0.153,0.443,0.342,0.319,0.151,0.188,0.219,0.211,0.227,0.259,0.368,0.359,0.52
87,8.2839966563652,109.106,7.57,1.986,0.919,0.153,0.114,0.416,0.4,0.27,0.217,0.403,0.277,0.348,0.339,0.31,0.165,0.244
88,8.698970004336019,8.609,4.998,1.105,0.585,0.153,0.448,0.372,0.349,0.228,0.227,0.274,0.191,0.318,0.484,0.39,0.266,0.39
89,8.468521082957745,282.378,7.421,1.033,0.971,0.153,0.505,0.464,0.404,0.225,0.105,0.253,0.195,0.36,0.235,0.457,0.232,0.294
90,8.585026652029182,8.874,5.227,0.907,0.591,0.153,0.458,0.404,0.321,0.211,0.083,0.274,0.141,0.278,0.178,0.394,0.36,0.516
91,7.886056647693163,6.443,5.775,1.033,0.486,0.155,0.419,0.516,0.376,0.277,0.078,0.378,0.159,0.402,0.181,0.437,0.269,0.376
92,8.455931955649724,6.703,5.761,0.887,0.502,0.157,0.465,0.524,0.28,0.319,0.054,0.329,0.12,0.514,0.111,0.423,0.285,0.406
93,8.958607314841775,113.512,4.599,1.253,0.951,0.16,0.23,0.456,0.378,0.31,0.154,0.327,0.224,0.55,0.266,0.355,0.277,0.359
94,7.602059991327962,102.281,3.97,3.188,0.935,0.154,0.083,0.489,0.431,0.608,0.221,0.588,0.341,0.692,0.439,0.334,0.278,0.385
95,6.127843727251707,8.517,2.737,0.975,0.696,0.163,0.603,0.451,0.355,0.343,0.09,0.343,0.165,0.548,0.163,0.47,0.336,0.45
96,6.6777807052660805,34.952,3.095,0.925,0.897,0.167,0.05,0.419,0.305,0.298,0.032,0.318,0.127,0.506,0.126,0.258,0.112,0.219
97,6.806875401645538,205.253,3.506,1.101,0.978,0.156,0.719,0.367,0.448,0.259,0.135,0.278,0.221,0.381,0.303,0.512,0.322,0.388
98,6.91721462968355,17.488,2.384,1.227,0.829,0.151,0.556,0.459,0.345,0.26,0.131,0.319,0.187,0.499,0.155,0.453,0.312,0.437
99,6.920818753952375,274.547,101.458,6.364,0.718,0.151,0.417,0.198,0.475,0.122,0.147,0.105,0.301,0.091,0.32,0.363,0.307,0.332
100,7.67778070526608,8.561,2.451,0.908,0.718,0.163,0.576,0.427,0.293,0.32,0.057,0.325,0.126,0.524,0.106,0.432,0.295,0.414
101,7.795880017344075,187.655,10.843,1.719,0.937,0.155,0.319,0.402,0.459,0.417,0.173,0.414,0.25,0.494,0.299,0.393,0.307,0.338
102,7.920818753952375,404.49,135.985,3.951,0.743,0.16,0.632,0.297,0.432,0.121,0.283,0.153,0.329,0.109,0.437,0.454,0.326,0.32
103,7.920818753952375,71.689,7.742,1.032,0.891,0.157,0.103,0.386,0.358,0.407,0.102,0.358,0.186,0.463,0.212,0.282,0.224,0.243
104,7.920818753952375,8.051,2.443,0.925,0.705,0.164,0.569,0.418,0.299,0.303,0.063,0.319,0.132,0.496,0.109,0.429,0.299,0.421
105,8.070581074285707,224.436,6.073,1.308,0.968,0.154,0.928,0.52,0.488,0.306,0.188,0.368,0.279,0.374,0.333,0.645,0.493,0.548
106,8.102372908709558,10.278,2.338,1.565,0.725,0.157,0.517,0.407,0.374,0.244,0.099,0.319,0.179,0.596,0.171,0.433,0.34,0.435
107,8.207608310501746,322.421,137.853,1.546,0.698,0.16,0.37,0.254,0.362,0.365,0.19,0.367,0.223,0.408,0.183,0.329,0.338,0.327
109,8.327902142064282,15.398,3.074,0.951,0.793,0.151,0.524,0.454,0.354,0.354,0.072,0.358,0.155,0.454,0.162,0.444,0.327,0.421
110,8.619788758288394,19.577,2.144,1.358,0.848,0.153,0.588,0.397,0.334,0.29,0.075,0.3,0.157,0.473,0.142,0.439,0.292,0.417
113,5.337242168318426,10.983,1.608,0.669,0.828,0.177,0.57,0.459,0.444,0.54,0.036,0.3,0.127,0.346,0.162,0.491,0.432,0.416
114,5.508638306165727,30.337,9.678,0.376,0.751,0.177,0.05,0.562,0.301,0.003,0.015,0.177,0.139,0.499,0.141,0.304,0.031,0.218
115,5.537602002101044,225.275,12.744,0.987,0.943,0.167,0.518,0.59,0.321,0.409,0.336,0.495,0.344,0.443,0.252,0.476,0.403,0.338
116,5.585026652029182,19.473,1.874,0.974,0.872,0.165,0.531,0.29,0.188,0.66,0.1,0.17,0.248,0.228,0.354,0.336,0.362,0.331
117,5.619788758288394,84.667,11.101,2.117,0.865,0.163,0.116,0.563,0.431,0.269,0.315,0.456,0.322,0.382,0.457,0.37,0.212,0.296
118,5.657577319177793,213.121,6.747,1.027,0.965,0.177,0.31,0.401,0.284,0.155,0.842,0.277,0.323,0.253,0.547,0.332,0.407,0.335
119,5.6777807052660805,10.73,1.77,0.639,0.817,0.177,0.6,0.411,0.407,0.998,0.032,0.383,0.111,0.459,0.139,0.473,0.504,0.421
120,5.698970004336019,292.895,2.249,0.839,0.99,0.172,0.822,0.381,0.313,0.369,0.071,0.374,0.122,0.273,0.218,0.505,0.467,0.481
121,5.769551078621726,10.009,1.699,1.052,0.784,0.174,0.568,0.353,0.462,0.488,0.127,0.272,0.206,0.324,0.187,0.461,0.334,0.375
122,5.769551078621726,216.827,1.957,0.532,0.989,0.177,0.912,0.498,0.434,0.759,0.051,0.385,0.147,0.579,0.147,0.615,0.641,0.571
123,5.823908740944319,21.603,2.373,1.153,0.86,0.159,0.578,0.3,0.278,0.655,0.136,0.211,0.284,0.284,0.427,0.385,0.396,0.39
124,5.958607314841775,241.32,163.999,2.901,0.591,0.171,0.652,0.203,0.465,0.081,0.181,0.141,0.301,0.072,0.302,0.44,0.301,0.328
125,6.0,20.43,2.001,0.886,0.876,0.163,0.555,0.395,0.18,0.637,0.177,0.248,0.243,0.33,0.281,0.377,0.416,0.39
126,6.0,21.703,2.166,0.844,0.878,0.162,0.575,0.377,0.161,0.643,0.156,0.213,0.212,0.267,0.271,0.371,0.41,0.354
127,6.309803919971486,345.551,5.868,1.173,0.98,0.163,0.69,0.443,0.382,0.284,0.149,0.349,0.206,0.307,0.182,0.505,0.346,0.412
128,6.366531544420414,22.036,1.621,0.8,0.901,0.161,0.556,0.381,0.325,0.727,0.233,0.328,0.391,0.443,0.376,0.421,0.436,0.418
129,6.443697499232712,230.957,10.324,1.778,0.95,0.158,0.265,0.46,0.327,0.504,0.135,0.473,0.193,0.6,0.232,0.35,0.241,0.317
130,6.698970004336019,19.766,2.211,0.772,0.869,0.163,0.557,0.359,0.213,0.563,0.191,0.246,0.313,0.308,0.357,0.376,0.39,0.412
131,7.0,11.558,1.396,1.106,0.822,0.175,0.592,0.502,0.307,0.764,0.148,0.291,0.225,0.38,0.298,0.467,0.42,0.438
132,5.455931955649724,99.995,7.106,1.178,0.923,0.164,0.155,0.458,0.275,0.498,0.073,0.432,0.131,0.475,0.193,0.296,0.294,0.28
133,5.494850021680094,192.968,4.172,3.478,0.962,0.158,0.37,0.58,0.431,0.236,0.135,0.317,0.24,0.378,0.35,0.46,0.332,0.408
134,5.552841968657781,148.775,6.888,0.722,0.951,0.169,0.183,0.514,0.323,0.353,0.078,0.405,0.143,0.497,0.209,0.34,0.257,0.271
135,5.920818753952375,9.521,2.778,0.815,0.726,0.163,0.545,0.491,0.353,0.267,0.118,0.312,0.175,0.545,0.228,0.463,0.317,0.398
136,6.049148541111453,10.223,2.272,0.739,0.772,0.167,0.569,0.376,0.311,0.171,0.067,0.234,0.136,0.386,0.131,0.418,0.291,0.336
137,6.142667503568731,237.504,31.967,1.703,0.876,0.168,0.629,0.056,0.37,0.002,0.258,0.01,0.249,0.017,0.377,0.352,0.3,0.312
138,6.1487416512809245,10.138,2.49,0.657,0.763,0.165,0.574,0.386,0.25,0.217,0.033,0.263,0.092,0.446,0.106,0.403,0.295,0.349
139,6.179798540514359,10.802,2.151,0.718,0.79,0.167,0.565,0.35,0.362,0.194,0.099,0.229,0.161,0.407,0.176,0.426,0.289,0.347
140,6.191114132640188,120.435,4.878,0.64,0.956,0.164,0.277,0.432,0.283,0.321,0.054,0.337,0.119,0.352,0.126,0.33,0.17,0.198
141,6.214670164989233,192.025,10.421,0.839,0.945,0.172,0.195,0.514,0.395,0.665,0.094,0.516,0.182,0.641,0.233,0.368,0.333,0.317
142,6.343901797987168,75.056,8.498,0.829,0.889,0.167,0.12,0.536,0.337,0.502,0.144,0.47,0.18,0.612,0.327,0.331,0.274,0.332
144,6.38933983691012,9.27,2.448,0.999,0.729,0.163,0.53,0.414,0.283,0.258,0.081,0.275,0.138,0.54,0.164,0.409,0.297,0.372
145,6.400116927926312,11.904,1.791,1.236,0.797,0.161,0.534,0.32,0.299,0.178,0.068,0.211,0.142,0.4,0.134,0.384,0.28,0.337
147,6.504455662453552,26.344,10.292,0.802,0.704,0.163,0.036,0.569,0.316,0.002,0.061,0.069,0.136,0.541,0.158,0.307,0.149,0.238
148,6.552841968657781,76.956,6.973,1.322,0.903,0.155,0.092,0.557,0.315,0.268,0.17,0.364,0.225,0.487,0.248,0.321,0.148,0.257
149,6.628932137728263,206.554,8.253,2.044,0.953,0.164,0.259,0.565,0.403,0.354,0.27,0.523,0.306,0.445,0.38,0.409,0.219,0.316
150,6.82102305270683,295.492,8.565,1.324,0.968,0.158,0.43,0.341,0.469,0.295,0.199,0.333,0.278,0.239,0.377,0.414,0.444,0.421
151,6.920818753952375,8.513,2.44,0.535,0.741,0.172,0.583,0.352,0.291,0.19,0.046,0.23,0.111,0.42,0.108,0.409,0.261,0.311
152,7.008773924307505,8.096,2.475,0.722,0.717,0.169,0.565,0.386,0.23,0.203,0.032,0.257,0.087,0.416,0.094,0.394,0.264,0.311
153,7.1249387366083,81.14,2.283,1.407,0.956,0.168,0.089,0.348,0.336,0.209,0.047,0.229,0.214,0.397,0.227,0.258,0.087,0.218
155,8.337242168318426,251.242,6.576,0.973,0.971,0.161,0.486,0.454,0.225,0.261,0.298,0.31,0.233,0.319,0.122,0.388,0.276,0.241
156,8.522878745280337,9.344,5.203,1.024,0.6,0.161,0.609,0.397,0.26,0.174,0.17,0.245,0.195,0.297,0.113,0.422,0.288,0.288
158,8.130768280269024,178.809,9.196,2.625,0.938,0.156,0.444,0.457,0.331,0.271,0.121,0.348,0.184,0.452,0.18,0.411,0.281,0.326
159,6.110698297493689,9.806,5.495,0.291,0.629,0.163,0.576,0.54,0.25,0.238,0.208,0.337,0.178,0.377,0.133,0.455,0.381,0.4
160,6.958607314841775,233.28,33.776,5.331,0.856,0.16,0.465,0.037,0.471,0.006,0.001,0.006,0.195,0.011,0.455,0.325,0.174,0.264
161,7.33161408331,24.871,17.341,2.613,0.555,0.15,0.035,0.508,0.427,0.004,0.004,0.009,0.103,0.023,0.175,0.323,0.162,0.125
162,8.537602002101044,70.585,6.313,2.605,0.888,0.153,0.136,0.377,0.358,0.213,0.173,0.272,0.241,0.318,0.233,0.29,0.152,0.204
163,8.318758762624412,180.508,9.479,3.313,0.934,0.159,0.38,0.437,0.405,0.409,0.276,0.434,0.28,0.418,0.277,0.407,0.337,0.343
164,8.823908740944319,14.556,5.377,1.603,0.676,0.149,0.485,0.382,0.31,0.471,0.132,0.379,0.183,0.331,0.163,0.392,0.363,0.408
165,7.066006836168758,117.489,8.814,3.697,0.904,0.147,0.116,0.427,0.445,0.511,0.248,0.461,0.328,0.601,0.285,0.329,0.264,0.312
166,7.335358024443875,222.717,6.073,2.94,0.961,0.157,0.617,0.549,0.4,0.529,0.362,0.399,0.476,0.331,0.647,0.522,0.45,0.454
167,9.30102999566398,270.267,8.058,1.664,0.965,0.146,0.384,0.495,0.313,0.443,0.158,0.408,0.211,0.401,0.249,0.397,0.344,0.394
168,7.542118103266008,23.378,2.866,2.134,0.824,0.148,0.686,0.387,0.354,0.255,0.141,0.281,0.218,0.409,0.228,0.476,0.297,0.413
169,7.394694953858891,9.268,5.278,1.598,0.574,0.156,0.412,0.458,0.219,0.4,0.126,0.421,0.153,0.35,0.082,0.363,0.285,0.291
170,7.52432881167557,258.874,25.167,3.335,0.901,0.156,0.772,0.038,0.421,0.003,0.031,0.009,0.192,0.012,0.243,0.41,0.293,0.37
171,6.882728704344236,348.855,10.039,1.971,0.967,0.16,0.992,0.436,0.248,0.419,0.309,0.331,0.229,0.25,0.144,0.558,0.581,0.458
172,8.67778070526608,13.191,4.688,1.962,0.665,0.152,0.555,0.501,0.288,0.446,0.131,0.399,0.159,0.454,0.164,0.448,0.313,0.376
173,9.154901959985745,11.756,5.766,1.584,0.615,0.157,0.483,0.359,0.261,0.161,0.136,0.211,0.157,0.225,0.177,0.368,0.243,0.313
174,7.920818753952375,306.585,7.454,1.974,0.97,0.148,0.937,0.4,0.337,0.563,0.126,0.444,0.178,0.723,0.182,0.558,0.562,0.604
175,5.920818753952375,166.333,6.286,2.323,0.951,0.163,0.45,0.449,0.313,0.229,0.179,0.304,0.23,0.326,0.188,0.404,0.326,0.303
176,6.815308569182402,200.608,102.507,2.989,0.655,0.161,0.326,0.165,0.392,0.043,0.293,0.053,0.342,0.044,0.337,0.294,0.227,0.211
177,8.638272163982407,323.396,5.179,1.951,0.978,0.146,0.655,0.376,0.3,0.324,0.174,0.324,0.184,0.256,0.271,0.444,0.39,0.402
178,8.795880017344075,17.159,5.538,1.796,0.701,0.15,0.482,0.398,0.229,0.568,0.095,0.418,0.122,0.49,0.142,0.37,0.304,0.326
179,7.546681659952962,104.368,6.376,1.481,0.93,0.162,0.154,0.487,0.311,0.396,0.171,0.375,0.241,0.511,0.211,0.318,0.22,0.256
180,8.356547323513812,17.598,4.173,1.553,0.754,0.153,0.491,0.506,0.21,0.5,0.12,0.386,0.134,0.47,0.144,0.403,0.321,0.368
181,7.75448733218585,234.498,109.041,6.861,0.669,0.161,0.463,0.2,0.325,0.135,0.271,0.179,0.233,0.069,0.282,0.329,0.305,0.254
182,7.07727454200674,7.816,5.265,0.722,0.566,0.163,0.502,0.518,0.178,0.266,0.232,0.369,0.139,0.344,0.165,0.399,0.355,0.37
183,8.42021640338319,128.626,15.686,4.223,0.866,0.145,0.104,0.49,0.371,0.287,0.181,0.39,0.342,0.429,0.327,0.322,0.188,0.264
184,8.55284196865778,409.087,76.16,2.081,0.839,0.161,0.717,0.146,0.406,0.079,0.439,0.11,0.31,0.06,0.377,0.423,0.388,0.413
185,7.443697499232712,339.385,189.955,1.679,0.639,0.156,0.362,0.537,0.487,0.427,0.253,0.483,0.348,0.245,0.393,0.462,0.366,0.353
186,9.154901959985745,20.213,5.252,1.853,0.74,0.145,0.515,0.406,0.338,0.573,0.131,0.41,0.186,0.449,0.222,0.42,0.349,0.373
187,8.3767507096021,13.499,6.15,1.771,0.63,0.149,0.479,0.357,0.345,0.41,0.16,0.378,0.206,0.312,0.162,0.394,0.315,0.334
188,7.454692883534176,183.616,6.361,1.232,0.96,0.16,0.28,0.543,0.479,0.525,0.351,0.513,0.34,0.667,0.319,0.434,0.339,0.369
190,7.818156412055227,195.309,7.872,2.658,0.949,0.156,0.252,0.36,0.333,0.167,0.108,0.21,0.182,0.311,0.141,0.315,0.139,0.197
191,9.0,46.307,6.138,3.155,0.833,0.146,0.087,0.467,0.328,0.356,0.039,0.415,0.172,0.487,0.148,0.294,0.137,0.225
192,6.764471553092451,178.728,144.096,4.457,0.546,0.145,0.159,0.279,0.466,0.142,0.332,0.249,0.369,0.14,0.392,0.302,0.218,0.219
194,9.142667503568733,43.827,12.586,6.644,0.695,0.147,0.046,0.502,0.471,0.005,0.035,0.327,0.351,0.391,0.527,0.339,0.025,0.31
195,9.102372908709558,24.84,6.949,1.678,0.742,0.142,0.5,0.33,0.302,0.402,0.371,0.341,0.227,0.399,0.625,0.377,0.362,0.468
196,9.18045606445813,160.803,45.929,4.032,0.763,0.144,0.301,0.055,0.356,0.186,0.201,0.056,0.243,0.021,0.219,0.237,0.256,0.229
197,9.075720713938118,321.173,13.75,4.586,0.946,0.141,0.358,0.399,0.407,0.274,0.442,0.345,0.367,0.354,0.434,0.388,0.294,0.336
198,9.148741651280924,33.369,4.906,2.052,0.827,0.139,0.536,0.378,0.349,0.47,0.475,0.374,0.273,0.616,0.574,0.421,0.44,0.539
199,8.958607314841775,30.362,4.546,2.481,0.812,0.142,0.527,0.371,0.333,0.414,0.438,0.354,0.259,0.589,0.544,0.41,0.394,0.509
200,7.016193358021584,205.051,99.449,33.138,0.607,0.141,0.288,0.192,0.023,0.191,0.002,0.193,0.006,0.175,0.01,0.168,0.155,0.124
201,9.148741651280924,403.029,80.859,1.393,0.831,0.142,0.878,0.131,0.341,0.117,0.475,0.111,0.306,0.084,0.377,0.45,0.541,0.482
202,9.187086643357144,253.14,7.09,2.605,0.963,0.143,0.883,0.564,0.361,0.485,0.589,0.517,0.344,0.636,0.472,0.603,0.62,0.615
203,8.978810700930062,292.039,12.534,1.615,0.954,0.14,0.922,0.327,0.319,0.209,0.407,0.264,0.253,0.297,0.366,0.523,0.554,0.553
204,8.886056647693163,204.712,35.07,2.105,0.846,0.14,0.286,0.066,0.374,0.21,0.301,0.07,0.262,0.029,0.443,0.242,0.291,0.308
205,9.136677139879543,217.526,7.34,4.464,0.949,0.137,0.476,0.347,0.344,0.465,0.197,0.362,0.244,0.341,0.201,0.389,0.373,0.344
206,8.943095148663527,12.667,8.256,2.801,0.534,0.14,0.558,0.404,0.355,0.376,0.361,0.401,0.274,0.465,0.456,0.439,0.435,0.454
207,9.275724130399212,12.759,4.736,4.347,0.584,0.139,0.498,0.4,0.505,0.449,0.442,0.355,0.372,0.51,0.377,0.468,0.42,0.454
208,9.148741651280924,299.597,15.524,4.203,0.938,0.132,0.723,0.463,0.366,0.329,0.464,0.406,0.364,0.409,0.306,0.517,0.562,0.537
209,9.2518119729938,198.51,9.226,3.611,0.939,0.136,0.858,0.419,0.397,0.264,0.383,0.302,0.347,0.351,0.406,0.558,0.48,0.494
210,9.142667503568733,40.043,4.791,1.901,0.857,0.137,0.519,0.315,0.455,0.383,0.398,0.31,0.345,0.389,0.609,0.43,0.413,0.497
211,9.292429823902063,17.857,5.002,3.082,0.688,0.142,0.474,0.351,0.475,0.471,0.37,0.352,0.345,0.362,0.56,0.434,0.393,0.433
212,9.327902142064282,15.611,4.827,2.729,0.674,0.143,0.508,0.372,0.398,0.422,0.363,0.369,0.302,0.397,0.421,0.426,0.386,0.405
213,9.0268721464003,158.465,6.722,3.782,0.938,0.135,0.228,0.458,0.319,0.455,0.372,0.382,0.297,0.446,0.273,0.335,0.367,0.335
214,9.154901959985745,29.199,5.538,3.192,0.77,0.134,0.459,0.468,0.428,0.387,0.391,0.391,0.381,0.415,0.479,0.451,0.395,0.476
215,9.18045606445813,13.469,5.645,3.324,0.6,0.141,0.507,0.439,0.452,0.523,0.365,0.44,0.344,0.539,0.368,0.466,0.437,0.444
216,9.113509274827518,73.101,7.724,3.639,0.865,0.136,0.05,0.355,0.396,0.391,0.439,0.315,0.391,0.699,0.431,0.267,0.284,0.383
217,9.337242168318426,101.876,24.778,1.889,0.793,0.138,0.191,0.553,0.364,0.375,0.444,0.482,0.328,0.428,0.398,0.369,0.34,0.304
218,9.086186147616283,276.316,58.213,11.692,0.798,0.139,0.637,0.036,0.462,0.173,0.352,0.04,0.406,0.013,0.343,0.379,0.364,0.286
219,9.431798275933003,161.17,8.038,5.694,0.921,0.139,0.404,0.359,0.476,0.531,0.363,0.392,0.341,0.368,0.249,0.413,0.441,0.363
220,9.337242168318426,275.717,11.965,4.252,0.944,0.137,0.901,0.485,0.4,0.345,0.5,0.42,0.398,0.419,0.354,0.595,0.551,0.518
221,9.18045606445813,436.237,7.849,4.34,0.973,0.136,0.591,0.496,0.414,0.479,0.476,0.438,0.394,0.708,0.423,0.5,0.514,0.603
223,9.292429823902063,13.089,7.903,4.432,0.515,0.133,0.539,0.369,0.378,0.522,0.332,0.416,0.323,0.421,0.467,0.428,0.448,0.473
224,9.075720713938118,272.524,7.216,4.715,0.958,0.133,0.185,0.462,0.383,0.404,0.396,0.4,0.374,0.626,0.48,0.343,0.331,0.404
225,8.958607314841775,232.721,7.331,4.515,0.952,0.137,0.89,0.321,0.44,0.263,0.34,0.211,0.389,0.418,0.432,0.55,0.532,0.59
226,9.05551732784983,286.068,78.205,2.832,0.779,0.138,0.435,0.137,0.246,0.05,0.434,0.092,0.269,0.044,0.324,0.273,0.258,0.21
227,9.259637310505756,370.313,8.026,4.118,0.968,0.138,0.568,0.472,0.335,0.291,0.483,0.386,0.346,0.333,0.329,0.459,0.52,0.454
228,9.187086643357144,57.557,13.225,5.869,0.751,0.138,0.069,0.407,0.543,0.44,0.373,0.428,0.429,0.517,0.39,0.34,0.286,0.31
229,9.236572006437065,148.679,15.112,1.987,0.897,0.136,0.352,0.515,0.36,0.545,0.558,0.488,0.314,0.648,0.494,0.409,0.531,0.544
231,9.00436480540245,42.534,4.726,1.458,0.873,0.137,0.561,0.354,0.307,0.442,0.374,0.361,0.218,0.546,0.532,0.407,0.417,0.534
232,8.962573502059376,400.615,227.344,6.222,0.632,0.134,0.32,0.484,0.496,0.426,0.516,0.455,0.471,0.418,0.45,0.433,0.42,0.38
233,9.187086643357144,11.808,4.755,3.871,0.578,0.137,0.456,0.39,0.468,0.493,0.313,0.38,0.365,0.504,0.278,0.438,0.411,0.429
234,9.119186407719209,545.838,306.044,16.459,0.629,0.135,0.626,0.795,0.026,0.834,0.004,0.68,0.009,0.933,0.012,0.483,0.482,0.537
235,9.070581074285707,338.912,260.226,13.602,0.553,0.135,0.496,0.443,0.308,0.79,0.292,0.582,0.329,0.423,0.212,0.416,0.556,0.404
236,9.130768280269024,43.633,6.987,4.951,0.785,0.14,0.05,0.376,0.399,0.467,0.037,0.432,0.193,0.425,0.309,0.275,0.171,0.252
237,9.229147988357855,356.093,6.12,3.465,0.974,0.139,0.448,0.417,0.412,0.413,0.259,0.368,0.301,0.453,0.263,0.426,0.421,0.433
238,9.221848749616356,509.108,224.296,5.789,0.689,0.136,0.808,0.436,0.418,0.539,0.39,0.497,0.363,0.491,0.386,0.554,0.59,0.587
239,9.30102999566398,27.347,4.897,2.221,0.793,0.141,0.53,0.398,0.377,0.404,0.438,0.358,0.288,0.516,0.402,0.435,0.46,0.556
240,8.958607314841775,10.96,9.266,4.334,0.446,0.136,0.37,0.421,0.447,0.361,0.348,0.563,0.352,0.534,0.373,0.413,0.429,0.462
241,9.468521082957745,43.457,15.559,2.117,0.711,0.14,0.188,0.158,0.318,0.383,0.277,0.185,0.216,0.044,0.452,0.222,0.311,0.233
242,9.18045606445813,13.795,6.51,3.008,0.592,0.144,0.468,0.358,0.418,0.448,0.335,0.361,0.295,0.36,0.515,0.415,0.367,0.418
243,9.267606240177033,26.507,5.725,1.645,0.782,0.143,0.564,0.429,0.317,0.445,0.47,0.406,0.249,0.575,0.644,0.437,0.425,0.545
245,9.050609993355089,28.022,5.014,1.932,0.801,0.142,0.519,0.414,0.279,0.444,0.435,0.385,0.233,0.532,0.518,0.404,0.408,0.487
246,9.130768280269024,456.626,6.68,5.93,0.973,0.139,0.599,0.419,0.385,0.479,0.337,0.415,0.29,0.815,0.348,0.467,0.431,0.524
247,9.065501548756432,9.836,8.435,3.468,0.452,0.14,0.4,0.366,0.433,0.316,0.335,0.344,0.319,0.476,0.357,0.4,0.378,0.451
248,9.173925197299171,287.753,6.809,2.0,0.97,0.141,0.938,0.48,0.46,0.447,0.434,0.462,0.349,0.563,0.445,0.626,0.639,0.675
249,9.148741651280924,338.518,104.86,19.515,0.731,0.139,0.907,0.157,0.283,0.262,0.099,0.21,0.162,0.149,0.135,0.449,0.403,0.357
250,9.013228265733757,239.028,125.544,6.062,0.645,0.14,0.201,0.338,0.335,0.133,0.338,0.207,0.288,0.164,0.629,0.291,0.224,0.314
251,9.18045606445813,26.0,5.655,2.082,0.771,0.141,0.543,0.363,0.291,0.393,0.519,0.339,0.278,0.516,0.399,0.399,0.419,0.449
252,9.366531544420411,224.645,6.538,2.837,0.96,0.137,0.834,0.471,0.426,0.437,0.455,0.423,0.35,0.581,0.362,0.577,0.526,0.538
253,8.271646217978772,22.645,5.567,1.906,0.752,0.144,0.507,0.399,0.286,0.436,0.362,0.366,0.223,0.426,0.633,0.397,0.371,0.483
254,8.931814138253838,16.541,6.58,2.172,0.654,0.139,0.512,0.471,0.379,0.461,0.419,0.419,0.309,0.502,0.489,0.454,0.426,0.474
255,8.97061622231479,50.297,7.079,4.994,0.806,0.143,0.062,0.51,0.374,0.46,0.014,0.191,0.254,0.372,0.314,0.315,0.163,0.238
256,9.040958607678906,32.005,5.236,1.267,0.831,0.14,0.543,0.376,0.363,0.419,0.443,0.359,0.264,0.569,0.574,0.428,0.42,0.524
257,9.065501548756432,22.75,9.416,4.758,0.616,0.137,0.036,0.375,0.325,0.022,0.329,0.272,0.279,0.36,0.433,0.246,0.127,0.271
258,9.142667503568733,18.59,10.839,3.686,0.561,0.139,0.029,0.487,0.502,0.005,0.336,0.023,0.406,0.088,0.406,0.339,0.188,0.173
260,8.76447155309245,208.502,8.792,4.354,0.941,0.136,0.39,0.452,0.428,0.5,0.212,0.423,0.3,0.649,0.289,0.423,0.345,0.397
261,9.05551732784983,655.815,324.509,86.554,0.615,0.138,0.911,0.864,0.145,0.895,0.209,0.86,0.116,0.895,0.05,0.64,0.662,0.626
262,9.022276394711152,12.42,5.646,3.796,0.568,0.136,0.508,0.509,0.488,0.468,0.514,0.457,0.45,0.439,0.492,0.502,0.466,0.466
263,9.1249387366083,247.207,18.089,4.555,0.916,0.137,0.767,0.56,0.462,0.494,0.473,0.535,0.401,0.615,0.469,0.596,0.6,0.584
264,9.036212172654444,428.924,22.315,12.811,0.924,0.138,0.564,0.026,0.503,0.447,0.003,0.113,0.012,0.046,0.033,0.364,0.364,0.206
265,8.892790030352131,542.741,34.901,2.486,0.936,0.137,0.676,0.417,0.29,0.484,0.271,0.425,0.213,0.559,0.452,0.461,0.466,0.527
266,8.920818753952375,57.14,9.997,2.854,0.816,0.137,0.155,0.411,0.411,0.271,0.514,0.345,0.385,0.179,0.406,0.326,0.315,0.242
267,9.096910013008056,103.758,13.224,6.642,0.839,0.135,0.136,0.406,0.459,0.336,0.312,0.382,0.371,0.417,0.281,0.334,0.28,0.312
268,9.200659450546418,137.822,10.049,2.901,0.914,0.137,0.225,0.473,0.455,0.512,0.401,0.472,0.382,0.458,0.435,0.384,0.394,0.402
269,8.935542010773082,265.712,9.167,3.631,0.954,0.136,0.252,0.319,0.279,0.238,0.351,0.28,0.277,0.25,0.252,0.283,0.292,0.297
270,9.102372908709558,300.636,12.793,5.215,0.943,0.138,0.902,0.263,0.403,0.092,0.455,0.133,0.407,0.117,0.49,0.523,0.464,0.477
271,9.397940008672036,72.263,12.741,4.973,0.803,0.14,0.112,0.575,0.492,0.425,0.58,0.47,0.439,0.615,0.372,0.393,0.373,0.369
272,9.075720713938118,12.059,5.458,3.555,0.572,0.136,0.514,0.513,0.553,0.545,0.423,0.474,0.47,0.547,0.36,0.527,0.459,0.458
273,9.173925197299171,319.782,186.922,4.76,0.625,0.135,0.257,0.29,0.478,0.304,0.384,0.306,0.399,0.223,0.385,0.342,0.317,0.276
274,9.207608310501746,225.27,11.576,3.701,0.936,0.137,0.84,0.504,0.391,0.401,0.361,0.434,0.335,0.384,0.42,0.579,0.542,0.514
275,8.400116927926312,21.977,6.981,3.446,0.678,0.136,0.559,0.48,0.452,0.42,0.395,0.417,0.442,0.51,0.405,0.497,0.453,0.499
276,9.031517051446064,36.163,4.723,3.176,0.821,0.136,0.495,0.395,0.425,0.367,0.233,0.338,0.322,0.42,0.36,0.438,0.489,0.442
277,8.838631997765026,26.346,16.984,4.246,0.554,0.136,0.147,0.07,0.417,0.005,0.396,0.011,0.38,0.015,0.386,0.211,0.314,0.251
278,8.962573502059376,35.429,4.956,3.074,0.815,0.136,0.503,0.382,0.418,0.404,0.335,0.373,0.32,0.483,0.392,0.434,0.425,0.477
279,9.013228265733757,221.176,11.11,3.585,0.938,0.136,0.364,0.522,0.384,0.396,0.603,0.444,0.417,0.478,0.415,0.423,0.468,0.411
280,8.607303046740334,189.935,124.959,8.441,0.587,0.133,0.128,0.294,0.449,0.438,0.33,0.306,0.372,0.452,0.327,0.29,0.309,0.33
281,8.492144128304169,610.483,73.962,5.772,0.884,0.134,0.838,0.132,0.454,0.068,0.497,0.104,0.452,0.07,0.504,0.475,0.47,0.447
282,8.98296666070122,260.053,9.377,3.947,0.951,0.135,0.596,0.515,0.458,0.399,0.445,0.397,0.399,0.576,0.338,0.523,0.499,0.497
283,8.508638306165727,17.427,7.044,3.737,0.618,0.134,0.528,0.515,0.376,0.545,0.466,0.464,0.355,0.673,0.349,0.473,0.507,0.591
284,9.346787486224656,432.039,5.962,2.765,0.98,0.137,0.927,0.387,0.485,0.433,0.333,0.332,0.396,0.461,0.465,0.6,0.553,0.602
285,8.924453038607469,102.789,11.459,4.492,0.866,0.134,0.142,0.48,0.445,0.335,0.403,0.4,0.383,0.372,0.497,0.356,0.306,0.321
286,9.2839966563652,17.324,6.822,5.231,0.59,0.136,0.523,0.392,0.446,0.315,0.323,0.366,0.362,0.455,0.323,0.454,0.384,0.416
287,8.892790030352131,119.04,6.584,4.167,0.917,0.137,0.245,0.408,0.457,0.65,0.414,0.44,0.386,0.789,0.385,0.37,0.446,0.488
288,8.424812155072338,38.709,7.855,4.488,0.758,0.137,0.066,0.488,0.381,0.123,0.388,0.427,0.337,0.576,0.312,0.312,0.175,0.305
289,9.292429823902063,479.114,31.778,4.306,0.93,0.135,0.883,0.042,0.328,0.004,0.295,0.011,0.308,0.014,0.509,0.418,0.425,0.454
290,8.590066876668706,10.707,9.243,3.931,0.448,0.136,0.485,0.468,0.402,0.315,0.515,0.372,0.361,0.406,0.488,0.452,0.468,0.516
291,8.91721462968355,58.055,9.304,3.308,0.822,0.139,0.078,0.476,0.491,0.235,0.452,0.363,0.405,0.331,0.567,0.348,0.271,0.321
292,9.522878745280336,243.15,12.79,5.599,0.93,0.134,0.667,0.493,0.498,0.313,0.418,0.389,0.406,0.397,0.332,0.553,0.47,0.487
293,9.619788758288394,14.397,5.064,4.565,0.599,0.138,0.467,0.474,0.366,0.547,0.397,0.404,0.372,0.814,0.337,0.436,0.412,0.528
294,9.568636235841012,69.522,10.389,4.268,0.826,0.138,0.067,0.461,0.467,0.332,0.514,0.398,0.434,0.445,0.36,0.332,0.283,0.275
295,8.65169513695184,18.495,7.605,4.084,0.613,0.136,0.525,0.428,0.336,0.307,0.368,0.366,0.316,0.364,0.364,0.43,0.402,0.428
297,9.214670164989233,27.234,6.155,4.291,0.723,0.134,0.432,0.384,0.304,0.375,0.421,0.35,0.334,0.414,0.41,0.374,0.388,0.406
298,9.200659450546418,177.558,111.677,37.151,0.544,0.138,0.253,0.189,0.023,0.149,0.002,0.157,0.006,0.141,0.009,0.155,0.128,0.114
299,9.10790539730952,19.637,7.163,3.07,0.657,0.134,0.489,0.449,0.407,0.423,0.6,0.403,0.407,0.544,0.359,0.448,0.473,0.451
300,8.950781977329818,30.069,15.713,5.091,0.591,0.137,0.553,0.019,0.411,0.484,0.351,0.058,0.353,0.006,0.355,0.328,0.354,0.333
301,8.943095148663527,309.587,14.513,5.398,0.94,0.136,0.861,0.435,0.411,0.38,0.3,0.408,0.323,0.388,0.271,0.569,0.527,0.515
302,8.958607314841775,118.268,12.156,4.78,0.875,0.136,0.126,0.454,0.453,0.378,0.399,0.4,0.4,0.47,0.477,0.344,0.278,0.338
303,8.97061622231479,43.217,9.096,6.8,0.731,0.138,0.052,0.442,0.542,0.83,0.335,0.48,0.462,0.56,0.454,0.345,0.405,0.343
304,9.244125144327509,177.573,6.174,1.758,0.957,0.138,0.444,0.373,0.34,0.331,0.384,0.328,0.267,0.273,0.624,0.386,0.381,0.477
305,8.186419011431807,10.979,10.366,2.742,0.456,0.136,0.47,0.425,0.408,0.3,0.428,0.378,0.321,0.386,0.551,0.435,0.385,0.474
306,9.481486060122112,437.935,213.439,4.527,0.668,0.139,0.944,0.793,0.467,0.836,0.338,0.903,0.331,0.62,0.455,0.735,0.718,0.652
307,9.2839966563652,214.728,9.363,3.049,0.945,0.138,0.406,0.46,0.469,0.686,0.387,0.518,0.376,0.617,0.457,0.445,0.516,0.503
308,9.193820026016112,25.046,5.808,1.576,0.772,0.142,0.548,0.309,0.317,0.436,0.363,0.316,0.237,0.371,0.56,0.392,0.376,0.453
309,9.275724130399212,35.797,5.359,2.473,0.82,0.138,0.561,0.345,0.404,0.395,0.495,0.332,0.329,0.469,0.61,0.437,0.429,0.524
310,9.2839966563652,437.059,176.496,3.613,0.708,0.143,0.647,0.391,0.419,0.266,0.315,0.343,0.303,0.246,0.354,0.486,0.447,0.442
311,9.10790539730952,41.241,12.148,5.302,0.703,0.141,0.04,0.57,0.387,0.418,0.435,0.498,0.366,0.447,0.48,0.332,0.298,0.313
312,9.337242168318426,12.376,6.888,4.213,0.527,0.139,0.538,0.57,0.472,0.511,0.386,0.529,0.367,0.618,0.437,0.527,0.465,0.522
313,9.167491087293763,11.43,6.165,3.662,0.538,0.138,0.452,0.371,0.388,0.413,0.278,0.356,0.296,0.459,0.271,0.404,0.36,0.392
314,8.782516055786093,26.956,15.433,2.815,0.596,0.141,0.313,0.044,0.317,0.006,0.085,0.012,0.13,0.016,0.437,0.225,0.162,0.261
315,9.119186407719209,44.539,5.517,1.809,0.859,0.136,0.574,0.359,0.281,0.415,0.433,0.341,0.221,0.589,0.568,0.404,0.439,0.554
316,9.267606240177033,376.191,132.831,8.108,0.727,0.138,0.289,0.289,0.52,0.16,0.501,0.216,0.483,0.145,0.51,0.366,0.279,0.274
317,9.244125144327509,35.077,7.919,1.61,0.786,0.137,0.515,0.469,0.337,0.41,0.416,0.408,0.262,0.452,0.54,0.44,0.436,0.526
318,9.346787486224656,43.824,16.701,2.654,0.694,0.138,0.11,0.057,0.428,0.004,0.01,0.009,0.104,0.014,0.369,0.198,0.069,0.174
319,9.259637310505756,294.667,109.124,6.927,0.717,0.137,0.23,0.23,0.386,0.193,0.244,0.213,0.299,0.153,0.277,0.282,0.197,0.189
320,9.193820026016112,34.057,5.119,1.424,0.839,0.138,0.525,0.325,0.259,0.42,0.361,0.316,0.196,0.413,0.64,0.37,0.389,0.507
321,9.09151498112135,31.709,5.595,1.723,0.812,0.139,0.538,0.378,0.252,0.408,0.425,0.341,0.209,0.498,0.592,0.389,0.416,0.51
322,9.136677139879543,32.217,5.565,1.74,0.815,0.139,0.514,0.316,0.29,0.355,0.413,0.29,0.235,0.326,0.652,0.373,0.39,0.467
323,8.698970004336019,336.903,297.735,10.485,0.522,0.136,0.365,0.435,0.446,0.275,0.247,0.344,0.328,0.274,0.303,0.415,0.332,0.342
324,8.96657624451305,271.092,6.723,4.609,0.96,0.136,0.758,0.536,0.402,0.305,0.289,0.406,0.326,0.402,0.247,0.565,0.401,0.399
325,8.809668301829708,41.522,5.915,1.739,0.844,0.138,0.503,0.322,0.265,0.402,0.421,0.333,0.224,0.488,0.489,0.363,0.419,0.48
326,8.847711655616944,388.967,70.93,2.361,0.841,0.138,0.661,0.124,0.336,0.04,0.214,0.06,0.212,0.041,0.354,0.374,0.27,0.301
327,8.806875401645538,118.736,26.938,3.994,0.793,0.139,0.124,0.517,0.329,0.361,0.324,0.425,0.298,0.397,0.335,0.323,0.285,0.345
328,8.8153085691824,34.843,5.603,1.749,0.826,0.14,0.462,0.33,0.264,0.353,0.522,0.318,0.242,0.516,0.468,0.352,0.409,0.458
329,8.87942606879415,24.905,4.513,1.87,0.796,0.143,0.463,0.371,0.271,0.42,0.369,0.354,0.211,0.477,0.649,0.368,0.371,0.495
330,8.67366413907125,39.182,23.018,2.404,0.606,0.138,0.104,0.18,0.233,0.004,0.156,0.013,0.165,0.021,0.616,0.172,0.191,0.297
331,8.6345120151091,48.263,27.185,2.377,0.62,0.138,0.071,0.52,0.357,0.508,0.347,0.509,0.27,0.037,0.65,0.316,0.313,0.277
332,8.51999305704285,24.636,5.896,1.609,0.766,0.142,0.509,0.463,0.262,0.452,0.409,0.472,0.21,0.521,0.68,0.411,0.413,0.543
333,8.910094888560602,222.508,34.435,2.618,0.857,0.137,0.261,0.056,0.286,0.193,0.249,0.064,0.183,0.029,0.25,0.201,0.254,0.246
334,9.229147988357855,26.229,5.213,1.664,0.792,0.141,0.494,0.36,0.286,0.387,0.39,0.328,0.225,0.382,0.658,0.38,0.392,0.494
335,9.161150909262744,281.228,9.954,4.224,0.952,0.138,0.953,0.315,0.43,0.451,0.444,0.292,0.403,0.308,0.434,0.566,0.626,0.559
336,9.356547323513812,33.857,5.922,3.109,0.789,0.138,0.567,0.39,0.328,0.416,0.323,0.385,0.236,0.466,0.433,0.428,0.404,0.471
337,9.42021640338319,294.331,221.258,11.425,0.558,0.142,0.326,0.352,0.457,0.272,0.481,0.215,0.464,0.342,0.274,0.378,0.405,0.369
338,9.040958607678906,58.794,7.445,2.363,0.857,0.134,0.095,0.526,0.343,0.345,0.318,0.406,0.273,0.408,0.385,0.321,0.233,0.278
339,9.275724130399212,41.213,5.99,1.86,0.84,0.136,0.502,0.371,0.326,0.4,0.474,0.333,0.276,0.507,0.469,0.4,0.443,0.506
340,8.832682665251824,29.473,4.902,1.871,0.813,0.141,0.488,0.394,0.337,0.42,0.399,0.358,0.252,0.494,0.582,0.406,0.403,0.506
341,8.935542010773082,35.479,5.195,1.989,0.832,0.137,0.5,0.448,0.355,0.425,0.466,0.385,0.322,0.432,0.544,0.434,0.448,0.484
342,8.777283528852417,27.439,5.902,1.488,0.788,0.142,0.443,0.379,0.265,0.391,0.365,0.347,0.214,0.401,0.427,0.363,0.37,0.415
343,9.142667503568733,17.292,5.765,2.25,0.683,0.145,0.525,0.353,0.292,0.457,0.335,0.342,0.212,0.446,0.726,0.39,0.365,0.512
344,9.05551732784983,18.551,5.933,1.741,0.707,0.144,0.555,0.329,0.308,0.486,0.308,0.346,0.211,0.393,0.548,0.397,0.37,0.45
345,9.236572006437065,339.459,194.13,6.258,0.629,0.137,0.555,0.488,0.432,0.308,0.272,0.388,0.345,0.27,0.315,0.492,0.389,0.397
346,9.173925197299171,21.148,5.241,1.663,0.754,0.141,0.517,0.423,0.405,0.423,0.316,0.368,0.276,0.439,0.475,0.449,0.373,0.45
347,9.10790539730952,133.653,6.236,3.857,0.93,0.139,0.11,0.361,0.31,0.363,0.234,0.328,0.259,0.423,0.312,0.26,0.208,0.257
348,9.167491087293763,22.85,5.599,1.733,0.757,0.142,0.505,0.361,0.253,0.395,0.42,0.333,0.215,0.447,0.595,0.373,0.382,0.478
349,9.346787486224656,24.721,7.902,1.858,0.717,0.14,0.486,0.335,0.284,0.315,0.388,0.343,0.224,0.494,0.645,0.368,0.389,0.499
350,8.910094888560602,28.958,4.766,2.301,0.804,0.141,0.471,0.372,0.3,0.36,0.351,0.307,0.224,0.423,0.584,0.381,0.356,0.483
351,8.517126416391246,58.852,26.466,2.203,0.672,0.137,0.056,0.307,0.312,0.426,0.33,0.278,0.252,0.023,0.521,0.225,0.306,0.209
353,8.701146923590294,78.208,33.631,1.872,0.688,0.135,0.091,0.447,0.258,0.392,0.272,0.44,0.181,0.377,0.535,0.265,0.245,0.323
354,9.119186407719209,17.605,6.022,1.682,0.696,0.145,0.525,0.349,0.276,0.439,0.401,0.336,0.216,0.416,0.683,0.383,0.38,0.49
355,8.1518108830086,389.983,199.998,4.689,0.656,0.133,0.566,0.464,0.363,1.035,0.355,0.626,0.269,0.869,0.577,0.464,0.607,0.678
356,8.899629454882437,91.223,13.408,3.556,0.843,0.144,0.108,0.601,0.425,0.438,0.565,0.486,0.431,0.501,0.535,0.378,0.366,0.366
357,8.586700235918748,19.576,8.201,1.728,0.663,0.143,0.579,0.364,0.316,0.342,0.486,0.351,0.268,0.438,0.568,0.42,0.436,0.497
358,8.570247719997592,19.987,7.941,1.733,0.674,0.143,0.598,0.347,0.288,0.354,0.368,0.354,0.216,0.424,0.602,0.411,0.373,0.512
359,8.53313237964589,151.491,15.044,4.262,0.887,0.142,0.115,0.575,0.317,0.396,0.313,0.479,0.272,0.551,0.601,0.336,0.306,0.415
360,8.301029995663981,13.996,8.392,4.947,0.512,0.139,0.59,0.447,0.402,0.325,0.278,0.416,0.302,0.505,0.392,0.48,0.391,0.471
361,8.65169513695184,504.679,234.655,161.267,0.56,0.14,0.727,0.493,0.543,0.538,0.335,0.451,0.399,0.498,0.256,0.588,0.554,0.538
362,8.642065152999546,19.641,8.254,1.738,0.663,0.144,0.573,0.364,0.259,0.343,0.327,0.357,0.192,0.413,0.571,0.399,0.375,0.524
363,8.866461091629782,20.439,8.275,1.647,0.673,0.144,0.634,0.368,0.409,0.379,0.457,0.364,0.313,0.45,0.531,0.47,0.409,0.504
364,8.7594507517174,391.845,10.42,2.382,0.968,0.144,0.806,0.339,0.254,0.284,0.342,0.311,0.197,0.319,0.349,0.466,0.519,0.511
365,9.050609993355089,158.041,7.71,4.129,0.93,0.137,0.123,0.403,0.466,0.234,0.293,0.318,0.332,0.344,0.38,0.33,0.238,0.282
366,8.5654310959658,20.046,8.345,1.787,0.664,0.143,0.591,0.383,0.238,0.314,0.329,0.357,0.19,0.37,0.444,0.404,0.417,0.57
367,8.913640169325252,25.215,7.029,1.937,0.738,0.14,0.597,0.343,0.404,0.396,0.41,0.353,0.285,0.461,0.554,0.448,0.407,0.526
368,8.906578314837764,24.405,7.466,1.998,0.721,0.14,0.609,0.346,0.389,0.331,0.439,0.345,0.299,0.443,0.494,0.448,0.429,0.528
369,8.296708621881338,314.683,92.163,14.095,0.748,0.14,0.369,0.139,0.375,0.039,0.401,0.075,0.401,0.04,0.377,0.294,0.286,0.279
370,8.958607314841775,35.103,7.805,1.899,0.783,0.136,0.618,0.334,0.327,0.273,0.405,0.316,0.257,0.334,0.475,0.426,0.463,0.593
371,8.26121944151563,199.407,19.082,2.264,0.903,0.137,0.375,0.428,0.298,0.465,0.323,0.436,0.216,0.508,0.317,0.367,0.438,0.437
372,8.698970004336019,175.408,10.008,1.98,0.936,0.132,0.611,0.295,0.256,0.284,0.283,0.286,0.187,0.382,0.564,0.387,0.317,0.435
373,9.096910013008056,15.663,8.18,1.587,0.616,0.147,0.529,0.431,0.243,0.414,0.466,0.401,0.212,0.523,0.625,0.401,0.384,0.508
374,7.852632892206214,27.917,7.829,1.833,0.743,0.141,0.522,0.343,0.262,0.33,0.351,0.321,0.194,0.439,0.529,0.376,0.36,0.493
375,8.995678626217357,20.38,7.827,1.523,0.686,0.144,0.541,0.358,0.252,0.353,0.392,0.349,0.203,0.429,0.656,0.384,0.362,0.495
376,8.860120913598763,208.226,12.693,1.966,0.934,0.146,0.583,0.472,0.276,0.537,0.266,0.431,0.194,0.736,0.405,0.443,0.478,0.554
379,8.958607314841775,176.873,7.728,1.701,0.949,0.142,0.396,0.464,0.359,0.501,0.248,0.447,0.239,0.44,0.382,0.407,0.419,0.436
380,9.040958607678906,236.541,7.419,2.819,0.959,0.141,0.846,0.378,0.409,0.423,0.448,0.295,0.407,0.221,0.546,0.544,0.543,0.494
381,8.826813731587725,14.127,8.329,2.397,0.568,0.139,0.587,0.417,0.385,0.333,0.34,0.396,0.283,0.487,0.424,0.463,0.406,0.472
382,8.931814138253838,18.563,5.059,1.844,0.729,0.144,0.509,0.427,0.416,0.437,0.311,0.391,0.293,0.406,0.437,0.451,0.372,0.419
383,8.876148359032914,17.959,5.713,2.709,0.681,0.14,0.568,0.399,0.369,0.377,0.261,0.358,0.268,0.433,0.313,0.445,0.372,0.408
384,8.94692155651658,246.391,9.92,2.559,0.952,0.141,0.437,0.461,0.427,0.42,0.592,0.404,0.373,0.53,0.539,0.441,0.524,0.535
385,8.97061622231479,55.985,25.72,2.624,0.664,0.142,0.04,0.558,0.302,0.003,0.036,0.394,0.268,0.464,0.401,0.3,0.157,0.293
386,8.995678626217357,14.666,5.736,3.725,0.608,0.141,0.573,0.466,0.458,0.475,0.299,0.451,0.327,0.575,0.299,0.499,0.415,0.45
387,9.2518119729938,201.557,4.985,3.405,0.96,0.144,0.544,0.405,0.359,0.41,0.462,0.362,0.304,0.735,0.229,0.436,0.414,0.45
388,8.913640169325252,112.736,13.942,1.524,0.879,0.144,0.17,0.409,0.265,0.293,0.481,0.37,0.226,0.344,0.691,0.282,0.277,0.361
389,9.036212172654444,20.414,6.074,1.959,0.718,0.142,0.47,0.38,0.382,0.434,0.366,0.361,0.277,0.387,0.612,0.411,0.376,0.461
390,9.267606240177033,227.863,7.955,3.802,0.951,0.14,0.662,0.318,0.419,0.29,0.37,0.312,0.343,0.364,0.386,0.466,0.365,0.394
391,9.356547323513812,17.705,4.638,3.276,0.691,0.141,0.546,0.394,0.414,0.431,0.303,0.387,0.309,0.459,0.321,0.451,0.393,0.412
392,9.2518119729938,21.005,5.119,3.261,0.715,0.14,0.543,0.354,0.371,0.413,0.208,0.351,0.24,0.416,0.229,0.423,0.352,0.37
393,9.4089353929735,39.811,5.004,2.311,0.845,0.137,0.608,0.424,0.394,0.514,0.501,0.41,0.357,0.642,0.511,0.475,0.5,0.568
394,9.387216143280265,230.6,37.61,6.957,0.838,0.13,0.657,0.616,0.344,0.677,0.343,0.669,0.341,0.654,0.348,0.539,0.593,0.61
395,9.259637310505756,17.536,5.175,2.251,0.702,0.144,0.526,0.412,0.393,0.471,0.325,0.4,0.278,0.472,0.438,0.444,0.393,0.44
396,9.327902142064282,19.271,15.696,4.734,0.485,0.142,0.164,0.048,0.398,0.199,0.002,0.005,0.377,0.007,0.493,0.203,0.207,0.313
397,9.42021640338319,282.689,8.545,3.24,0.96,0.141,0.339,0.459,0.459,0.423,0.595,0.386,0.409,0.558,0.4,0.419,0.484,0.469
399,9.267606240177033,486.093,8.207,4.523,0.974,0.139,0.881,0.28,0.379,0.28,0.384,0.24,0.38,0.352,0.406,0.513,0.475,0.497
400,9.130768280269024,19.17,5.669,4.683,0.649,0.14,0.549,0.469,0.359,0.536,0.374,0.453,0.38,0.539,0.39,0.459,0.467,0.459
401,9.10790539730952,208.547,14.456,2.25,0.926,0.143,0.353,0.521,0.34,0.395,0.225,0.404,0.201,0.523,0.218,0.405,0.322,0.376
402,9.387216143280265,20.994,5.106,3.484,0.71,0.142,0.532,0.435,0.422,0.455,0.301,0.377,0.327,0.452,0.371,0.463,0.395,0.438
403,9.494850021680094,450.171,10.219,3.321,0.971,0.141,0.581,0.399,0.399,0.27,0.64,0.319,0.403,0.314,0.409,0.46,0.483,0.4
404,9.346787486224656,22.109,5.349,3.758,0.708,0.139,0.467,0.465,0.425,0.391,0.345,0.426,0.328,0.472,0.342,0.452,0.404,0.413
405,8.809668301829708,225.941,10.892,3.811,0.939,0.143,0.602,0.517,0.443,0.452,0.442,0.47,0.382,0.628,0.402,0.521,0.543,0.577
406,9.0,214.387,6.246,3.801,0.955,0.141,0.805,0.389,0.402,0.431,0.229,0.406,0.307,0.467,0.282,0.532,0.454,0.441
407,9.060480747381382,25.358,5.618,2.33,0.761,0.141,0.513,0.413,0.35,0.475,0.379,0.402,0.264,0.528,0.573,0.425,0.405,0.498
408,9.022276394711152,171.522,5.146,2.816,0.956,0.142,0.182,0.389,0.426,0.437,0.363,0.389,0.311,0.43,0.467,0.333,0.292,0.32
409,9.309803919971486,318.901,47.082,8.577,0.851,0.143,0.963,0.072,0.345,0.015,0.014,0.025,0.101,0.028,0.327,0.46,0.321,0.425
410,9.309803919971486,21.807,5.923,2.567,0.72,0.142,0.517,0.366,0.389,0.376,0.572,0.332,0.349,0.497,0.452,0.424,0.436,0.485
411,9.455931955649724,22.592,5.905,3.343,0.71,0.14,0.496,0.365,0.432,0.432,0.306,0.367,0.302,0.397,0.373,0.431,0.368,0.392
412,8.96657624451305,22.114,6.558,1.58,0.731,0.142,0.541,0.393,0.35,0.411,0.28,0.347,0.236,0.512,0.401,0.428,0.358,0.449
413,9.259637310505756,110.353,6.095,4.357,0.913,0.142,0.086,0.427,0.421,0.434,0.321,0.358,0.377,0.406,0.399,0.311,0.259,0.277
414,9.207608310501746,258.742,84.653,8.571,0.735,0.14,0.725,0.055,0.477,0.003,0.086,0.012,0.422,0.017,0.433,0.419,0.253,0.403
415,9.136677139879543,61.652,15.309,1.579,0.785,0.145,0.068,0.513,0.38,0.372,0.414,0.43,0.305,0.345,0.564,0.321,0.272,0.311
416,9.080921907623926,15.43,6.589,2.838,0.621,0.142,0.528,0.402,0.414,0.433,0.442,0.363,0.336,0.419,0.541,0.448,0.411,0.459
417,9.2518119729938,283.856,28.254,1.267,0.906,0.139,0.264,0.549,0.391,0.468,0.362,0.464,0.272,0.499,0.391,0.401,0.37,0.416
418,8.787812395596042,217.673,9.816,1.723,0.95,0.153,0.342,0.431,0.236,0.26,0.493,0.338,0.22,0.404,0.543,0.336,0.349,0.41
419,9.2518119729938,33.681,11.087,5.883,0.665,0.145,0.116,0.166,0.238,0.275,0.003,0.187,0.012,0.099,0.037,0.174,0.122,0.077
420,8.882728704344236,254.268,10.137,5.684,0.941,0.145,0.75,0.4,0.398,0.428,0.331,0.374,0.301,0.378,0.369,0.516,0.533,0.521
421,8.53313237964589,31.626,5.606,1.868,0.809,0.145,0.532,0.383,0.276,0.406,0.316,0.357,0.191,0.437,0.525,0.397,0.377,0.507
422,8.931814138253838,29.463,7.48,1.924,0.758,0.142,0.607,0.324,0.354,0.335,0.313,0.31,0.227,0.361,0.605,0.428,0.345,0.475
423,9.031517051446064,80.926,19.39,3.419,0.78,0.142,0.153,0.63,0.376,0.397,0.555,0.505,0.371,0.391,0.524,0.386,0.356,0.341
424,8.111259039317108,23.7,5.625,2.519,0.744,0.143,0.536,0.361,0.326,0.485,0.304,0.389,0.229,0.452,0.53,0.408,0.371,0.464
425,7.747146969020107,17.18,7.085,2.867,0.633,0.144,0.492,0.445,0.429,0.376,0.384,0.34,0.378,0.357,0.582,0.455,0.368,0.456
426,8.233587152887601,15.095,7.534,2.618,0.598,0.144,0.515,0.404,0.371,0.422,0.212,0.377,0.238,0.393,0.294,0.43,0.345,0.387
427,8.823908740944319,285.935,11.512,2.97,0.952,0.147,0.526,0.53,0.478,0.378,0.597,0.415,0.441,0.513,0.437,0.511,0.503,0.497
428,8.570247719997592,129.986,22.285,2.583,0.839,0.144,0.131,0.458,0.277,0.23,0.476,0.302,0.295,0.34,0.348,0.289,0.249,0.243
429,8.440093374963887,291.789,40.913,8.621,0.855,0.143,0.9,0.046,0.152,0.021,0.002,0.025,0.012,0.032,0.027,0.366,0.3,0.31
430,9.619788758288394,14.757,5.91,3.329,0.615,0.142,0.598,0.362,0.453,0.398,0.402,0.337,0.347,0.406,0.464,0.471,0.409,0.485
431,9.18045606445813,319.189,12.327,4.465,0.95,0.143,0.47,0.326,0.376,0.276,0.384,0.269,0.346,0.391,0.35,0.391,0.333,0.327
432,9.309803919971486,18.635,7.273,2.023,0.667,0.145,0.564,0.358,0.312,0.384,0.351,0.357,0.218,0.397,0.627,0.411,0.374,0.489
433,9.481486060122112,20.492,5.128,1.761,0.748,0.145,0.512,0.412,0.409,0.432,0.323,0.384,0.277,0.417,0.473,0.444,0.371,0.443
434,9.481486060122112,186.102,79.534,12.165,0.67,0.143,0.226,0.148,0.446,0.194,0.392,0.166,0.367,0.058,0.68,0.273,0.275,0.291
435,9.309803919971486,13.159,8.157,2.228,0.559,0.143,0.501,0.382,0.37,0.376,0.346,0.376,0.28,0.408,0.467,0.418,0.373,0.424
436,9.468521082957745,24.261,5.118,1.688,0.781,0.143,0.511,0.371,0.265,0.47,0.376,0.382,0.213,0.401,0.597,0.382,0.394,0.478
437,9.508638306165729,306.457,131.34,4.034,0.694,0.142,0.352,0.35,0.332,0.195,0.272,0.253,0.249,0.269,0.451,0.345,0.254,0.33
438,9.638272163982409,38.239,6.218,3.263,0.801,0.141,0.057,0.377,0.487,0.339,0.402,0.408,0.385,0.461,0.546,0.307,0.25,0.343
439,9.292429823902063,399.911,9.125,7.242,0.961,0.144,0.742,0.423,0.385,0.521,0.309,0.406,0.406,0.462,0.246,0.517,0.497,0.441
440,9.619788758288394,237.992,10.184,2.55,0.949,0.145,0.651,0.433,0.407,0.428,0.335,0.344,0.258,0.324,0.327,0.497,0.448,0.401
441,9.4089353929735,144.876,26.097,2.215,0.837,0.138,0.209,0.399,0.292,0.291,0.54,0.336,0.291,0.35,0.383,0.3,0.351,0.315
442,9.4089353929735,344.838,10.662,6.461,0.953,0.143,0.573,0.531,0.347,0.509,0.27,0.462,0.246,0.444,0.504,0.483,0.466,0.57
444,9.769551078621726,211.352,174.619,6.573,0.538,0.146,0.832,0.191,0.326,0.047,0.324,0.098,0.3,0.062,0.234,0.449,0.443,0.373
446,9.82390874094432,72.932,6.213,3.041,0.887,0.146,0.112,0.395,0.425,0.408,0.343,0.346,0.315,0.656,0.397,0.311,0.275,0.365
447,9.214670164989233,253.24,124.564,8.104,0.656,0.139,0.597,0.313,0.405,0.092,0.335,0.182,0.375,0.113,0.258,0.438,0.397,0.374
448,9.267606240177033,372.778,110.459,7.043,0.76,0.139,0.719,0.245,0.472,0.14,0.373,0.157,0.359,0.115,0.485,0.478,0.409,0.443
449,9.455931955649724,326.719,229.566,2.856,0.584,0.147,0.572,0.401,0.387,0.289,0.39,0.31,0.301,0.188,0.619,0.454,0.441,0.519
450,9.236572006437065,16.391,5.624,1.885,0.686,0.146,0.515,0.444,0.418,0.474,0.507,0.414,0.358,0.473,0.587,0.459,0.449,0.489
451,9.522878745280336,539.031,194.188,6.048,0.729,0.141,0.907,0.634,0.429,0.488,0.26,0.494,0.327,0.522,0.31,0.657,0.556,0.589
452,9.619788758288394,20.7,6.583,1.952,0.708,0.145,0.512,0.398,0.265,0.426,0.406,0.364,0.211,0.537,0.563,0.392,0.382,0.486
453,9.267606240177033,256.539,6.482,2.608,0.966,0.145,0.745,0.399,0.343,0.46,0.348,0.417,0.258,0.426,0.405,0.496,0.469,0.462
454,9.4089353929735,16.924,5.024,1.923,0.709,0.148,0.487,0.397,0.257,0.443,0.368,0.366,0.213,0.443,0.576,0.38,0.362,0.449
455,9.537602002101044,258.94,9.343,2.946,0.955,0.145,0.798,0.394,0.488,0.337,0.518,0.368,0.401,0.488,0.544,0.56,0.511,0.539
456,9.050609993355089,162.612,12.958,5.159,0.9,0.146,0.166,0.45,0.414,0.299,0.354,0.361,0.385,0.324,0.237,0.343,0.324,0.237
457,9.309803919971486,207.533,10.047,6.632,0.926,0.151,0.234,0.557,0.469,0.445,0.361,0.493,0.413,0.675,0.185,0.42,0.334,0.324
458,9.585026652029182,16.941,6.859,2.794,0.637,0.144,0.527,0.395,0.334,0.413,0.38,0.375,0.264,0.497,0.405,0.419,0.376,0.432
459,9.494850021680094,81.613,6.417,4.613,0.881,0.149,0.077,0.458,0.485,0.443,0.36,0.384,0.46,0.475,0.308,0.34,0.277,0.269
460,9.2839966563652,13.733,6.603,2.504,0.601,0.148,0.515,0.403,0.345,0.471,0.373,0.382,0.236,0.504,0.63,0.421,0.38,0.5
461,9.42021640338319,167.275,16.753,2.322,0.898,0.142,0.338,0.397,0.301,0.283,0.331,0.353,0.231,0.293,0.648,0.345,0.306,0.4
462,9.55284196865778,503.126,14.272,1.925,0.969,0.143,0.97,0.518,0.344,0.37,0.339,0.418,0.251,0.393,0.502,0.611,0.54,0.602
463,9.481486060122112,276.828,56.178,10.919,0.805,0.143,0.498,0.134,0.389,0.025,0.287,0.06,0.335,0.034,0.322,0.34,0.226,0.217
464,9.221848749616356,313.543,100.01,3.395,0.752,0.139,0.955,0.237,0.493,0.091,0.5,0.131,0.443,0.164,0.514,0.562,0.543,0.547
465,8.721246399047171,41.633,12.589,4.477,0.709,0.138,0.452,0.031,0.354,0.702,0.34,0.09,0.352,0.013,0.066,0.279,0.479,0.224
466,9.10790539730952,17.253,7.044,1.33,0.673,0.151,0.447,0.452,0.219,0.397,0.352,0.378,0.188,0.468,0.502,0.372,0.351,0.433
467,9.214670164989233,16.264,7.13,1.618,0.65,0.149,0.473,0.399,0.286,0.417,0.481,0.381,0.238,0.423,0.576,0.386,0.404,0.452
468,8.939302159646388,106.902,5.165,1.708,0.94,0.145,0.114,0.364,0.266,0.464,0.456,0.395,0.237,0.421,0.643,0.248,0.317,0.366
469,8.838631997765026,225.293,164.237,8.249,0.566,0.142,0.337,0.59,0.339,0.432,0.186,0.589,0.25,0.42,0.262,0.422,0.306,0.285
471,8.872895201635192,290.052,201.457,2.219,0.587,0.145,0.443,0.491,0.398,0.502,0.241,0.53,0.241,0.368,0.414,0.444,0.358,0.351
472,9.2839966563652,58.357,9.146,2.164,0.838,0.143,0.137,0.479,0.385,0.411,0.582,0.415,0.393,0.441,0.6,0.334,0.381,0.389
473,8.903089986991944,88.748,6.03,0.995,0.927,0.141,0.172,0.429,0.328,0.416,0.18,0.387,0.184,0.505,0.291,0.309,0.269,0.327
474,9.397940008672036,19.903,6.36,1.729,0.711,0.146,0.433,0.424,0.227,0.392,0.381,0.377,0.201,0.467,0.556,0.361,0.367,0.443
475,9.67778070526608,121.276,12.683,4.982,0.873,0.145,0.17,0.394,0.289,0.322,0.42,0.347,0.32,0.524,0.227,0.284,0.297,0.289
476,9.207608310501746,360.289,8.639,2.466,0.97,0.145,0.763,0.305,0.368,0.301,0.475,0.243,0.415,0.21,0.39,0.479,0.455,0.393
477,9.142667503568733,21.016,4.881,1.907,0.756,0.145,0.509,0.451,0.283,0.42,0.4,0.377,0.235,0.453,0.444,0.415,0.401,0.454
478,9.318758762624412,25.018,6.199,3.271,0.725,0.139,0.526,0.43,0.425,0.435,0.374,0.424,0.336,0.471,0.475,0.46,0.417,0.479
479,9.193820026016112,228.372,10.59,5.408,0.935,0.14,0.529,0.481,0.493,0.385,0.372,0.396,0.392,0.396,0.298,0.501,0.374,0.338
480,9.2518119729938,263.646,11.751,7.2,0.933,0.14,0.977,0.643,0.52,0.503,0.423,0.559,0.454,0.556,0.39,0.713,0.633,0.632
481,9.30102999566398,276.011,55.297,8.83,0.811,0.142,0.372,0.059,0.464,0.129,0.374,0.04,0.409,0.022,0.526,0.298,0.239,0.247
482,9.508638306165729,24.019,5.211,4.027,0.722,0.14,0.544,0.376,0.425,0.43,0.327,0.372,0.331,0.467,0.4,0.449,0.402,0.456
483,9.397940008672036,112.956,19.736,2.332,0.837,0.138,0.172,0.475,0.426,0.34,0.363,0.401,0.323,0.405,0.501,0.358,0.27,0.333
484,9.508638306165729,19.787,5.03,4.496,0.675,0.142,0.503,0.454,0.451,0.448,0.27,0.405,0.286,0.382,0.303,0.469,0.378,0.368
485,9.167491087293763,15.732,6.22,1.828,0.662,0.149,0.458,0.424,0.255,0.445,0.406,0.394,0.227,0.456,0.569,0.379,0.375,0.449
486,9.022276394711152,15.999,6.271,2.079,0.657,0.146,0.528,0.441,0.415,0.485,0.542,0.425,0.341,0.497,0.611,0.462,0.46,0.501
487,9.387216143280265,262.034,62.421,10.582,0.782,0.14,0.698,0.13,0.376,0.021,0.129,0.051,0.183,0.041,0.23,0.401,0.25,0.261
488,9.67778070526608,69.687,25.549,5.799,0.69,0.144,0.039,0.494,0.422,0.312,0.299,0.394,0.335,0.103,0.451,0.319,0.254,0.189
489,9.602059991327964,63.192,9.584,3.83,0.825,0.145,0.061,0.419,0.375,0.413,0.39,0.335,0.316,0.211,0.499,0.285,0.284,0.244
490,9.67778070526608,28.278,4.29,1.692,0.825,0.144,0.469,0.332,0.24,0.407,0.292,0.32,0.177,0.294,0.514,0.347,0.354,0.425
491,9.522878745280336,21.693,5.225,3.777,0.707,0.14,0.503,0.426,0.43,0.555,0.307,0.438,0.318,0.579,0.312,0.453,0.428,0.442
492,9.4089353929735,98.485,13.546,1.765,0.865,0.139,0.214,0.571,0.393,0.631,0.447,0.57,0.317,0.532,0.538,0.393,0.447,0.442
493,9.4089353929735,23.323,4.978,3.99,0.722,0.14,0.543,0.371,0.339,0.391,0.205,0.343,0.23,0.455,0.218,0.418,0.352,0.386
494,9.309803919971486,134.651,45.19,10.473,0.708,0.139,0.084,0.145,0.157,0.106,0.006,0.119,0.022,0.099,0.037,0.129,0.076,0.163
495,9.161150909262744,171.4,43.546,4.614,0.781,0.135,0.373,0.056,0.406,0.216,0.467,0.077,0.385,0.657,0.334,0.278,0.346,0.514
496,9.161150909262744,44.777,4.511,2.062,0.872,0.134,0.5,0.315,0.357,0.434,0.305,0.33,0.274,0.374,0.406,0.391,0.391,0.42
497,9.075720713938118,15.369,9.089,4.238,0.536,0.136,0.584,0.456,0.381,0.323,0.436,0.363,0.367,0.293,0.423,0.474,0.466,0.427
498,9.309803919971486,416.391,62.623,4.48,0.861,0.136,0.626,0.094,0.491,0.188,0.36,0.118,0.395,0.075,0.438,0.404,0.356,0.323
499,9.080921907623926,583.697,6.921,5.464,0.979,0.133,0.959,0.448,0.391,0.502,0.399,0.444,0.34,0.519,0.415,0.6,0.606,0.607
500,9.443697499232712,156.81,8.379,5.72,0.918,0.138,0.255,0.429,0.453,0.454,0.322,0.398,0.364,0.4,0.369,0.379,0.359,0.38
501,9.387216143280265,13.809,7.566,4.004,0.544,0.135,0.449,0.408,0.451,0.424,0.431,0.37,0.395,0.615,0.35,0.436,0.403,0.488
502,9.356547323513812,261.692,100.045,8.383,0.707,0.137,0.612,0.157,0.429,0.039,0.377,0.081,0.405,0.064,0.347,0.399,0.387,0.373
503,9.275724130399212,80.824,6.266,3.717,0.89,0.137,0.128,0.436,0.392,0.489,0.398,0.436,0.346,0.486,0.562,0.319,0.334,0.384
504,9.721246399047171,15.076,8.228,2.615,0.582,0.144,0.477,0.452,0.411,0.483,0.572,0.416,0.348,0.673,0.463,0.447,0.451,0.513
505,9.154901959985745,30.512,25.252,3.945,0.511,0.138,0.077,0.275,0.406,0.356,0.427,0.034,0.406,0.015,0.431,0.253,0.282,0.309
506,9.229147988357855,185.992,27.904,3.446,0.856,0.138,0.29,0.068,0.298,0.027,0.114,0.036,0.161,0.038,0.262,0.219,0.109,0.164
507,9.431798275933003,27.444,5.715,2.273,0.775,0.143,0.554,0.473,0.335,0.481,0.315,0.455,0.228,0.495,0.482,0.454,0.433,0.479
508,9.4089353929735,41.658,9.114,4.741,0.75,0.14,0.067,0.369,0.498,0.017,0.221,0.075,0.428,0.131,0.532,0.311,0.091,0.234
509,9.397940008672036,38.236,5.375,1.917,0.84,0.138,0.586,0.406,0.307,0.526,0.413,0.408,0.236,0.631,0.526,0.433,0.468,0.567
510,9.259637310505756,224.007,8.519,3.586,0.949,0.138,0.782,0.408,0.362,0.282,0.401,0.33,0.32,0.297,0.664,0.517,0.427,0.508
511,9.366531544420411,248.388,8.765,3.393,0.953,0.137,0.86,0.369,0.307,0.252,0.499,0.295,0.348,0.284,0.368,0.512,0.493,0.442
512,9.337242168318426,158.26,8.297,4.415,0.926,0.141,0.298,0.331,0.496,0.471,0.383,0.372,0.382,0.31,0.474,0.375,0.393,0.395
513,9.481486060122112,60.451,30.428,4.082,0.637,0.138,0.065,0.526,0.411,0.495,0.398,0.511,0.334,0.147,0.727,0.334,0.331,0.307
514,9.494850021680094,102.869,17.56,3.821,0.828,0.142,0.116,0.521,0.449,0.178,0.281,0.339,0.396,0.398,0.371,0.362,0.164,0.271
515,8.297569463554474,272.838,28.222,2.05,0.9,0.14,0.307,0.474,0.332,0.372,0.478,0.413,0.301,0.295,0.478,0.371,0.386,0.337
516,8.381951903287908,32.052,15.753,2.325,0.639,0.142,0.291,0.053,0.403,0.006,0.571,0.012,0.351,0.014,0.556,0.249,0.311,0.334
517,9.113509274827518,10.268,7.436,3.599,0.482,0.139,0.485,0.374,0.385,0.422,0.424,0.345,0.358,0.361,0.384,0.415,0.387,0.477
518,9.387216143280265,443.528,175.982,93.865,0.622,0.142,0.672,0.274,0.187,0.313,0.122,0.27,0.123,0.088,0.058,0.378,0.356,0.27
519,8.97061622231479,29.654,4.09,1.729,0.836,0.142,0.458,0.323,0.267,0.38,0.343,0.302,0.205,0.375,0.652,0.349,0.348,0.467
520,9.080921907623926,104.8,73.931,1.543,0.581,0.147,0.224,0.121,0.228,0.077,0.432,0.081,0.2,0.034,0.693,0.191,0.218,0.281
521,9.142667503568733,119.724,57.641,4.415,0.659,0.145,0.213,0.061,0.336,0.005,0.364,0.016,0.322,0.021,0.261,0.203,0.186,0.146
522,8.94692155651658,81.311,17.129,5.053,0.786,0.149,0.066,0.445,0.351,0.246,0.369,0.336,0.331,0.327,0.328,0.287,0.274,0.353
523,8.863279432843592,29.024,15.448,3.007,0.611,0.147,0.048,0.3,0.347,0.256,0.358,0.408,0.27,0.035,0.346,0.232,0.315,0.141
524,8.943095148663527,18.416,4.981,2.029,0.724,0.147,0.485,0.395,0.284,0.516,0.45,0.405,0.231,0.559,0.56,0.388,0.405,0.483
525,9.602059991327964,157.533,21.147,3.483,0.865,0.141,0.181,0.472,0.348,0.494,0.456,0.463,0.36,0.382,0.39,0.334,0.333,0.276
527,9.346787486224656,252.991,9.566,4.179,0.948,0.141,0.727,0.339,0.482,0.447,0.397,0.371,0.381,0.364,0.282,0.516,0.579,0.476
528,9.1249387366083,60.349,4.775,2.131,0.897,0.143,0.14,0.392,0.398,0.43,0.325,0.366,0.252,0.511,0.704,0.31,0.289,0.43
529,9.18045606445813,16.296,5.14,2.781,0.673,0.143,0.565,0.398,0.418,0.527,0.377,0.408,0.316,0.438,0.493,0.46,0.428,0.45
530,9.2518119729938,419.954,20.281,6.17,0.941,0.142,0.776,0.032,0.438,0.01,0.026,0.013,0.143,0.016,0.487,0.415,0.329,0.445
531,9.031517051446064,217.143,6.529,3.475,0.956,0.142,0.195,0.356,0.493,0.343,0.376,0.303,0.39,0.278,0.559,0.348,0.269,0.3
532,9.065501548756432,197.561,159.012,6.085,0.545,0.139,0.368,0.214,0.371,0.104,0.4,0.127,0.36,0.081,0.308,0.318,0.444,0.284
533,9.522878745280336,14.324,5.481,2.901,0.631,0.142,0.513,0.428,0.46,0.444,0.392,0.423,0.369,0.511,0.433,0.467,0.42,0.45
534,8.97061622231479,227.799,7.457,2.385,0.959,0.145,0.732,0.385,0.424,0.363,0.704,0.367,0.417,0.48,0.57,0.514,0.549,0.524
535,9.468521082957745,65.796,7.309,4.535,0.847,0.14,0.098,0.461,0.458,0.43,0.259,0.445,0.344,0.342,0.243,0.339,0.258,0.207
536,9.4089353929735,362.0,20.325,6.418,0.931,0.141,0.47,0.027,0.442,0.038,0.002,0.012,0.034,0.011,0.166,0.313,0.187,0.226
537,8.97469413473523,22.856,7.709,1.496,0.713,0.147,0.427,0.372,0.258,0.44,0.374,0.382,0.216,0.398,0.602,0.352,0.368,0.441
538,8.906578314837764,279.122,6.546,2.354,0.969,0.148,0.864,0.514,0.388,0.434,0.418,0.429,0.311,0.45,0.678,0.589,0.592,0.651
539,9.292429823902063,286.574,10.808,6.245,0.944,0.136,0.745,0.455,0.381,0.303,0.437,0.376,0.344,0.379,0.655,0.527,0.558,0.658
540,9.397940008672036,11.827,4.74,4.257,0.568,0.135,0.511,0.484,0.586,0.502,0.418,0.446,0.495,0.526,0.333,0.527,0.437,0.446
541,8.892790030352131,221.988,13.926,2.649,0.931,0.143,0.228,0.495,0.308,0.431,0.505,0.464,0.298,0.311,0.424,0.343,0.397,0.327
542,9.040958607678906,12.405,7.019,3.64,0.538,0.137,0.481,0.471,0.406,0.536,0.506,0.43,0.404,0.728,0.363,0.453,0.454,0.517
543,9.397940008672036,443.866,115.401,5.127,0.786,0.141,0.75,0.213,0.371,0.162,0.284,0.177,0.31,0.108,0.322,0.445,0.389,0.341
544,9.42021640338319,18.208,6.65,3.328,0.646,0.14,0.521,0.333,0.492,0.356,0.373,0.328,0.362,0.352,0.495,0.449,0.395,0.432
545,9.060480747381382,110.561,12.11,2.824,0.881,0.144,0.136,0.43,0.389,0.315,0.498,0.367,0.327,0.372,0.483,0.318,0.287,0.298
546,8.88941028970075,152.898,11.164,6.072,0.899,0.142,0.277,0.42,0.332,0.317,0.413,0.378,0.353,0.352,0.336,0.343,0.286,0.272
547,8.482804102050025,398.318,18.277,4.94,0.945,0.143,0.616,0.515,0.323,0.483,0.421,0.491,0.36,0.36,0.268,0.485,0.53,0.482
548,9.55284196865778,28.021,7.661,2.331,0.737,0.141,0.533,0.387,0.358,0.364,0.624,0.381,0.355,0.501,0.455,0.426,0.46,0.477
549,9.30102999566398,10.197,5.943,4.049,0.505,0.137,0.443,0.44,0.424,0.586,0.416,0.467,0.384,0.451,0.384,0.436,0.475,0.42
550,9.236572006437065,252.337,9.282,3.837,0.951,0.138,0.943,0.425,0.445,0.477,0.424,0.415,0.378,0.44,0.419,0.604,0.62,0.596
551,9.1249387366083,120.967,9.452,3.923,0.9,0.139,0.161,0.45,0.408,0.355,0.5,0.391,0.389,0.518,0.467,0.34,0.31,0.345
552,8.835647144215564,337.621,200.786,3.696,0.623,0.144,0.621,0.347,0.315,0.422,0.526,0.425,0.376,0.263,0.293,0.428,0.531,0.431
553,8.774690718274137,90.015,14.69,5.819,0.814,0.146,0.066,0.521,0.325,0.205,0.436,0.339,0.347,0.369,0.346,0.304,0.228,0.245
554,8.761953896871205,25.771,4.414,2.105,0.798,0.143,0.497,0.361,0.316,0.401,0.446,0.334,0.255,0.511,0.564,0.391,0.389,0.48
556,9.443697499232712,59.476,19.893,11.35,0.656,0.139,0.035,0.041,0.367,0.284,0.004,0.104,0.015,0.049,0.045,0.147,0.141,0.035
557,9.229147988357855,272.91,31.799,6.879,0.876,0.138,0.839,0.02,0.38,0.003,0.199,0.006,0.351,0.01,0.439,0.413,0.325,0.418
559,9.221848749616356,261.334,24.165,2.899,0.906,0.138,0.664,0.496,0.489,0.476,0.298,0.48,0.37,0.402,0.415,0.55,0.504,0.507
560,8.769551078621726,299.573,115.799,8.749,0.706,0.147,0.876,0.168,0.371,0.14,0.283,0.131,0.277,0.166,0.572,0.472,0.413,0.522
561,8.769551078621726,277.535,13.204,2.59,0.946,0.145,0.88,0.451,0.236,0.385,0.296,0.436,0.188,0.35,0.472,0.522,0.533,0.59
562,9.602059991327964,27.718,5.504,2.97,0.766,0.139,0.583,0.402,0.418,0.529,0.334,0.404,0.286,0.569,0.5,0.468,0.441,0.526
564,8.52432881167557,19.513,8.65,1.783,0.652,0.144,0.605,0.424,0.407,0.497,0.493,0.435,0.305,0.508,0.61,0.479,0.459,0.536
565,9.387216143280265,12.345,7.298,2.864,0.548,0.138,0.522,0.548,0.395,0.407,0.351,0.518,0.305,0.605,0.431,0.488,0.429,0.498
566,8.536107011014092,39.446,7.758,4.099,0.769,0.146,0.072,0.419,0.473,0.218,0.027,0.281,0.129,0.352,0.234,0.321,0.086,0.204
567,8.614393726401687,21.85,7.867,1.636,0.697,0.144,0.584,0.376,0.311,0.412,0.41,0.375,0.241,0.474,0.619,0.424,0.398,0.5
568,9.387216143280265,28.643,5.197,2.559,0.787,0.14,0.573,0.348,0.463,0.473,0.524,0.379,0.373,0.468,0.574,0.462,0.484,0.511
569,9.244125144327509,118.643,25.166,2.971,0.808,0.14,0.196,0.492,0.349,0.458,0.504,0.479,0.353,0.416,0.385,0.346,0.417,0.392
571,9.050609993355089,117.841,15.893,2.726,0.864,0.144,0.184,0.541,0.412,0.286,0.348,0.37,0.303,0.355,0.45,0.379,0.256,0.329
573,8.950781977329818,14.902,6.028,4.275,0.591,0.137,0.519,0.479,0.393,0.402,0.412,0.433,0.371,0.509,0.424,0.464,0.437,0.478
574,9.221848749616356,82.938,15.255,5.652,0.799,0.137,0.049,0.63,0.447,0.523,0.42,0.529,0.409,0.478,0.534,0.375,0.324,0.343
575,9.275724130399212,12.933,5.594,4.076,0.572,0.137,0.551,0.485,0.337,0.608,0.455,0.398,0.351,0.706,0.363,0.458,0.507,0.571
576,9.3767507096021,112.467,101.617,5.33,0.513,0.134,0.286,0.146,0.267,0.062,0.341,0.08,0.289,0.053,0.358,0.233,0.194,0.204
577,9.102372908709558,43.059,4.307,1.78,0.876,0.134,0.511,0.347,0.375,0.384,0.358,0.332,0.299,0.403,0.392,0.411,0.403,0.43
578,9.318758762624412,24.135,4.972,2.282,0.769,0.139,0.506,0.379,0.389,0.439,0.308,0.37,0.288,0.436,0.414,0.425,0.384,0.429
579,9.292429823902063,478.83,179.9,90.601,0.639,0.142,0.623,0.283,0.15,0.225,0.023,0.255,0.04,0.222,0.038,0.352,0.249,0.239
580,9.537602002101044,170.516,19.406,2.384,0.887,0.139,0.151,0.482,0.424,0.43,0.229,0.478,0.297,0.419,0.352,0.352,0.282,0.295
581,9.3767507096021,218.372,8.397,3.236,0.949,0.138,0.21,0.365,0.379,0.359,0.315,0.358,0.308,0.472,0.304,0.318,0.306,0.314
582,9.508638306165729,386.567,4.508,2.374,0.983,0.139,0.765,0.429,0.453,0.457,0.335,0.395,0.362,0.375,0.397,0.549,0.473,0.46
583,9.468521082957745,29.966,6.239,2.602,0.772,0.138,0.536,0.315,0.432,0.457,0.353,0.356,0.311,0.43,0.559,0.428,0.433,0.483
585,9.42021640338319,328.816,18.92,3.873,0.935,0.141,0.969,0.385,0.456,0.314,0.502,0.369,0.401,0.294,0.476,0.603,0.603,0.564
586,9.229147988357855,42.544,6.638,4.46,0.793,0.137,0.077,0.393,0.457,0.387,0.341,0.408,0.377,0.253,0.353,0.309,0.307,0.218
587,9.148741651280924,128.863,10.793,1.972,0.91,0.142,0.181,0.492,0.366,0.398,0.291,0.428,0.254,0.378,0.457,0.347,0.258,0.301
588,9.337242168318426,488.764,255.839,114.002,0.569,0.141,0.516,0.45,0.3,0.325,0.195,0.465,0.245,0.273,0.15,0.422,0.322,0.304
589,9.2839966563652,11.471,8.9,3.271,0.485,0.139,0.618,0.549,0.321,0.376,0.496,0.499,0.338,0.404,0.342,0.496,0.465,0.481
591,9.119186407719209,23.466,5.014,1.891,0.773,0.144,0.501,0.364,0.314,0.459,0.356,0.362,0.243,0.39,0.59,0.393,0.381,0.448
592,9.455931955649724,33.444,6.994,5.141,0.734,0.139,0.052,0.481,0.457,0.357,0.087,0.42,0.334,0.617,0.482,0.33,0.151,0.373
594,9.309803919971486,112.47,9.783,8.097,0.863,0.139,0.123,0.498,0.367,0.523,0.307,0.485,0.367,0.424,0.358,0.329,0.3,0.283
595,9.443697499232712,11.583,8.051,3.64,0.498,0.138,0.576,0.537,0.395,0.397,0.555,0.462,0.405,0.442,0.355,0.503,0.483,0.502
596,9.431798275933003,536.751,170.791,3.884,0.754,0.139,0.712,0.261,0.444,0.376,0.455,0.3,0.417,0.42,0.356,0.472,0.549,0.482
597,9.148741651280924,322.841,5.665,3.722,0.972,0.143,0.831,0.405,0.303,0.476,0.263,0.422,0.229,0.512,0.306,0.513,0.483,0.51
598,9.387216143280265,147.055,18.366,5.969,0.858,0.137,0.197,0.508,0.323,0.438,0.27,0.447,0.28,0.606,0.15,0.343,0.322,0.322
599,9.397940008672036,496.786,78.218,7.489,0.853,0.142,0.972,0.109,0.385,0.16,0.121,0.105,0.254,0.049,0.245,0.489,0.422,0.412
600,9.522878745280336,400.935,184.869,146.318,0.548,0.139,0.833,0.386,0.143,0.569,0.228,0.46,0.135,0.241,0.055,0.454,0.554,0.402
602,9.346787486224656,450.698,20.947,3.153,0.949,0.138,0.783,0.399,0.446,0.445,0.367,0.443,0.357,0.33,0.455,0.543,0.573,0.576
603,9.327902142064282,297.627,23.121,3.784,0.917,0.139,0.96,0.661,0.389,0.566,0.463,0.596,0.36,0.705,0.339,0.67,0.666,0.658
604,9.522878745280336,49.904,7.717,5.521,0.79,0.14,0.07,0.442,0.486,0.054,0.428,0.275,0.358,0.42,0.591,0.333,0.163,0.345
605,9.4089353929735,20.496,5.562,4.085,0.68,0.138,0.527,0.471,0.336,0.484,0.454,0.39,0.354,0.397,0.297,0.445,0.471,0.394
608,9.508638306165729,20.035,4.918,3.948,0.693,0.14,0.583,0.404,0.445,0.423,0.357,0.386,0.358,0.483,0.289,0.477,0.434,0.524
609,9.309803919971486,294.932,11.831,2.238,0.954,0.139,0.966,0.312,0.381,0.253,0.26,0.23,0.293,0.281,0.262,0.553,0.484,0.493
610,9.619788758288394,163.603,5.899,4.982,0.938,0.138,0.267,0.462,0.512,0.487,0.21,0.426,0.303,0.465,0.258,0.414,0.278,0.276
611,9.568636235841012,246.928,8.742,6.225,0.943,0.139,0.482,0.504,0.461,0.474,0.443,0.455,0.436,0.499,0.46,0.482,0.452,0.418
612,9.619788758288394,133.315,8.069,5.824,0.906,0.138,0.084,0.46,0.532,0.418,0.445,0.401,0.524,0.391,0.523,0.359,0.302,0.314
614,7.619788758288394,188.572,11.892,0.82,0.937,0.16,0.228,0.415,0.174,0.374,0.56,0.41,0.188,0.325,0.303,0.272,0.352,0.241
615,6.978810700930062,458.724,8.968,3.818,0.973,0.139,0.959,0.511,0.376,0.567,0.224,0.49,0.301,0.369,0.377,0.615,0.612,0.587
