mol_id,PKI,0,1,2,3,5,8,9,10,19,20,21,31,32,75,76,101
1,7.698970004336019,334.4,184.071,5.009,0.639,0.163,0.441,0.533,0.38,0.43,0.402,0.066,0.551,0.163,0.493,0.211,0.299
2,7.698970004336019,190.788,91.667,3.234,0.668,0.151,0.427,0.12,0.527,0.352,0.049,0.378,0.038,0.361,0.147,0.525,0.26
3,8.0,341.704,176.801,1.113,0.658,0.153,0.617,0.31,0.361,0.743,0.233,0.212,0.274,0.23,0.243,0.28,0.396
4,8.0,228.962,7.304,4.377,0.951,0.149,0.932,0.366,0.348,0.958,0.253,0.173,0.263,0.221,0.368,0.204,0.461
5,7.301029995663981,170.095,7.04,1.244,0.954,0.151,0.511,0.376,0.312,0.639,0.242,0.199,0.273,0.183,0.346,0.232,0.36
6,4.721246399047171,14.769,4.674,1.129,0.718,0.157,0.539,0.381,0.323,0.436,0.188,0.107,0.256,0.169,0.248,0.195,0.243
8,7.096910013008056,296.399,8.567,1.566,0.967,0.151,0.367,0.417,0.284,0.49,0.288,0.143,0.319,0.206,0.345,0.196,0.307
9,7.522878745280337,17.42,6.373,0.876,0.706,0.153,0.428,0.399,0.299,0.489,0.201,0.076,0.287,0.132,0.269,0.139,0.255
10,7.0,223.357,7.381,3.366,0.954,0.151,0.274,0.454,0.366,0.104,0.642,0.185,0.423,0.239,0.812,0.275,0.31
11,7.522878745280337,202.743,141.345,1.471,0.587,0.149,0.281,0.753,0.439,0.261,0.8,0.171,0.78,0.237,0.585,0.286,0.411
12,6.102372908709558,230.387,12.793,1.35,0.942,0.151,0.926,0.417,0.298,1.004,0.218,0.469,0.303,0.224,0.248,0.714,0.564
13,5.801342913045577,16.183,7.55,1.397,0.644,0.151,0.413,0.411,0.342,0.422,0.436,0.162,0.35,0.199,0.602,0.243,0.34
14,6.200659450546418,224.988,16.007,2.812,0.923,0.149,0.859,0.412,0.258,0.793,0.771,0.087,0.447,0.145,1.018,0.116,0.55
15,6.823908740944319,51.458,24.127,2.662,0.658,0.147,0.082,0.039,0.333,0.018,0.006,0.02,0.012,0.093,0.015,0.123,0.014
16,7.698970004336019,17.139,6.578,1.464,0.681,0.153,0.44,0.358,0.378,0.287,0.34,0.11,0.298,0.185,0.483,0.195,0.246
17,7.838631997765025,402.244,94.96,4.556,0.802,0.164,0.961,0.21,0.303,0.984,0.148,0.206,0.142,0.243,0.248,0.263,0.446
18,4.701146923590294,340.26,3.323,0.791,0.988,0.161,0.786,0.515,0.315,0.692,0.362,0.075,0.37,0.136,0.468,0.139,0.376
19,5.221848749616356,85.612,12.335,1.25,0.863,0.161,0.065,0.519,0.359,0.003,0.191,0.092,0.577,0.187,0.659,0.177,0.095
20,8.0,120.286,16.993,3.062,0.857,0.16,0.175,0.468,0.342,0.088,0.399,0.152,0.398,0.22,0.413,0.243,0.213
21,7.522878745280337,173.447,5.272,1.725,0.961,0.156,0.635,0.258,0.441,0.897,0.075,0.17,0.121,0.248,0.136,0.268,0.381
22,6.920818753952375,194.161,9.737,2.093,0.943,0.153,0.178,0.503,0.437,0.042,0.306,0.399,0.386,0.363,0.354,0.536,0.249
23,7.301029995663981,110.612,21.199,1.224,0.831,0.153,0.079,0.561,0.423,0.015,0.013,0.127,0.401,0.206,0.433,0.245,0.052
24,7.958212681028248,368.153,215.034,4.65,0.626,0.156,0.842,0.445,0.2,0.956,0.31,0.048,0.349,0.078,0.361,0.087,0.438
25,8.0,58.844,12.971,1.419,0.804,0.164,0.075,0.555,0.394,0.044,0.004,0.164,0.244,0.252,0.211,0.346,0.071
26,8.0,370.328,146.467,1.328,0.715,0.164,0.36,0.3,0.514,0.688,0.136,0.443,0.196,0.35,0.17,0.474,0.422
27,8.0,181.394,12.733,1.962,0.925,0.156,0.292,0.434,0.268,0.231,0.409,0.08,0.385,0.126,0.401,0.117,0.24
28,8.0,20.863,2.201,1.089,0.864,0.16,0.572,0.467,0.32,0.634,0.279,0.144,0.299,0.183,0.391,0.225,0.353
29,7.301029995663981,9.836,7.046,1.276,0.542,0.159,0.52,0.52,0.339,0.807,0.237,0.28,0.344,0.247,0.254,0.389,0.442
30,6.721246399047171,308.054,124.898,11.596,0.693,0.155,0.266,0.264,0.499,0.394,0.275,0.348,0.283,0.408,0.322,0.326,0.339
31,6.102372908709558,15.32,6.54,0.764,0.677,0.153,0.511,0.464,0.312,0.274,0.482,0.104,0.432,0.159,0.642,0.189,0.286
32,7.0,156.853,120.442,4.915,0.556,0.156,0.416,0.595,0.372,0.537,0.189,0.22,0.462,0.281,0.309,0.287,0.316
33,7.301029995663981,48.457,14.218,0.693,0.765,0.156,0.089,0.454,0.462,0.151,0.004,0.264,0.049,0.279,0.036,0.375,0.139
34,7.301029995663981,22.478,3.142,0.606,0.857,0.159,0.507,0.407,0.225,0.473,0.209,0.038,0.263,0.086,0.322,0.1,0.24
35,7.154901959985743,173.212,9.098,2.177,0.939,0.158,0.491,0.412,0.416,0.53,0.236,0.183,0.275,0.24,0.31,0.286,0.316
36,6.920818753952375,28.657,3.003,1.157,0.873,0.153,0.552,0.338,0.266,0.404,0.143,0.108,0.188,0.152,0.209,0.198,0.219
37,6.721246399047171,150.301,77.156,0.459,0.659,0.154,0.112,0.174,0.258,0.12,0.063,0.258,0.103,0.178,0.075,0.403,0.147
38,5.5003129173815966,66.46,22.612,1.189,0.736,0.152,0.13,0.574,0.391,0.366,0.311,0.183,0.428,0.225,0.277,0.294,0.287
39,6.200659450546418,147.99,23.9,2.054,0.851,0.155,0.176,0.049,0.431,0.083,0.002,0.015,0.008,0.261,0.009,0.184,0.034
40,7.522878745280337,231.263,19.08,1.551,0.918,0.155,0.947,0.463,0.404,0.95,0.443,0.179,0.431,0.234,0.441,0.323,0.524
41,7.301029995663981,212.265,3.071,1.795,0.978,0.158,0.895,0.417,0.39,0.814,0.255,0.164,0.263,0.305,0.348,0.243,0.411
42,8.0,177.947,63.765,13.12,0.698,0.155,0.428,0.188,0.469,0.55,0.459,0.292,0.237,0.356,0.559,0.264,0.434
43,8.0,403.411,9.919,1.557,0.972,0.156,0.835,0.352,0.43,0.8,0.176,0.145,0.225,0.227,0.247,0.241,0.374
44,6.823908740944319,193.448,3.575,0.877,0.978,0.153,0.62,0.481,0.312,0.718,0.303,0.177,0.325,0.196,0.402,0.249,0.399
45,6.920818753952375,396.433,10.273,1.631,0.971,0.151,0.624,0.436,0.362,0.564,0.436,0.13,0.383,0.189,0.451,0.228,0.377
46,8.0,137.72,12.239,1.524,0.909,0.155,0.238,0.54,0.367,0.22,0.434,0.109,0.481,0.179,0.461,0.198,0.254
47,8.0,17.673,6.029,1.354,0.705,0.153,0.553,0.34,0.325,0.701,0.164,0.14,0.238,0.19,0.206,0.194,0.335
48,8.0,202.052,7.194,0.996,0.961,0.155,0.789,0.452,0.371,0.819,0.258,0.124,0.326,0.175,0.339,0.214,0.4
49,8.0,15.659,6.263,0.819,0.689,0.155,0.485,0.373,0.263,0.55,0.214,0.15,0.266,0.165,0.288,0.231,0.305
50,7.698970004336019,17.082,6.426,1.359,0.687,0.153,0.499,0.397,0.399,0.857,0.173,0.171,0.269,0.226,0.22,0.253,0.401
51,7.698970004336019,370.192,140.349,4.929,0.718,0.155,0.61,0.373,0.367,0.506,0.303,0.201,0.323,0.242,0.41,0.225,0.337
52,7.698970004336019,16.924,7.04,0.879,0.681,0.153,0.577,0.416,0.219,0.623,0.323,0.115,0.321,0.127,0.423,0.182,0.354
53,7.698970004336019,86.975,14.256,0.78,0.853,0.155,0.155,0.487,0.333,0.124,0.617,0.12,0.478,0.177,0.752,0.183,0.287
54,7.397940008672037,215.342,10.093,2.232,0.946,0.153,0.783,0.422,0.357,0.678,0.452,0.528,0.365,0.336,0.52,0.769,0.553
55,8.0,275.219,11.144,5.093,0.944,0.151,0.31,0.338,0.337,0.222,0.31,0.252,0.282,0.257,0.349,0.359,0.261
56,5.300162274132754,82.855,10.832,1.296,0.872,0.152,0.094,0.478,0.419,0.041,0.366,0.155,0.411,0.212,0.45,0.241,0.187
57,4.500312917381596,120.689,11.63,7.306,0.864,0.15,0.124,0.446,0.414,0.266,0.264,0.185,0.36,0.259,0.282,0.206,0.238
58,5.100179497572904,356.551,9.618,2.327,0.968,0.152,0.726,0.476,0.322,0.783,0.27,0.35,0.329,0.25,0.317,0.538,0.468
59,4.508638306165727,252.419,111.518,2.566,0.689,0.15,0.777,0.108,0.418,0.685,0.058,0.489,0.07,0.364,0.102,0.333,0.41
60,5.300162274132754,18.682,8.751,1.234,0.652,0.148,0.498,0.373,0.404,0.434,0.207,0.182,0.255,0.238,0.262,0.27,0.275
61,6.823908740944319,31.919,11.154,2.66,0.698,0.153,0.044,0.44,0.392,0.173,0.006,0.015,0.128,0.085,0.189,0.123,0.065
62,6.508638306165727,14.046,7.676,1.278,0.611,0.154,0.437,0.396,0.351,0.596,0.421,0.203,0.338,0.201,0.567,0.329,0.407
63,7.301029995663981,19.637,7.031,1.152,0.706,0.149,0.476,0.384,0.359,0.417,0.461,0.132,0.34,0.193,0.638,0.202,0.337
64,6.0,79.818,12.448,1.881,0.848,0.151,0.144,0.472,0.389,0.092,0.86,0.232,0.493,0.257,1.034,0.272,0.395
65,5.903089986991944,17.22,5.643,1.166,0.717,0.155,0.513,0.325,0.353,0.518,0.287,0.069,0.268,0.143,0.321,0.161,0.291
66,5.600326278518962,17.311,6.199,1.33,0.697,0.153,0.543,0.361,0.282,0.737,0.289,0.107,0.298,0.156,0.262,0.176,0.377
67,6.0,250.201,11.561,0.914,0.953,0.155,0.617,0.509,0.346,0.547,0.608,0.143,0.505,0.167,0.779,0.261,0.432
68,5.400116927926312,27.826,10.857,3.821,0.655,0.153,0.028,0.474,0.495,0.538,0.001,0.595,0.435,0.459,0.112,0.443,0.378
69,6.102372908709558,21.145,5.988,1.044,0.75,0.151,0.537,0.367,0.33,0.431,0.459,0.076,0.341,0.143,0.357,0.173,0.322
70,7.301029995663981,255.221,10.066,7.324,0.936,0.153,0.291,0.35,0.361,0.262,0.28,0.181,0.306,0.241,0.309,0.226,0.241
71,7.397940008672037,17.732,7.652,1.474,0.66,0.151,0.553,0.375,0.339,0.625,0.161,0.212,0.238,0.219,0.192,0.289,0.333
72,5.096910013008056,364.596,4.658,2.363,0.981,0.15,0.868,0.372,0.437,0.881,0.316,0.18,0.299,0.257,0.447,0.308,0.459
73,7.472284193781353,17.446,2.938,0.815,0.823,0.165,0.551,0.508,0.474,0.676,0.256,0.154,0.311,0.273,0.292,0.267,0.362
74,7.657577319177793,10.023,8.481,0.219,0.535,0.16,0.457,0.465,0.254,0.321,0.284,0.042,0.37,0.093,0.375,0.11,0.216
75,5.985479461242076,76.65,9.214,2.741,0.865,0.153,0.129,0.42,0.424,0.042,0.319,0.231,0.37,0.3,0.367,0.275,0.197
76,6.638272163982407,285.987,17.251,1.651,0.938,0.154,0.793,0.481,0.337,0.849,0.638,0.143,0.463,0.219,0.858,0.219,0.543
77,5.537602002101044,49.791,37.399,1.001,0.565,0.156,0.077,0.049,0.317,0.012,0.007,0.102,0.015,0.22,0.015,0.589,0.04
78,10.045757490560677,75.122,9.838,2.378,0.86,0.152,0.12,0.523,0.442,0.231,0.651,0.287,0.546,0.356,0.542,0.296,0.39
79,7.136677139879544,10.369,7.5,0.366,0.569,0.161,0.462,0.46,0.276,0.308,0.336,0.045,0.384,0.102,0.447,0.111,0.23
80,7.619788758288394,11.364,5.242,0.59,0.661,0.158,0.503,0.558,0.197,0.293,0.448,0.044,0.427,0.086,0.498,0.099,0.262
81,6.505845405981557,18.217,3.746,0.854,0.798,0.156,0.51,0.343,0.27,0.327,0.181,0.063,0.231,0.122,0.257,0.142,0.19
82,7.292429823902063,11.17,6.249,0.636,0.619,0.159,0.505,0.584,0.223,0.276,0.483,0.054,0.465,0.098,0.525,0.114,0.271
83,6.767003889607846,9.822,8.211,0.889,0.519,0.159,0.445,0.484,0.408,0.304,0.29,0.301,0.383,0.3,0.424,0.293,0.299
84,6.899629454882437,120.495,8.739,0.96,0.926,0.159,0.182,0.535,0.36,0.156,0.339,0.298,0.422,0.279,0.426,0.252,0.264
85,7.481486060122112,16.953,3.821,0.993,0.779,0.159,0.511,0.372,0.392,0.368,0.293,0.5,0.275,0.386,0.353,0.376,0.387
86,7.356547323513812,49.153,18.19,2.271,0.706,0.159,0.062,0.51,0.325,0.483,0.003,0.16,0.392,0.295,0.422,0.302,0.215
87,7.318758762624412,18.573,3.709,0.997,0.798,0.164,0.513,0.369,0.38,0.404,0.294,0.397,0.291,0.341,0.38,0.349,0.365
88,8.096910013008056,13.031,5.767,1.463,0.643,0.159,0.572,0.497,0.519,0.692,0.397,0.298,0.397,0.347,0.44,0.374,0.462
89,6.94692155651658,10.206,8.927,0.727,0.514,0.159,0.469,0.493,0.405,0.435,0.232,0.255,0.392,0.312,0.395,0.327,0.307
90,6.665546248849069,327.874,11.539,2.614,0.959,0.156,0.573,0.548,0.444,0.536,0.396,0.362,0.476,0.354,0.459,0.285,0.432
91,6.906578314837765,22.056,3.644,1.187,0.82,0.156,0.519,0.348,0.367,0.284,0.201,0.391,0.248,0.302,0.313,0.282,0.292
92,5.932557157223619,21.717,4.345,1.395,0.791,0.153,0.582,0.434,0.42,0.363,0.203,0.381,0.288,0.329,0.341,0.296,0.316
93,7.173925197299173,197.54,8.776,3.704,0.941,0.153,0.442,0.41,0.427,0.43,0.2,0.285,0.272,0.433,0.32,0.469,0.305
94,7.769551078621726,185.447,7.245,2.164,0.952,0.151,0.59,0.424,0.398,0.523,0.382,0.222,0.381,0.293,0.484,0.281,0.375
95,5.823908740944319,17.552,5.901,1.448,0.705,0.151,0.469,0.437,0.45,0.287,0.28,0.332,0.309,0.365,0.371,0.347,0.3
96,5.881404634776238,21.447,7.965,1.118,0.702,0.151,0.549,0.384,0.408,0.361,0.204,0.382,0.262,0.335,0.31,0.322,0.316
97,6.218244625347531,19.961,5.059,1.231,0.76,0.156,0.572,0.429,0.356,0.34,0.335,0.341,0.325,0.302,0.413,0.272,0.338
98,6.471083299722345,317.101,75.328,1.784,0.804,0.151,0.719,0.112,0.45,0.756,0.029,0.611,0.054,0.438,0.043,0.501,0.465
99,6.586700235918748,248.943,4.895,0.343,0.979,0.165,0.576,0.532,0.267,0.686,0.206,0.039,0.258,0.091,0.308,0.131,0.31
100,6.698970004336019,10.258,3.969,1.224,0.664,0.168,0.624,0.423,0.316,0.45,0.305,0.344,0.296,0.236,0.278,0.287,0.366
101,6.6020599913279625,111.367,36.823,3.436,0.734,0.168,0.187,0.037,0.469,0.118,0.001,0.457,0.006,0.397,0.009,0.416,0.192
102,6.070581074285707,14.557,3.469,1.855,0.732,0.164,0.61,0.378,0.447,0.404,0.382,0.213,0.297,0.237,0.304,0.269,0.333
103,7.356547323513812,348.594,80.484,3.443,0.806,0.158,0.322,0.15,0.281,0.243,0.06,0.424,0.076,0.356,0.091,0.335,0.242
104,7.00436480540245,29.483,8.865,1.246,0.745,0.167,0.047,0.63,0.421,0.009,0.069,0.032,0.339,0.207,0.38,0.25,0.037
105,6.920818753952375,12.184,3.867,0.848,0.721,0.167,0.575,0.417,0.343,0.599,0.281,0.214,0.283,0.217,0.273,0.268,0.365
106,7.638272163982407,247.786,3.539,1.122,0.982,0.167,0.69,0.463,0.391,0.669,0.406,0.078,0.366,0.166,0.372,0.197,0.384
107,7.455931955649724,11.681,3.711,1.628,0.686,0.162,0.594,0.486,0.483,0.428,0.286,0.183,0.299,0.264,0.33,0.295,0.299
108,7.698970004336019,109.39,7.498,3.226,0.911,0.162,0.152,0.485,0.366,0.048,0.462,0.367,0.471,0.308,0.519,0.303,0.292
109,6.1938200260161125,16.619,4.319,0.498,0.775,0.165,0.588,0.45,0.276,0.39,0.325,0.048,0.319,0.105,0.286,0.123,0.255
110,7.698970004336019,188.753,26.38,1.979,0.869,0.163,0.389,0.051,0.42,0.446,0.002,0.102,0.009,0.212,0.012,0.217,0.183
112,7.744727494896693,380.001,269.0,76.974,0.523,0.158,0.931,0.454,0.328,0.991,0.341,0.2,0.433,0.278,0.439,0.231,0.511
113,8.698970004336019,124.668,3.48,1.639,0.961,0.158,0.295,0.335,0.34,0.226,0.356,0.147,0.385,0.211,0.285,0.266,0.243
114,8.045757490560675,111.661,7.461,4.029,0.907,0.152,0.118,0.536,0.354,0.04,0.39,0.155,0.389,0.233,0.378,0.249,0.195
115,8.698970004336019,203.347,2.77,1.933,0.977,0.159,0.586,0.448,0.542,0.566,0.302,0.219,0.313,0.335,0.373,0.385,0.363
116,7.4089353929735005,208.451,10.443,1.021,0.948,0.162,0.954,0.429,0.44,1.007,0.284,0.177,0.277,0.239,0.249,0.263,0.489
117,8.096910013008056,16.902,3.936,0.731,0.784,0.162,0.552,0.382,0.344,0.462,0.405,0.137,0.319,0.192,0.323,0.242,0.335
118,8.045757490560675,110.821,14.27,2.191,0.871,0.162,0.104,0.533,0.357,0.117,0.546,0.316,0.479,0.297,0.479,0.239,0.326
119,8.301029995663981,13.973,4.404,2.001,0.686,0.158,0.65,0.449,0.437,0.469,0.285,0.156,0.286,0.229,0.3,0.262,0.303
120,8.397940008672037,87.639,20.414,3.165,0.788,0.161,0.055,0.06,0.436,0.005,0.008,0.006,0.017,0.126,0.021,0.258,0.006
121,8.096910013008056,233.153,82.671,5.232,0.726,0.163,0.259,0.152,0.436,0.228,0.147,0.331,0.122,0.389,0.165,0.369,0.235
122,7.522878745280337,10.449,6.155,0.483,0.611,0.163,0.562,0.437,0.345,0.401,0.327,0.099,0.3,0.152,0.269,0.197,0.276
123,7.638272163982407,11.398,4.203,1.799,0.655,0.163,0.611,0.397,0.42,0.428,0.385,0.134,0.328,0.217,0.322,0.262,0.316
124,8.187086643357144,236.329,5.117,1.109,0.974,0.16,0.943,0.413,0.399,0.99,0.474,0.141,0.35,0.19,0.359,0.188,0.535
125,8.045757490560675,281.138,18.479,0.888,0.936,0.155,0.969,0.568,0.357,0.941,0.354,0.088,0.421,0.166,0.419,0.207,0.461
126,7.229147988357855,25.812,3.995,1.269,0.831,0.155,0.627,0.386,0.391,0.483,0.316,0.119,0.29,0.202,0.287,0.243,0.306
127,8.721246399047171,315.97,11.777,1.487,0.96,0.162,0.883,0.525,0.428,0.852,0.435,0.168,0.415,0.251,0.401,0.302,0.485
128,8.698970004336019,13.233,5.211,1.286,0.671,0.162,0.64,0.428,0.416,0.762,0.292,0.096,0.299,0.187,0.291,0.234,0.383
129,9.096910013008056,14.533,5.582,1.589,0.67,0.159,0.664,0.427,0.387,0.5,0.349,0.083,0.31,0.174,0.299,0.194,0.311
130,8.698970004336019,240.995,13.013,1.036,0.945,0.163,0.692,0.432,0.451,0.591,0.315,0.212,0.342,0.268,0.507,0.278,0.372
131,7.853871964321762,199.392,6.468,1.01,0.964,0.163,0.523,0.488,0.354,0.429,0.424,0.09,0.434,0.16,0.547,0.189,0.314
132,6.958607314841775,40.244,25.249,6.806,0.557,0.155,0.032,0.045,0.53,0.025,0.01,0.001,0.014,0.169,0.02,0.304,0.012
133,7.795880017344075,25.798,3.877,1.53,0.827,0.151,0.639,0.344,0.372,0.458,0.285,0.086,0.252,0.17,0.268,0.188,0.276
134,8.096910013008056,22.576,4.587,1.336,0.792,0.151,0.599,0.404,0.433,0.429,0.381,0.201,0.323,0.259,0.342,0.306,0.337
135,9.397940008672036,76.584,6.793,2.498,0.892,0.158,0.137,0.486,0.427,0.041,0.382,0.213,0.427,0.245,0.463,0.258,0.212
136,9.397940008672036,11.632,6.789,1.295,0.59,0.155,0.554,0.407,0.333,0.393,0.374,0.123,0.323,0.189,0.309,0.23,0.297
137,7.060480747381382,404.84,72.796,5.04,0.839,0.152,0.952,0.118,0.461,1.035,0.015,0.009,0.034,0.12,0.043,0.205,0.353
138,8.698970004336019,22.135,5.531,1.217,0.766,0.148,0.586,0.439,0.284,0.387,0.463,0.073,0.377,0.137,0.397,0.16,0.308
139,8.522878745280337,22.972,4.428,2.169,0.777,0.149,0.651,0.366,0.367,0.502,0.323,0.134,0.275,0.208,0.287,0.239,0.32
140,8.346787486224656,8.531,4.232,1.787,0.586,0.163,0.59,0.441,0.426,0.436,0.36,0.109,0.318,0.192,0.273,0.217,0.302
141,8.522878745280337,26.944,9.662,1.974,0.698,0.165,0.042,0.534,0.389,0.72,0.002,0.108,0.602,0.186,0.648,0.222,0.277
142,6.568636235841013,295.931,133.306,123.586,0.535,0.159,0.629,0.62,0.344,0.771,0.352,0.049,0.462,0.106,0.421,0.094,0.39
143,8.431798275933005,235.021,90.726,2.958,0.715,0.159,0.751,0.191,0.27,0.718,0.039,0.287,0.082,0.247,0.064,0.24,0.348
144,8.080921907623926,166.445,5.393,2.793,0.953,0.162,0.431,0.485,0.433,0.406,0.285,0.308,0.32,0.336,0.318,0.327,0.333
145,7.638272163982407,12.495,3.515,1.613,0.709,0.164,0.549,0.366,0.352,0.337,0.331,0.123,0.286,0.185,0.27,0.215,0.264
146,7.795880017344075,231.229,12.676,1.577,0.942,0.164,0.633,0.556,0.361,0.742,0.404,0.186,0.472,0.226,0.548,0.287,0.444
147,8.113509274827518,14.374,4.213,1.961,0.7,0.16,0.597,0.491,0.387,0.531,0.355,0.142,0.339,0.214,0.335,0.277,0.343
148,7.301029995663981,291.981,7.036,3.327,0.966,0.152,0.882,0.354,0.274,0.946,0.382,0.115,0.283,0.171,0.23,0.174,0.481
149,7.619788758288394,9.376,3.329,1.897,0.642,0.163,0.496,0.357,0.409,0.659,0.251,0.219,0.256,0.254,0.253,0.265,0.376
150,5.826813731587726,9.838,1.305,0.897,0.817,0.183,0.596,0.279,0.244,0.39,0.387,0.141,0.224,0.146,0.261,0.123,0.306
151,6.337242168318426,9.122,2.107,1.06,0.742,0.177,0.643,0.462,0.404,0.348,0.427,0.153,0.303,0.219,0.316,0.21,0.309
152,6.142667503568731,107.721,10.238,4.319,0.881,0.167,0.116,0.563,0.445,0.005,0.376,0.297,0.485,0.316,0.514,0.307,0.226
153,6.187086643357144,13.969,3.11,1.069,0.77,0.168,0.595,0.387,0.289,0.383,0.336,0.275,0.272,0.223,0.258,0.263,0.332
154,5.136677139879544,262.401,155.528,0.462,0.627,0.177,0.575,0.347,0.427,0.508,0.601,0.225,0.465,0.258,0.585,0.348,0.445
155,6.154901959985743,304.852,100.234,1.019,0.751,0.172,0.962,0.147,0.306,0.973,0.008,0.15,0.034,0.171,0.038,0.286,0.377
156,5.823908740944319,36.535,4.108,3.171,0.834,0.168,0.043,0.478,0.405,0.159,0.277,0.144,0.309,0.184,0.383,0.24,0.193
157,6.42021640338319,6.365,3.577,1.236,0.569,0.167,0.473,0.556,0.441,0.472,0.259,0.138,0.389,0.187,0.333,0.282,0.289
158,6.6777807052660805,6.999,3.055,1.263,0.618,0.163,0.463,0.625,0.374,0.389,0.416,0.106,0.498,0.155,0.524,0.218,0.303
159,6.619788758288394,7.195,5.565,0.92,0.526,0.16,0.507,0.396,0.282,0.395,0.275,0.067,0.368,0.127,0.364,0.117,0.246
160,6.537602002101044,189.764,5.892,1.072,0.965,0.167,0.356,0.446,0.396,0.153,0.487,0.089,0.427,0.172,0.651,0.168,0.243
161,6.161150909262744,223.266,6.118,1.712,0.966,0.165,0.974,0.466,0.451,0.998,0.362,0.223,0.353,0.302,0.429,0.3,0.528
162,6.4089353929735005,6.357,5.544,0.768,0.502,0.164,0.416,0.5,0.282,0.485,0.229,0.085,0.328,0.139,0.33,0.147,0.267
163,6.2076083105017466,38.786,4.595,3.876,0.821,0.167,0.04,0.448,0.442,0.004,0.107,0.006,0.366,0.234,0.504,0.284,0.039
164,6.0,64.888,7.953,2.131,0.865,0.165,0.076,0.44,0.606,0.004,0.383,0.031,0.378,0.336,0.309,0.432,0.139
165,5.958607314841775,7.501,4.154,0.848,0.6,0.165,0.492,0.591,0.323,0.536,0.265,0.133,0.36,0.168,0.379,0.252,0.311
166,5.6777807052660805,248.888,4.48,1.167,0.978,0.164,0.634,0.521,0.397,0.699,0.234,0.127,0.33,0.189,0.319,0.249,0.353
167,6.337242168318426,9.322,4.531,0.868,0.633,0.162,0.494,0.511,0.329,0.483,0.249,0.136,0.371,0.173,0.331,0.272,0.289
168,5.494850021680094,109.09,4.736,1.459,0.946,0.163,0.155,0.416,0.382,0.051,0.292,0.158,0.283,0.253,0.438,0.211,0.167
169,6.161150909262744,6.101,4.207,0.967,0.541,0.168,0.526,0.443,0.372,0.478,0.185,0.149,0.4,0.211,0.265,0.258,0.271
170,5.693360558975739,16.182,1.614,0.348,0.892,0.169,0.598,0.419,0.28,0.426,0.15,0.095,0.216,0.136,0.315,0.195,0.223
171,5.2826624172761365,16.255,1.614,0.526,0.884,0.168,0.609,0.413,0.269,0.527,0.129,0.139,0.205,0.137,0.273,0.279,0.265
172,5.460171441622101,12.893,1.717,0.51,0.853,0.172,0.608,0.465,0.28,0.461,0.229,0.102,0.251,0.16,0.444,0.158,0.264
173,5.88672530753565,12.986,2.315,0.645,0.814,0.166,0.619,0.449,0.237,0.507,0.337,0.037,0.338,0.09,0.56,0.078,0.294
174,6.050122295963125,16.821,2.089,0.902,0.849,0.159,0.572,0.499,0.442,0.547,0.344,0.105,0.346,0.197,0.541,0.24,0.332
175,6.266000713461613,79.737,11.919,1.14,0.859,0.164,0.114,0.506,0.353,0.062,0.471,0.107,0.495,0.181,0.543,0.169,0.213
176,6.350665141287858,21.701,1.833,0.567,0.9,0.161,0.58,0.498,0.47,0.536,0.199,0.177,0.252,0.261,0.374,0.283,0.304
177,6.277366077466188,83.331,25.793,2.344,0.748,0.158,0.091,0.034,0.341,0.016,0.001,0.164,0.006,0.231,0.009,0.3,0.06
178,6.348721986001856,7.862,1.955,0.015,0.8,0.185,0.547,0.481,0.251,0.527,0.146,0.041,0.233,0.092,0.284,0.101,0.238
179,6.576754126063192,231.226,5.425,0.502,0.975,0.162,0.959,0.495,0.302,0.947,0.423,0.067,0.407,0.126,0.565,0.13,0.479
180,7.346787486224656,236.247,114.841,1.236,0.671,0.164,0.795,0.228,0.394,0.947,0.195,0.28,0.171,0.283,0.268,0.312,0.474
181,7.638272163982407,183.387,5.673,2.426,0.958,0.164,0.396,0.409,0.521,0.369,0.714,0.146,0.502,0.247,0.489,0.321,0.41
182,6.705533773838407,364.833,6.729,1.234,0.979,0.164,0.803,0.338,0.279,0.817,0.144,0.303,0.162,0.232,0.264,0.186,0.421
183,7.040958607678906,17.233,2.14,0.98,0.847,0.164,0.614,0.523,0.397,0.512,0.263,0.147,0.286,0.218,0.451,0.209,0.307
184,7.585026652029182,14.539,2.666,1.15,0.792,0.164,0.641,0.498,0.406,0.653,0.316,0.222,0.333,0.232,0.451,0.36,0.397
185,7.154901959985743,278.643,81.703,2.36,0.768,0.164,0.458,0.279,0.399,0.424,0.369,0.116,0.413,0.185,0.277,0.211,0.303
186,7.154901959985743,32.356,8.125,1.914,0.763,0.161,0.077,0.237,0.496,0.074,0.002,0.173,0.016,0.272,0.026,0.376,0.083
187,7.318758762624412,300.872,2.391,1.62,0.987,0.164,0.793,0.3,0.279,0.878,0.693,0.119,0.256,0.184,0.338,0.169,0.563
188,7.795880017344075,215.911,44.496,1.688,0.824,0.164,0.71,0.034,0.481,0.821,0.623,0.196,0.073,0.275,0.105,0.298,0.547
189,7.552841968657781,90.573,10.581,2.904,0.87,0.164,0.109,0.544,0.479,0.039,0.814,0.521,0.677,0.385,0.687,0.55,0.458
190,5.596879478824182,341.097,5.31,0.57,0.983,0.169,0.847,0.416,0.462,0.975,0.299,0.22,0.334,0.235,0.398,0.36,0.498
191,5.3693687559795,53.079,6.272,0.502,0.887,0.172,0.058,0.526,0.323,0.011,0.003,0.08,0.073,0.164,0.144,0.212,0.031
192,5.419075024324381,19.05,1.557,0.915,0.885,0.159,0.591,0.455,0.329,0.54,0.203,0.06,0.246,0.135,0.395,0.124,0.268
193,8.0,10.471,4.645,1.115,0.645,0.161,0.497,0.416,0.344,0.417,0.283,0.083,0.315,0.15,0.397,0.17,0.261
194,5.543482142194737,10.042,2.535,0.138,0.79,0.179,0.568,0.485,0.164,0.544,0.135,0.014,0.255,0.042,0.294,0.049,0.231
195,5.349498205121633,9.058,2.206,0.175,0.792,0.181,0.564,0.503,0.23,0.625,0.164,0.029,0.247,0.068,0.242,0.093,0.273
196,5.4061603389187285,400.165,13.256,0.954,0.966,0.171,0.991,0.591,0.53,1.023,0.269,0.148,0.379,0.267,0.42,0.339,0.48
197,5.46826569072345,125.572,6.4,2.173,0.936,0.153,0.12,0.351,0.295,0.104,0.223,0.166,0.291,0.201,0.294,0.223,0.164
198,5.583193128177055,28.699,5.714,4.445,0.739,0.153,0.035,0.477,0.385,0.011,0.333,0.002,0.349,0.056,0.367,0.105,0.115
199,7.758827213229953,13.078,4.001,0.944,0.726,0.157,0.526,0.432,0.451,0.447,0.332,0.134,0.36,0.224,0.466,0.253,0.304
200,6.91721462968355,10.0,5.524,1.101,0.602,0.16,0.473,0.394,0.336,0.316,0.676,0.108,0.421,0.164,0.476,0.195,0.367
201,6.192464971931146,216.871,13.799,1.141,0.936,0.156,0.445,0.509,0.39,0.556,0.349,0.113,0.404,0.2,0.507,0.205,0.339
202,7.599980364934842,10.936,4.791,1.46,0.636,0.158,0.52,0.337,0.273,0.421,0.234,0.082,0.219,0.144,0.299,0.156,0.245
204,5.700000503883016,182.528,14.854,1.218,0.919,0.156,0.441,0.441,0.321,0.387,0.617,0.124,0.466,0.173,0.703,0.204,0.376
205,6.799998134593398,229.58,6.753,1.367,0.966,0.163,0.31,0.475,0.437,0.256,0.465,0.358,0.432,0.342,0.645,0.338,0.36
206,5.300000202445418,6.524,4.737,0.438,0.558,0.175,0.536,0.55,0.303,0.5,0.16,0.318,0.3,0.218,0.32,0.156,0.326
207,6.299997602857746,22.547,4.031,0.566,0.831,0.156,0.592,0.461,0.214,0.448,0.323,0.048,0.343,0.09,0.447,0.117,0.273
208,6.699991797446187,13.741,3.957,0.842,0.741,0.156,0.611,0.402,0.278,0.547,0.247,0.07,0.311,0.127,0.379,0.117,0.288
209,6.199998172182031,453.092,114.695,89.402,0.689,0.154,0.716,0.42,0.473,0.965,0.541,0.606,0.604,0.709,0.646,0.62,0.704
210,5.200000237109354,15.264,3.086,2.194,0.743,0.151,0.462,0.55,0.376,0.39,0.439,0.23,0.494,0.279,0.478,0.305,0.353
211,5.40000018605658,182.061,4.415,1.072,0.971,0.153,0.783,0.432,0.43,0.783,0.203,0.403,0.263,0.313,0.297,0.655,0.463
212,7.299988937677887,16.802,3.61,0.624,0.799,0.156,0.599,0.366,0.307,0.455,0.586,0.047,0.36,0.111,0.44,0.106,0.363
213,7.0,117.343,53.17,3.566,0.674,0.159,0.184,0.068,0.483,0.19,0.003,0.394,0.014,0.357,0.022,0.353,0.196
215,6.0999990348465305,222.38,5.385,1.853,0.968,0.151,0.935,0.531,0.418,0.956,0.406,0.23,0.423,0.26,0.55,0.244,0.531
216,5.59999938302362,8.734,3.32,0.583,0.691,0.171,0.577,0.41,0.431,0.361,0.321,0.075,0.309,0.189,0.405,0.185,0.252
217,5.800000874803203,108.788,83.089,3.64,0.556,0.151,0.247,0.098,0.379,0.39,0.109,0.532,0.137,0.359,0.099,0.458,0.344
218,8.299988937677888,389.628,204.592,2.361,0.653,0.168,0.954,0.965,0.316,0.952,0.69,0.102,0.913,0.177,0.481,0.174,0.581
219,8.299988937677888,309.347,8.863,1.974,0.966,0.149,0.955,0.412,0.49,1.016,0.417,0.366,0.366,0.443,0.469,0.518,0.6
220,5.899998417198648,223.534,6.362,3.159,0.959,0.156,0.72,0.487,0.374,0.732,0.293,0.162,0.36,0.199,0.431,0.232,0.395
221,6.0,17.618,2.034,0.579,0.871,0.163,0.545,0.422,0.425,0.444,0.174,0.14,0.24,0.182,0.302,0.258,0.253
222,7.0,19.427,3.357,1.309,0.806,0.157,0.607,0.456,0.372,0.598,0.178,0.195,0.285,0.243,0.345,0.194,0.324
223,6.0,47.925,8.0,2.438,0.821,0.167,0.04,0.647,0.484,1.692,0.248,0.232,0.46,0.323,0.456,0.303,0.724
224,5.300000202445418,291.337,5.445,1.095,0.978,0.175,0.704,0.485,0.456,0.733,0.323,0.141,0.364,0.191,0.345,0.338,0.399
225,5.499999678657065,14.695,5.669,2.033,0.656,0.151,0.604,0.343,0.375,0.691,0.384,0.144,0.33,0.219,0.57,0.24,0.406
226,7.100015437450609,7.183,6.156,0.44,0.521,0.163,0.591,0.633,0.34,0.479,0.198,0.066,0.302,0.133,0.353,0.196,0.248
227,6.799998134593398,10.925,3.329,0.363,0.747,0.171,0.555,0.459,0.275,0.388,0.26,0.051,0.27,0.104,0.259,0.15,0.233
228,6.499996931948306,16.221,4.448,0.492,0.767,0.161,0.565,0.426,0.382,0.374,0.148,0.106,0.23,0.182,0.214,0.209,0.209
229,5.800000874803203,22.56,4.037,1.464,0.804,0.151,0.546,0.397,0.416,0.703,0.305,0.162,0.298,0.208,0.345,0.29,0.39
231,6.199998172182031,11.901,3.829,0.555,0.731,0.167,0.502,0.335,0.387,1.405,0.161,0.127,0.237,0.21,0.164,0.358,0.564
232,6.599997654072044,128.75,12.233,2.094,0.9,0.163,0.195,0.48,0.459,0.061,0.162,0.289,0.27,0.296,0.314,0.418,0.171
233,5.800000874803203,286.645,7.605,1.483,0.969,0.168,0.725,0.512,0.478,0.663,0.452,0.35,0.398,0.363,0.68,0.33,0.488
234,7.0,8.154,4.194,0.568,0.631,0.172,0.535,0.473,0.304,1.634,0.162,0.03,0.266,0.103,0.471,0.142,0.609
235,5.700000503883016,63.038,12.737,2.288,0.808,0.145,0.254,0.181,0.403,0.199,0.092,0.188,0.059,0.235,0.364,0.261,0.16
236,5.800000874803203,175.529,22.237,3.728,0.871,0.139,0.317,0.417,0.376,0.217,0.394,0.222,0.372,0.257,0.318,0.276,0.278
237,6.299997602857746,89.08,10.594,0.152,0.892,0.163,0.155,0.469,0.378,0.207,0.353,0.135,0.388,0.183,0.463,0.211,0.232
238,5.40000018605658,10.347,3.032,0.175,0.763,0.175,0.55,0.528,0.323,0.611,0.248,0.104,0.285,0.177,0.337,0.139,0.321
239,5.499999678657065,5.834,4.187,1.506,0.506,0.168,0.47,0.383,0.38,0.541,0.195,0.179,0.22,0.355,0.288,0.233,0.305
240,5.59999938302362,10.121,7.62,3.374,0.479,0.146,0.553,0.366,0.349,0.58,0.594,0.245,0.349,0.285,0.268,0.178,0.473
241,5.300000202445418,21.081,4.452,1.889,0.769,0.147,0.478,0.496,0.445,0.549,0.197,0.154,0.301,0.23,0.327,0.281,0.3
242,7.299988937677887,20.008,2.157,0.307,0.89,0.161,0.589,0.442,0.287,0.427,0.182,0.06,0.24,0.11,0.324,0.155,0.223
243,5.800000874803203,53.276,3.7,1.588,0.91,0.146,0.227,0.229,0.379,0.236,0.104,0.228,0.106,0.268,0.285,0.24,0.189
244,7.700057099977233,17.999,2.453,0.972,0.84,0.162,0.631,0.529,0.284,0.292,1.137,0.097,0.301,0.238,0.372,0.159,0.509
245,5.200000237109354,521.413,13.5,1.262,0.972,0.141,0.953,0.464,0.409,1.003,0.263,0.189,0.335,0.227,0.367,0.304,0.485
247,5.200000237109354,31.478,2.281,1.289,0.898,0.151,0.624,0.494,0.453,0.536,0.238,0.118,0.282,0.214,0.341,0.271,0.297
248,6.0,15.917,4.996,2.741,0.673,0.147,0.534,0.3,0.303,0.334,0.367,0.129,0.297,0.181,0.538,0.194,0.277
249,7.299988937677887,14.179,2.319,0.761,0.822,0.162,0.574,0.469,0.29,0.421,0.349,0.07,0.307,0.136,0.325,0.157,0.28
250,6.199998172182031,61.423,6.251,2.756,0.872,0.151,0.082,0.4,0.533,0.235,0.225,0.42,0.271,0.439,0.305,0.57,0.294
251,6.699991797446187,458.407,9.085,1.475,0.977,0.147,0.771,0.496,0.449,0.791,0.366,0.14,0.397,0.214,0.449,0.28,0.432
252,7.0,188.121,3.461,2.971,0.967,0.15,0.496,0.349,0.45,0.415,0.396,0.323,0.296,0.361,0.315,0.416,0.378
253,6.199998172182031,9.619,4.618,0.656,0.646,0.159,0.488,0.49,0.282,0.41,0.315,0.055,0.343,0.108,0.414,0.122,0.26
254,6.699991797446187,72.293,11.23,1.964,0.846,0.16,0.096,0.507,0.496,0.149,0.383,0.281,0.48,0.31,0.454,0.292,0.271
255,7.400007822415902,41.492,13.1,2.334,0.729,0.15,0.056,0.569,0.452,0.104,0.004,0.12,0.125,0.306,0.421,0.328,0.076
256,6.699991797446187,153.329,11.051,2.241,0.92,0.153,0.35,0.631,0.495,0.168,0.496,0.314,0.5,0.341,0.493,0.457,0.326
257,6.699991797446187,263.839,11.866,0.938,0.954,0.165,0.41,0.493,0.388,0.457,0.574,0.286,0.459,0.289,0.429,0.341,0.439
258,6.199998172182031,71.092,3.926,1.819,0.925,0.147,0.147,0.371,0.312,0.166,0.406,0.112,0.297,0.177,0.439,0.172,0.228
260,6.900008766455316,249.709,8.063,1.975,0.961,0.162,0.297,0.476,0.375,0.2,0.484,0.276,0.41,0.296,0.505,0.296,0.32
261,5.300000202445418,165.922,2.538,1.013,0.979,0.172,0.209,0.458,0.435,0.163,0.201,0.188,0.214,0.312,0.258,0.315,0.184
262,5.40000018605658,15.063,3.206,0.736,0.793,0.162,0.517,0.345,0.307,0.356,0.641,0.084,0.358,0.131,0.405,0.152,0.36
263,7.899974269892137,14.28,3.88,1.114,0.741,0.159,0.527,0.494,0.366,0.533,0.566,0.203,0.402,0.268,0.679,0.306,0.434
264,6.599997654072044,7.448,3.961,0.602,0.62,0.174,0.553,0.454,0.278,0.713,0.26,0.111,0.281,0.125,0.452,0.236,0.362
265,7.50003813440381,200.358,31.965,6.559,0.839,0.152,0.542,0.034,0.559,0.626,0.004,0.275,0.011,0.422,0.015,0.479,0.302
266,5.899998417198648,10.374,2.437,0.485,0.78,0.175,0.531,0.4,0.407,0.569,0.332,0.044,0.265,0.133,0.373,0.14,0.315
267,5.899998417198648,257.039,10.427,4.606,0.945,0.144,0.343,0.337,0.432,0.373,0.332,0.199,0.299,0.285,0.199,0.338,0.301
268,6.299997602857746,11.206,5.954,0.317,0.641,0.162,0.506,0.472,0.225,0.633,0.199,0.026,0.347,0.07,0.332,0.092,0.286
269,8.100015437450608,10.318,4.151,0.791,0.676,0.163,0.558,0.554,0.378,0.449,0.473,0.216,0.398,0.263,0.495,0.372,0.38
270,8.500038134403809,23.199,2.348,0.72,0.883,0.158,0.583,0.405,0.248,0.43,0.237,0.08,0.248,0.122,0.335,0.15,0.249
271,6.0999990348465305,230.534,7.628,1.227,0.963,0.163,0.69,0.494,0.236,0.723,0.226,0.081,0.306,0.121,0.256,0.149,0.344
272,6.199998172182031,176.89,7.502,1.246,0.953,0.154,0.592,0.426,0.311,0.624,0.275,0.141,0.313,0.193,0.361,0.211,0.347
273,6.399996913372259,6.614,4.494,0.6,0.565,0.171,0.406,0.558,0.238,0.703,0.241,0.066,0.341,0.098,0.357,0.094,0.337
274,8.100015437450608,471.986,10.375,3.662,0.971,0.155,0.99,0.393,0.407,1.005,0.324,0.199,0.317,0.258,0.315,0.285,0.509
275,7.0,66.063,16.761,2.368,0.775,0.152,0.087,0.548,0.372,0.055,0.005,0.128,0.122,0.197,0.273,0.22,0.063
276,5.300000202445418,28.943,2.096,0.491,0.918,0.155,0.569,0.489,0.409,0.502,0.2,0.137,0.247,0.235,0.343,0.262,0.28
277,5.499999678657065,188.421,80.864,2.133,0.694,0.16,0.335,0.213,0.493,0.209,0.049,0.184,0.1,0.276,0.094,0.358,0.147
278,5.59999938302362,7.039,2.431,0.198,0.728,0.185,0.572,0.419,0.227,0.942,0.367,0.018,0.534,0.051,0.522,0.078,0.443
280,6.0999990348465305,214.429,5.296,2.477,0.965,0.175,0.291,0.381,0.459,0.709,0.389,0.111,0.361,0.21,0.329,0.279,0.403
281,6.299997602857746,18.196,4.538,0.143,0.795,0.159,0.575,0.489,0.288,0.44,0.336,0.28,0.346,0.2,0.447,0.357,0.352
282,6.0,110.174,43.177,2.453,0.707,0.15,0.219,0.067,0.352,0.357,0.007,0.208,0.016,0.229,0.024,0.253,0.19
283,4.200000030616179,4.464,1.713,0.003,0.722,0.204,0.509,0.552,0.323,1.783,0.089,0.02,0.23,0.087,0.434,0.109,0.631
284,7.299988937677887,18.844,2.867,0.81,0.837,0.161,0.553,0.353,0.305,0.3,0.618,0.09,0.335,0.155,0.41,0.147,0.336
285,6.599997654072044,250.392,95.136,2.205,0.72,0.159,0.527,0.262,0.327,0.57,0.22,0.141,0.256,0.207,0.252,0.224,0.31
286,6.0,211.183,32.147,3.631,0.855,0.156,0.261,0.029,0.44,0.317,0.003,0.002,0.005,0.251,0.008,0.413,0.107
287,6.599997654072044,278.566,6.804,1.5,0.971,0.172,0.97,0.527,0.453,1.0,0.387,0.199,0.447,0.253,0.509,0.284,0.529
288,5.700000503883016,16.297,5.704,1.206,0.702,0.155,0.581,0.491,0.305,0.447,0.209,0.065,0.279,0.127,0.299,0.134,0.24
289,7.0,184.272,5.378,3.092,0.956,0.156,0.46,0.42,0.352,0.505,0.3,0.153,0.327,0.221,0.34,0.221,0.319
290,7.599980364934842,180.017,4.926,0.851,0.969,0.164,0.789,0.484,0.375,0.913,0.562,0.186,0.432,0.197,0.363,0.439,0.553
293,6.599997654072044,147.522,11.742,2.069,0.914,0.146,0.346,0.445,0.364,0.389,0.351,0.283,0.346,0.236,0.382,0.359,0.341
294,5.499999678657065,143.69,12.015,0.819,0.918,0.161,0.147,0.515,0.335,0.096,0.398,0.16,0.427,0.179,0.569,0.173,0.218
295,5.499999678657065,263.627,2.421,0.166,0.99,0.177,0.625,0.49,0.188,0.623,0.204,0.028,0.248,0.057,0.372,0.082,0.285
296,8.199970640755867,11.6,3.859,0.916,0.708,0.166,0.572,0.481,0.209,0.616,0.26,0.294,0.281,0.161,0.334,0.201,0.39
297,5.899998417198648,13.999,4.444,1.172,0.714,0.16,0.512,0.338,0.291,0.468,0.36,0.091,0.299,0.156,0.44,0.148,0.306
298,7.299988937677887,186.969,12.208,1.477,0.932,0.14,0.866,0.525,0.316,0.951,0.367,0.122,0.416,0.18,0.356,0.244,0.48
299,5.700000503883016,16.816,5.183,1.817,0.706,0.149,0.489,0.348,0.387,0.361,0.379,0.155,0.323,0.214,0.572,0.272,0.298
300,5.200000237109354,143.308,5.753,2.375,0.946,0.146,0.394,0.343,0.38,0.36,0.367,0.137,0.307,0.215,0.53,0.216,0.288
301,5.700000503883016,254.962,167.248,1.035,0.602,0.164,0.536,0.362,0.418,0.487,0.574,0.378,0.36,0.352,0.398,0.423,0.48
302,6.299997602857746,18.47,1.488,0.626,0.897,0.172,0.608,0.439,0.238,0.402,0.164,0.083,0.219,0.116,0.265,0.127,0.216
303,5.700000503883016,193.046,17.255,1.857,0.91,0.152,0.328,0.551,0.404,0.335,0.596,0.119,0.556,0.195,0.431,0.221,0.35
304,5.800000874803203,7.075,2.623,0.014,0.728,0.185,0.566,0.563,0.282,0.299,0.401,0.061,0.358,0.107,0.393,0.147,0.254
305,5.499999678657065,130.581,25.238,0.916,0.833,0.157,0.344,0.034,0.317,0.421,0.001,0.064,0.006,0.194,0.01,0.239,0.162
306,5.800000874803203,184.447,5.343,1.195,0.966,0.161,0.354,0.455,0.359,0.335,0.327,0.188,0.343,0.189,0.322,0.379,0.283
307,5.200000237109354,242.271,34.776,5.52,0.857,0.147,0.966,0.032,0.3,0.997,0.006,0.011,0.01,0.147,0.013,0.213,0.338
308,5.700000503883016,272.317,105.321,2.419,0.717,0.153,0.898,0.287,0.365,0.937,0.326,0.242,0.309,0.284,0.322,0.313,0.502
309,6.799998134593398,128.074,19.227,0.731,0.865,0.162,0.107,0.486,0.389,0.006,0.056,0.263,0.314,0.246,0.367,0.215,0.109
310,4.70000006855703,4.591,2.3,0.014,0.665,0.197,0.578,0.476,0.418,0.747,0.152,0.5,0.385,0.389,0.539,0.302,0.466
311,5.800000874803203,345.709,61.381,10.258,0.828,0.152,0.829,0.139,0.5,0.894,0.088,0.421,0.116,0.471,0.144,0.504,0.468
312,6.799998134593398,33.714,11.509,2.075,0.713,0.171,0.041,0.514,0.373,1.036,0.001,0.119,0.05,0.259,0.38,0.424,0.385
313,6.399996913372259,18.395,2.785,2.317,0.783,0.155,0.558,0.467,0.474,0.573,0.219,0.142,0.258,0.245,0.287,0.256,0.311
314,8.100015437450608,9.852,5.638,1.094,0.594,0.157,0.568,0.449,0.31,0.508,0.364,0.078,0.358,0.141,0.497,0.155,0.317
315,8.100015437450608,335.051,150.335,48.008,0.628,0.168,0.418,0.404,0.253,0.4,0.443,0.247,0.459,0.252,0.505,0.349,0.364
316,6.0,110.22,45.968,2.895,0.693,0.156,0.215,0.045,0.375,0.185,0.136,0.326,0.05,0.355,0.018,0.127,0.216
317,5.800000874803203,18.984,2.146,0.582,0.874,0.162,0.59,0.41,0.296,0.379,0.717,0.109,0.359,0.169,0.499,0.2,0.402
318,6.0999990348465305,10.366,4.468,0.37,0.682,0.16,0.584,0.511,0.292,0.421,0.28,0.048,0.33,0.082,0.488,0.14,0.25
319,6.599997654072044,78.548,14.351,2.101,0.827,0.16,0.061,0.543,0.457,0.06,0.345,0.358,0.452,0.315,0.434,0.376,0.254
320,5.499999678657065,334.456,163.464,3.733,0.667,0.168,0.438,0.919,0.419,0.752,0.401,0.313,0.972,0.321,0.908,0.305,0.489
321,7.599980364934842,13.328,6.982,2.01,0.597,0.148,0.429,0.462,0.442,0.388,0.287,0.247,0.347,0.297,0.372,0.371,0.308
322,7.400007822415902,9.981,2.068,0.387,0.803,0.174,0.602,0.553,0.35,0.507,0.24,0.061,0.303,0.137,0.295,0.163,0.269
323,5.899998417198648,106.945,17.173,5.347,0.826,0.149,0.149,0.556,0.303,0.151,0.415,0.39,0.425,0.328,0.469,0.511,0.319
324,6.499996931948306,224.942,4.025,0.371,0.981,0.165,0.945,0.415,0.419,0.978,0.253,0.223,0.262,0.242,0.391,0.235,0.485
325,6.299997602857746,153.456,77.848,4.621,0.65,0.158,0.379,0.058,0.403,0.5,0.002,0.262,0.011,0.299,0.016,0.357,0.255
326,6.900008766455316,137.603,3.819,1.012,0.966,0.149,0.359,0.349,0.352,0.457,0.212,0.094,0.233,0.164,0.288,0.147,0.255
327,7.400007822415902,175.209,5.585,1.503,0.961,0.156,0.413,0.473,0.169,0.234,0.605,0.028,0.473,0.058,0.56,0.07,0.289
328,6.399996913372259,19.13,3.417,1.19,0.806,0.156,0.645,0.461,0.294,0.636,0.138,0.182,0.24,0.202,0.273,0.191,0.319
329,6.0,87.898,8.04,2.507,0.893,0.153,0.151,0.381,0.201,0.207,0.18,0.151,0.245,0.167,0.283,0.198,0.179
330,6.0999990348465305,247.508,9.601,2.417,0.954,0.139,0.887,0.544,0.416,0.967,0.418,0.276,0.462,0.294,0.446,0.329,0.554
331,5.700000503883016,13.019,3.576,0.685,0.753,0.157,0.494,0.541,0.282,0.453,0.344,0.092,0.392,0.133,0.43,0.144,0.296
332,7.700057099977233,331.629,126.789,3.721,0.718,0.149,0.682,0.256,0.44,0.637,0.453,0.378,0.323,0.313,0.513,0.578,0.489
333,5.700000503883016,22.754,3.532,0.725,0.842,0.154,0.542,0.451,0.425,0.555,0.194,0.114,0.256,0.18,0.312,0.23,0.288
334,6.0999990348465305,64.554,3.548,2.262,0.917,0.153,0.096,0.431,0.343,0.04,0.586,0.2,0.435,0.262,0.385,0.343,0.275
335,7.0,366.633,87.67,0.925,0.805,0.162,0.901,0.219,0.24,0.953,0.175,0.093,0.131,0.123,0.407,0.153,0.407
336,6.399996913372259,105.768,48.401,7.679,0.654,0.145,0.216,0.067,0.382,0.19,0.028,0.178,0.046,0.263,0.032,0.18,0.132
337,6.399996913372259,298.092,13.53,1.411,0.952,0.158,0.948,0.53,0.444,0.884,0.317,0.197,0.415,0.251,0.423,0.329,0.466
338,5.200000237109354,46.754,10.736,0.489,0.806,0.177,0.047,0.578,0.276,2.945,0.228,0.18,0.415,0.219,0.474,0.319,1.118
339,6.399996913372259,28.189,6.662,2.345,0.758,0.152,0.043,0.518,0.373,0.016,0.012,0.177,0.075,0.239,0.11,0.303,0.068
340,4.399999967876858,38.109,6.962,1.48,0.819,0.177,0.047,0.461,0.317,0.005,0.005,0.179,0.373,0.236,0.499,0.234,0.063
341,4.70000006855703,4.187,2.135,0.003,0.662,0.2,0.498,0.513,0.342,1.708,0.152,0.024,0.287,0.121,0.288,0.177,0.628
342,6.699991797446187,8.857,5.9,3.719,0.479,0.147,0.501,0.484,0.367,0.373,0.344,0.27,0.418,0.302,0.542,0.281,0.329
343,6.199998172182031,22.216,4.543,0.624,0.811,0.155,0.537,0.386,0.187,0.525,0.29,0.036,0.268,0.076,0.273,0.094,0.284
344,5.800000874803203,173.971,6.743,3.468,0.945,0.156,0.191,0.417,0.381,0.387,0.453,0.242,0.39,0.253,0.356,0.445,0.361
345,6.199998172182031,10.263,6.034,0.931,0.596,0.16,0.61,0.464,0.31,0.435,0.335,0.062,0.362,0.131,0.371,0.158,0.277
346,5.200000237109354,12.97,5.038,1.132,0.678,0.156,0.442,0.366,0.436,0.59,0.322,0.107,0.281,0.202,0.442,0.225,0.34
347,6.799998134593398,13.975,3.968,1.204,0.73,0.149,0.493,0.469,0.29,0.397,0.368,0.161,0.378,0.197,0.456,0.229,0.309
348,6.900008766455316,310.286,9.427,1.199,0.967,0.156,0.94,0.572,0.307,0.961,0.511,0.285,0.489,0.215,0.644,0.285,0.586
349,5.800000874803203,362.823,17.18,2.044,0.95,0.151,0.526,0.415,0.321,0.344,0.184,0.395,0.272,0.296,0.272,0.375,0.307
350,6.499996931948306,223.772,10.763,1.593,0.948,0.149,0.473,0.477,0.264,0.247,0.388,0.147,0.398,0.177,0.532,0.19,0.261
351,5.800000874803203,299.574,200.457,0.842,0.598,0.162,0.501,0.411,0.342,0.751,0.35,0.069,0.391,0.144,0.38,0.153,0.39
352,7.400007822415902,18.227,9.606,1.448,0.622,0.147,0.598,0.445,0.423,0.474,0.331,0.203,0.358,0.261,0.407,0.31,0.336
353,6.299997602857746,156.162,47.421,17.951,0.705,0.152,0.131,0.061,0.55,0.161,0.189,0.002,0.016,0.173,0.018,0.432,0.117
354,7.100015437450609,214.468,71.035,8.831,0.729,0.139,0.786,0.113,0.309,0.685,0.091,0.232,0.084,0.264,0.176,0.278,0.336
355,5.499999678657065,17.04,2.355,1.173,0.828,0.157,0.562,0.362,0.391,0.39,0.717,0.099,0.35,0.183,0.482,0.193,0.402
356,6.299997602857746,13.292,2.991,1.164,0.762,0.156,0.475,0.362,0.346,0.418,0.262,0.204,0.291,0.205,0.44,0.221,0.295
357,5.499999678657065,75.829,4.327,1.494,0.929,0.167,0.131,0.465,0.285,0.041,1.918,0.157,0.437,0.355,0.327,0.328,0.705
358,5.700000503883016,26.226,3.32,1.678,0.84,0.151,0.64,0.468,0.436,0.644,0.19,0.082,0.253,0.175,0.292,0.184,0.306
359,6.900008766455316,222.18,7.212,3.024,0.956,0.156,0.832,0.334,0.465,0.81,0.258,0.148,0.298,0.237,0.307,0.261,0.406
360,5.899998417198648,12.552,6.973,1.509,0.597,0.156,0.658,0.5,0.371,0.584,0.252,0.081,0.373,0.159,0.424,0.176,0.306
361,5.899998417198648,33.685,2.444,1.433,0.897,0.158,0.105,0.448,0.313,0.039,0.194,0.012,0.195,0.083,0.328,0.113,0.082
362,5.800000874803203,165.054,13.999,4.105,0.901,0.155,0.148,0.523,0.323,0.039,0.367,0.194,0.432,0.233,0.477,0.292,0.2
363,7.700057099977233,17.723,5.212,1.191,0.735,0.153,0.537,0.385,0.29,0.354,0.279,0.119,0.291,0.153,0.374,0.13,0.251
364,5.899998417198648,240.139,32.788,6.12,0.861,0.167,0.353,0.042,0.491,0.287,0.008,0.003,0.01,0.128,0.012,0.185,0.099
365,5.899998417198648,16.019,2.395,0.624,0.841,0.163,0.624,0.357,0.231,0.47,0.234,0.048,0.225,0.099,0.377,0.101,0.251
366,5.59999938302362,189.876,11.079,2.196,0.935,0.162,0.296,0.443,0.473,0.327,0.283,0.172,0.343,0.239,0.32,0.316,0.261
367,6.499996931948306,37.394,2.717,2.072,0.886,0.153,0.172,0.526,0.355,0.095,0.257,0.028,0.306,0.087,0.446,0.103,0.127
368,4.399999967876858,3.547,2.703,0.023,0.565,0.205,0.467,0.476,0.25,0.42,0.311,0.01,0.28,0.046,0.316,0.066,0.247
369,5.700000503883016,7.817,2.418,0.528,0.726,0.177,0.538,0.485,0.377,0.531,0.175,0.251,0.234,0.211,0.27,0.449,0.319
370,7.0,18.167,6.079,2.179,0.687,0.147,0.519,0.344,0.319,0.398,0.478,0.152,0.302,0.206,0.765,0.195,0.343
371,7.50003813440381,95.306,14.3,1.071,0.861,0.161,0.143,0.44,0.266,0.209,0.263,0.137,0.366,0.152,0.309,0.145,0.203
372,6.0,211.41,4.38,1.062,0.975,0.157,0.606,0.449,0.385,0.697,0.326,0.145,0.387,0.214,0.347,0.19,0.39
373,5.59999938302362,365.666,19.475,2.617,0.943,0.145,0.791,0.04,0.481,0.97,0.16,0.206,0.042,0.304,0.367,0.27,0.445
374,6.699991797446187,187.036,14.888,1.658,0.919,0.163,0.31,0.575,0.448,0.391,0.6,0.353,0.574,0.276,0.794,0.281,0.448
375,6.0999990348465305,102.009,13.063,4.962,0.85,0.151,0.129,0.565,0.384,0.146,0.513,0.199,0.527,0.289,0.582,0.284,0.286
378,7.0,8.522,4.118,1.97,0.583,0.166,0.581,0.459,0.375,0.805,0.513,0.345,0.31,0.33,1.002,0.267,0.555
379,6.0,14.405,4.635,2.23,0.677,0.153,0.518,0.33,0.304,0.385,0.591,0.152,0.205,0.356,0.264,0.437,0.376
380,4.70000006855703,6.793,3.139,0.5,0.651,0.174,0.515,0.487,0.318,0.343,0.223,0.065,0.275,0.129,0.374,0.149,0.21
381,4.200000030616179,8.009,1.942,0.624,0.757,0.171,0.503,0.519,0.392,0.535,0.164,0.064,0.265,0.142,0.31,0.189,0.254
382,5.59999938302362,199.507,7.975,2.212,0.951,0.159,0.59,0.472,0.442,0.644,0.345,0.145,0.399,0.233,0.389,0.26,0.378
383,5.59999938302362,251.915,5.832,2.754,0.967,0.146,0.859,0.448,0.476,0.895,0.235,0.157,0.3,0.231,0.301,0.283,0.429
384,7.599980364934842,29.262,3.541,1.095,0.863,0.147,0.584,0.343,0.401,0.528,0.436,0.132,0.321,0.2,0.615,0.225,0.365
385,5.499999678657065,49.37,5.413,1.614,0.875,0.139,0.582,0.482,0.358,0.409,0.294,0.136,0.355,0.187,0.36,0.257,0.28
386,5.40000018605658,165.687,9.122,1.385,0.94,0.16,0.18,0.511,0.219,0.247,0.286,0.12,0.356,0.148,0.351,0.187,0.217
387,5.899998417198648,104.012,13.746,3.018,0.861,0.146,0.088,0.433,0.373,0.103,0.412,0.164,0.442,0.217,0.541,0.266,0.227
388,6.599997654072044,358.563,6.656,0.977,0.979,0.153,0.819,0.375,0.31,0.862,0.22,0.125,0.294,0.201,0.345,0.249,0.402
389,8.100015437450608,248.456,8.157,1.506,0.963,0.156,0.837,0.527,0.463,0.866,0.457,0.115,0.41,0.194,0.563,0.255,0.479
390,7.0,284.571,9.036,0.793,0.967,0.151,0.48,0.369,0.406,0.522,0.188,0.224,0.202,0.247,0.289,0.207,0.311
391,5.499999678657065,426.023,13.476,2.442,0.964,0.149,0.703,0.352,0.381,0.694,0.206,0.221,0.239,0.254,0.299,0.22,0.374
393,7.50003813440381,14.163,3.296,0.829,0.774,0.168,0.53,0.358,0.248,1.57,0.232,0.058,0.306,0.114,0.377,0.13,0.62
394,6.900008766455316,12.424,3.447,2.721,0.668,0.151,0.476,0.499,0.343,0.433,0.311,0.132,0.322,0.192,0.475,0.207,0.292
396,8.400007822415901,373.843,156.727,0.666,0.704,0.162,0.624,0.305,0.315,0.614,0.11,0.199,0.175,0.169,0.135,0.391,0.308
397,5.899998417198648,72.618,44.915,9.072,0.574,0.147,0.099,0.068,0.517,0.036,0.007,0.317,0.021,0.365,0.028,0.396,0.12
398,7.0,200.936,102.541,0.277,0.662,0.179,0.187,0.233,0.503,1.79,0.225,0.14,0.284,0.292,0.12,0.232,0.718
399,6.799998134593398,25.785,10.966,2.788,0.652,0.159,0.039,0.518,0.387,0.07,0.008,0.003,0.044,0.116,0.171,0.167,0.027
400,5.200000237109354,13.624,3.172,0.799,0.774,0.163,0.598,0.414,0.355,0.494,0.27,0.074,0.279,0.146,0.42,0.159,0.28
401,6.0999990348465305,11.461,2.535,0.339,0.8,0.171,0.527,0.48,0.323,0.377,0.364,0.04,0.298,0.113,0.324,0.148,0.26
402,6.299997602857746,9.609,3.78,1.708,0.636,0.163,0.547,0.361,0.331,0.256,0.465,0.474,0.299,0.249,0.237,0.241,0.398
403,5.499999678657065,195.998,3.645,1.763,0.973,0.155,0.737,0.424,0.352,1.049,0.293,0.338,0.341,0.278,0.464,0.375,0.56
404,7.79997073344623,11.127,3.252,0.311,0.757,0.165,0.504,0.51,0.269,0.518,0.313,0.066,0.311,0.109,0.33,0.137,0.299
405,6.199998172182031,157.209,97.015,1.731,0.614,0.16,0.258,0.211,0.403,0.143,0.079,0.155,0.335,0.229,0.168,0.242,0.126
406,5.700000503883016,174.464,14.329,5.882,0.896,0.151,0.31,0.468,0.373,0.288,0.539,0.229,0.424,0.267,0.366,0.255,0.352
407,5.59999938302362,52.231,2.445,1.802,0.925,0.143,0.555,0.493,0.393,0.42,0.225,0.208,0.285,0.239,0.401,0.366,0.284
408,5.700000503883016,253.129,4.931,1.258,0.976,0.163,0.847,0.477,0.4,0.84,0.546,0.348,0.416,0.295,0.653,0.426,0.578
409,5.59999938302362,7.278,3.647,0.738,0.624,0.169,0.532,0.386,0.231,0.515,0.446,0.038,0.371,0.089,0.433,0.123,0.333
410,7.0,159.032,7.616,0.724,0.95,0.156,0.411,0.491,0.276,0.244,0.399,0.048,0.427,0.115,0.481,0.09,0.23
411,6.199998172182031,35.223,6.948,1.897,0.799,0.157,0.098,0.148,0.37,0.073,0.002,0.065,0.013,0.224,0.021,0.277,0.047
412,7.700057099977233,18.815,5.683,1.01,0.738,0.155,0.651,0.463,0.34,0.527,0.313,0.098,0.349,0.161,0.416,0.179,0.313
413,6.599997654072044,222.474,3.651,2.699,0.972,0.149,0.937,0.367,0.332,0.937,0.212,0.121,0.254,0.17,0.29,0.205,0.423
414,5.800000874803203,505.929,129.487,2.49,0.793,0.147,0.983,0.521,0.453,1.062,0.498,0.228,0.516,0.309,0.652,0.345,0.596
415,6.199998172182031,101.507,4.99,4.043,0.918,0.153,0.144,0.429,0.47,0.138,0.605,0.306,0.486,0.367,0.739,0.324,0.35
416,6.0999990348465305,13.624,4.127,1.188,0.719,0.158,0.519,0.433,0.381,0.547,0.398,0.101,0.343,0.169,0.35,0.211,0.349
417,5.499999678657065,166.599,2.912,0.169,0.982,0.172,0.807,0.42,0.125,0.849,0.418,0.017,0.35,0.03,0.235,0.053,0.428
418,6.599997654072044,12.616,2.977,1.072,0.757,0.163,0.558,0.428,0.338,0.442,0.245,0.357,0.278,0.247,0.274,0.335,0.348
419,5.300000202445418,204.887,7.299,1.764,0.958,0.153,0.637,0.391,0.323,0.627,0.478,0.118,0.461,0.16,0.501,0.224,0.408
420,4.300000029139088,108.729,6.612,0.894,0.935,0.172,0.202,0.482,0.381,0.16,0.554,0.256,0.494,0.225,0.698,0.44,0.323
421,6.599997654072044,14.109,4.496,1.42,0.705,0.152,0.63,0.489,0.455,0.476,0.417,0.215,0.461,0.267,0.475,0.306,0.37
422,5.499999678657065,100.132,5.733,2.402,0.925,0.161,0.143,0.445,0.259,0.039,0.536,0.337,0.309,0.345,0.308,0.479,0.304
423,6.199998172182031,204.57,128.194,3.023,0.609,0.136,0.533,0.386,0.39,0.559,0.321,0.289,0.349,0.302,0.29,0.378,0.39
424,5.499999678657065,139.634,5.619,3.588,0.938,0.153,0.174,0.409,0.512,0.331,0.35,0.349,0.379,0.397,0.354,0.452,0.343
425,4.499999953328896,41.578,2.622,0.562,0.929,0.179,0.059,0.488,0.446,0.004,0.239,0.012,0.292,0.168,0.364,0.266,0.085
427,5.700000503883016,339.281,105.895,2.567,0.758,0.164,0.446,0.422,0.389,0.412,0.402,0.244,0.43,0.238,0.371,0.23,0.353
428,7.199970640755866,400.61,166.023,2.093,0.704,0.145,0.516,0.693,0.332,0.527,0.641,0.173,0.637,0.225,0.839,0.223,0.447
429,5.800000874803203,6.033,4.754,1.323,0.498,0.158,0.601,0.429,0.385,0.409,0.329,0.099,0.378,0.184,0.501,0.19,0.279
430,6.0999990348465305,53.118,15.589,1.26,0.759,0.16,0.063,0.567,0.342,0.536,0.002,0.176,0.523,0.209,0.576,0.252,0.238
431,6.399996913372259,22.709,4.423,0.605,0.819,0.155,0.557,0.388,0.216,0.426,0.269,0.055,0.275,0.094,0.408,0.108,0.25
432,5.300000202445418,318.327,4.445,1.872,0.981,0.154,0.719,0.397,0.306,0.773,0.34,0.097,0.323,0.162,0.439,0.154,0.403
433,6.199998172182031,250.549,8.184,1.656,0.962,0.169,0.664,0.316,0.391,0.582,0.418,0.188,0.227,0.233,0.649,0.346,0.396
434,4.900000142057633,9.918,2.828,0.485,0.75,0.169,0.493,0.449,0.31,0.407,0.21,0.073,0.254,0.141,0.357,0.156,0.23
435,5.499999678657065,523.296,158.946,140.41,0.636,0.152,0.61,0.398,0.317,0.753,0.529,0.103,0.556,0.139,0.476,0.189,0.462
437,5.899998417198648,227.874,115.219,1.913,0.66,0.168,0.543,0.548,0.457,0.474,0.48,0.289,0.43,0.303,0.274,0.377,0.414
438,6.0,230.34,10.588,2.073,0.948,0.164,0.266,0.484,0.409,0.376,0.409,0.203,0.48,0.251,0.514,0.369,0.329
439,5.700000503883016,40.186,13.416,2.625,0.715,0.149,0.382,0.037,0.389,0.438,0.001,0.158,0.006,0.231,0.011,0.303,0.199
440,6.599997654072044,484.053,16.171,2.442,0.963,0.147,0.83,0.581,0.45,0.88,0.557,0.221,0.587,0.298,0.647,0.341,0.552
441,6.0,227.446,2.635,0.816,0.985,0.183,0.951,0.379,0.409,1.031,0.377,0.22,0.262,0.232,0.259,0.217,0.543
442,6.0999990348465305,253.699,141.762,1.296,0.639,0.172,0.412,0.899,0.387,0.336,0.372,0.22,0.578,0.247,0.436,0.379,0.309
443,6.199998172182031,138.213,4.773,0.317,0.964,0.167,0.296,0.321,0.422,0.301,0.181,0.076,0.209,0.174,0.193,0.217,0.186
444,5.700000503883016,195.291,4.56,0.26,0.976,0.183,0.376,0.413,0.38,0.108,0.276,0.837,0.328,0.287,0.356,0.322,0.407
445,5.800000874803203,197.28,74.519,1.944,0.721,0.151,0.817,0.117,0.291,0.879,0.068,0.48,0.103,0.277,0.088,0.259,0.476
446,4.200000030616179,4.327,2.774,0.2,0.593,0.188,0.436,0.518,0.138,0.599,0.147,0.006,0.263,0.028,0.348,0.045,0.251
447,5.200000237109354,7.923,2.945,0.644,0.688,0.174,0.614,0.545,0.466,0.603,0.211,0.088,0.301,0.195,0.34,0.161,0.301
448,5.0,228.039,11.529,0.299,0.951,0.179,0.891,0.6,0.415,0.887,0.515,0.183,0.583,0.199,0.522,0.203,0.528
449,7.400007822415902,13.343,3.332,1.25,0.744,0.158,0.61,0.402,0.428,0.463,0.54,0.166,0.396,0.228,0.491,0.174,0.39
450,7.79997073344623,18.316,2.694,1.818,0.802,0.16,0.609,0.408,0.518,0.552,0.184,0.194,0.247,0.256,0.289,0.363,0.31
451,7.0,6.889,4.338,0.709,0.577,0.174,0.576,0.477,0.291,0.588,0.311,0.055,0.32,0.112,0.5,0.146,0.318
452,6.0999990348465305,213.811,122.325,3.479,0.63,0.158,0.509,0.203,0.352,0.674,0.182,0.544,0.15,0.352,0.207,0.444,0.467
454,7.50003813440381,12.74,5.187,0.581,0.688,0.157,0.558,0.483,0.316,0.373,0.405,0.15,0.398,0.171,0.347,0.325,0.309
455,5.40000018605658,20.601,4.698,0.593,0.796,0.157,0.541,0.414,0.339,0.485,0.183,0.112,0.261,0.158,0.277,0.191,0.26
456,6.799998134593398,22.624,1.958,1.261,0.875,0.159,0.602,0.531,0.475,0.591,0.281,0.223,0.309,0.271,0.582,0.264,0.365
457,6.399996913372259,14.282,2.404,0.287,0.841,0.172,0.597,0.529,0.227,0.667,0.191,0.213,0.274,0.164,0.35,0.099,0.357
458,6.299997602857746,19.069,3.29,0.888,0.82,0.157,0.572,0.474,0.262,0.605,0.366,0.137,0.337,0.161,0.38,0.139,0.369
459,5.800000874803203,206.424,5.539,1.911,0.965,0.16,0.818,0.295,0.303,1.125,0.218,0.137,0.165,0.195,0.153,0.173,0.493
460,6.0999990348465305,55.902,20.71,0.35,0.726,0.167,0.036,0.586,0.497,0.907,0.001,0.074,0.642,0.304,0.675,0.391,0.327
461,5.300000202445418,18.356,3.17,1.51,0.797,0.157,0.56,0.366,0.35,0.411,0.244,0.103,0.276,0.169,0.355,0.153,0.253
462,7.79997073344623,226.332,5.548,1.431,0.97,0.153,0.844,0.536,0.388,0.829,0.375,0.157,0.398,0.21,0.377,0.217,0.454
463,7.50003813440381,78.689,12.675,2.668,0.837,0.151,0.12,0.527,0.305,0.093,0.554,0.346,0.476,0.27,0.451,0.347,0.331
464,5.499999678657065,16.979,3.969,0.51,0.791,0.157,0.51,0.445,0.279,0.803,0.476,0.264,0.36,0.176,0.403,0.228,0.514
465,7.100015437450609,245.023,8.61,3.982,0.951,0.153,0.561,0.236,0.424,0.517,0.137,0.206,0.176,0.234,0.171,0.306,0.286
466,6.0999990348465305,12.192,4.474,2.429,0.639,0.151,0.568,0.48,0.403,0.558,0.553,0.141,0.477,0.207,0.55,0.147,0.417
467,4.800000052738446,269.199,3.493,0.888,0.984,0.175,0.59,0.49,0.434,0.472,0.353,0.147,0.347,0.212,0.311,0.323,0.324
468,5.200000237109354,133.713,36.966,1.183,0.778,0.151,0.214,0.16,0.431,0.313,0.027,0.206,0.056,0.255,0.064,0.339,0.182
469,8.0,9.581,3.195,0.256,0.735,0.169,0.499,0.503,0.181,1.059,0.222,0.024,0.303,0.059,0.318,0.071,0.435
470,6.0,37.069,2.876,1.076,0.904,0.148,0.56,0.397,0.308,0.592,0.439,0.142,0.299,0.16,0.762,0.238,0.391
471,8.599980364934842,13.59,6.172,0.849,0.659,0.153,0.581,0.539,0.33,0.537,0.349,0.096,0.395,0.157,0.441,0.167,0.328
472,4.100000018985305,153.902,3.018,0.5,0.978,0.169,0.401,0.417,0.328,0.425,0.337,0.107,0.319,0.171,0.523,0.195,0.29
473,5.899998417198648,247.927,26.993,3.104,0.892,0.157,0.816,0.034,0.482,0.908,0.007,0.002,0.009,0.077,0.014,0.143,0.305
474,5.59999938302362,33.866,12.249,0.149,0.732,0.168,0.052,0.526,0.324,0.141,0.367,0.059,0.409,0.115,0.104,0.175,0.189
475,8.0,267.533,62.21,1.557,0.808,0.152,0.661,0.122,0.445,0.777,0.393,0.248,0.145,0.288,0.756,0.321,0.473
476,8.400007822415901,12.606,3.584,0.41,0.759,0.164,0.552,0.443,0.234,0.538,0.322,0.28,0.315,0.175,0.432,0.206,0.38
477,5.899998417198648,36.035,15.091,2.292,0.675,0.149,0.031,0.451,0.429,0.089,0.005,0.009,0.164,0.141,0.396,0.209,0.034
479,5.800000874803203,25.115,22.913,3.129,0.491,0.147,0.049,0.064,0.423,0.016,0.004,0.063,0.015,0.23,0.028,0.318,0.028
480,4.100000018985305,45.124,7.486,0.109,0.856,0.185,0.058,0.525,0.22,0.135,0.188,0.015,0.316,0.051,0.439,0.099,0.113
481,7.899974269892137,92.791,12.613,5.105,0.84,0.151,0.132,0.445,0.414,0.076,0.455,0.316,0.421,0.368,0.47,0.439,0.282
482,6.0,10.795,3.742,0.308,0.727,0.165,0.564,0.511,0.464,0.494,0.285,0.179,0.336,0.259,0.303,0.219,0.319
483,5.40000018605658,212.676,4.772,0.865,0.974,0.174,0.977,0.445,0.3,0.991,0.172,0.08,0.253,0.134,0.287,0.129,0.414
484,7.0,18.421,3.015,0.85,0.827,0.159,0.588,0.365,0.42,0.432,0.679,0.137,0.358,0.249,0.432,0.294,0.416
485,5.700000503883016,398.802,12.944,6.465,0.954,0.14,0.95,0.536,0.557,0.936,0.375,0.508,0.441,0.502,0.504,0.491,0.606
486,6.399996913372259,116.436,2.48,0.497,0.975,0.156,0.254,0.461,0.192,0.073,0.213,0.029,0.264,0.065,0.376,0.076,0.105
487,7.0,25.699,3.105,0.773,0.869,0.151,0.531,0.303,0.251,0.436,0.469,0.072,0.308,0.118,0.432,0.097,0.326
488,7.50003813440381,10.913,5.42,1.097,0.626,0.154,0.461,0.395,0.288,0.336,0.456,0.133,0.366,0.135,0.726,0.312,0.308
489,5.200000237109354,132.348,11.652,0.926,0.913,0.163,0.201,0.606,0.411,0.402,0.332,0.097,0.435,0.183,0.424,0.234,0.277
490,5.700000503883016,164.643,8.311,1.979,0.941,0.146,0.3,0.46,0.514,0.436,0.345,0.198,0.444,0.292,0.434,0.347,0.326
491,6.499996931948306,251.156,11.392,2.538,0.947,0.146,0.935,0.445,0.251,0.889,0.387,0.118,0.349,0.147,0.284,0.185,0.465
492,7.50003813440381,221.056,48.242,1.638,0.816,0.156,0.921,0.068,0.405,0.893,0.005,0.06,0.015,0.205,0.023,0.218,0.319
493,6.399996913372259,254.967,8.632,0.959,0.964,0.163,0.375,0.45,0.305,0.368,0.376,0.069,0.343,0.127,0.41,0.16,0.271
494,5.300000202445418,58.378,19.179,5.497,0.703,0.142,0.074,0.613,0.432,0.107,0.003,0.314,0.041,0.381,0.267,0.32,0.141
495,6.199998172182031,261.286,20.127,4.551,0.914,0.145,0.473,0.505,0.421,0.346,0.451,0.273,0.483,0.316,0.509,0.371,0.357
496,7.899974269892137,194.588,6.201,1.24,0.963,0.16,0.407,0.353,0.446,0.369,0.105,0.362,0.177,0.312,0.178,0.264,0.279
497,5.300000202445418,9.531,2.941,0.944,0.71,0.168,0.549,0.516,0.398,0.545,0.443,0.289,0.348,0.26,0.636,0.346,0.426
499,5.499999678657065,462.196,71.851,6.469,0.855,0.145,0.985,0.082,0.432,0.987,0.008,0.043,0.021,0.24,0.032,0.312,0.346
500,8.599980364934842,17.533,5.863,2.415,0.679,0.146,0.62,0.446,0.265,0.595,0.339,0.117,0.381,0.144,0.461,0.209,0.351
501,6.699991797446187,303.279,3.993,0.92,0.984,0.156,0.872,0.368,0.311,1.014,0.253,0.102,0.282,0.159,0.39,0.16,0.457
502,8.500038134403809,21.131,6.674,1.561,0.72,0.146,0.63,0.477,0.349,0.513,0.265,0.205,0.367,0.227,0.389,0.333,0.328
503,5.59999938302362,152.61,3.948,2.723,0.958,0.171,0.256,0.409,0.321,0.055,0.706,0.25,0.435,0.232,0.693,0.162,0.337
504,8.199970640755867,17.213,4.634,0.351,0.775,0.155,0.573,0.46,0.26,0.475,0.287,0.2,0.352,0.136,0.377,0.24,0.321
505,5.59999938302362,10.054,2.424,0.76,0.759,0.167,0.524,0.407,0.263,0.669,0.305,0.033,0.291,0.088,0.466,0.118,0.336
506,6.199998172182031,10.275,4.293,1.681,0.632,0.155,0.456,0.513,0.386,0.357,0.471,0.123,0.447,0.207,0.57,0.198,0.317
507,5.200000237109354,378.788,8.431,2.024,0.973,0.155,0.982,0.326,0.473,0.999,0.411,0.208,0.366,0.271,0.564,0.313,0.539
508,7.899974269892137,335.433,117.416,8.501,0.727,0.156,0.596,0.16,0.291,0.804,0.315,0.09,0.18,0.15,0.1,0.163,0.403
509,6.699991797446187,117.716,5.38,1.537,0.945,0.171,0.143,0.473,0.434,0.34,0.373,0.132,0.455,0.212,0.54,0.278,0.281
510,5.499999678657065,235.142,2.848,2.057,0.98,0.164,0.955,0.353,0.489,0.922,0.764,0.245,0.445,0.273,0.463,0.332,0.644
511,5.300000202445418,57.276,2.351,1.1,0.943,0.142,0.541,0.431,0.502,0.369,0.204,0.11,0.248,0.223,0.364,0.263,0.228
512,6.0999990348465305,12.269,3.22,0.516,0.767,0.171,0.563,0.396,0.369,0.375,0.311,0.113,0.273,0.164,0.332,0.322,0.266
513,6.299997602857746,40.215,17.891,1.938,0.67,0.15,0.092,0.329,0.362,0.212,0.002,0.239,0.017,0.268,0.04,0.253,0.151
514,5.700000503883016,7.63,5.957,1.393,0.509,0.158,0.443,0.352,0.25,0.526,0.39,0.044,0.309,0.101,0.418,0.103,0.32
515,5.800000874803203,97.889,9.853,3.867,0.877,0.151,0.101,0.421,0.518,0.101,0.396,0.278,0.409,0.34,0.402,0.306,0.258
516,5.200000237109354,7.469,2.04,0.014,0.784,0.188,0.582,0.532,0.426,0.714,0.178,0.117,0.309,0.167,0.45,0.207,0.336
518,6.0999990348465305,249.698,114.345,7.507,0.672,0.156,0.691,0.208,0.276,0.847,0.118,0.286,0.193,0.24,0.23,0.488,0.417
519,6.399996913372259,18.095,3.174,0.956,0.814,0.158,0.58,0.412,0.357,0.525,0.504,0.111,0.371,0.199,0.5,0.23,0.38
520,5.59999938302362,394.398,15.23,2.713,0.956,0.141,0.829,0.614,0.391,1.051,0.494,0.194,0.521,0.251,0.467,0.281,0.58
521,5.499999678657065,20.483,4.161,0.266,0.822,0.157,0.572,0.398,0.196,0.41,0.302,0.053,0.301,0.081,0.387,0.084,0.255
522,4.300000029139088,5.211,2.214,0.496,0.658,0.183,0.533,0.519,0.302,0.341,0.421,0.061,0.46,0.105,0.339,0.142,0.274
524,6.699991797446187,104.362,3.229,2.14,0.951,0.151,0.215,0.48,0.458,0.21,0.331,0.235,0.377,0.277,0.46,0.315,0.259
525,6.0,369.225,5.627,3.063,0.977,0.155,0.62,0.388,0.454,0.71,0.344,0.35,0.334,0.281,0.351,0.306,0.468
526,6.900008766455316,291.337,171.012,146.962,0.478,0.154,0.878,0.376,0.212,0.925,0.203,0.147,0.18,0.216,0.257,0.169,0.425
527,5.700000503883016,208.161,3.963,1.101,0.976,0.156,0.957,0.308,0.326,1.02,0.416,0.201,0.314,0.224,0.628,0.298,0.546
528,6.399996913372259,10.358,5.524,2.857,0.553,0.15,0.448,0.456,0.328,0.412,0.184,0.135,0.259,0.187,0.345,0.224,0.244
529,4.70000006855703,253.519,101.242,2.441,0.71,0.174,0.651,0.315,0.412,0.588,0.18,0.211,0.266,0.272,0.219,0.27,0.326
530,6.0999990348465305,10.657,8.422,1.484,0.518,0.149,0.464,0.489,0.364,0.675,0.488,0.181,0.484,0.194,0.393,0.213,0.448
531,5.300000202445418,13.904,4.95,1.64,0.678,0.154,0.565,0.511,0.386,0.569,0.403,0.148,0.38,0.217,0.421,0.319,0.373
532,6.0,71.876,18.856,4.897,0.752,0.15,0.046,0.504,0.425,0.084,0.002,0.199,0.127,0.241,0.327,0.295,0.095
533,7.0,7.018,3.537,0.629,0.628,0.172,0.56,0.548,0.318,0.724,0.304,0.299,0.324,0.31,0.317,0.33,0.442
534,4.0,122.336,2.092,1.542,0.971,0.181,0.268,0.321,0.278,0.19,0.377,0.117,0.239,0.317,0.209,0.148,0.228
535,5.300000202445418,267.349,17.191,2.369,0.932,0.153,0.248,0.523,0.378,0.136,0.352,0.282,0.457,0.259,0.541,0.333,0.257
536,8.400007822415901,46.0,18.592,5.044,0.661,0.151,0.065,0.602,0.394,0.117,0.586,0.228,0.634,0.283,0.056,0.336,0.31
537,5.499999678657065,7.631,3.368,1.101,0.631,0.169,0.5,0.406,0.277,0.678,0.364,0.133,0.292,0.148,0.317,0.284,0.392
538,5.59999938302362,10.283,1.787,0.414,0.824,0.177,0.561,0.552,0.449,0.546,0.209,0.071,0.268,0.176,0.388,0.226,0.275
540,5.700000503883016,20.01,5.053,0.82,0.773,0.156,0.578,0.428,0.266,0.465,0.194,0.054,0.277,0.11,0.301,0.105,0.238
541,5.59999938302362,22.157,4.431,1.678,0.784,0.147,0.506,0.38,0.36,0.265,0.426,0.128,0.363,0.194,0.609,0.229,0.273
542,5.59999938302362,244.828,7.673,4.676,0.952,0.15,0.906,0.277,0.35,1.024,0.447,0.108,0.236,0.182,0.675,0.154,0.526
543,6.900008766455316,15.975,3.177,1.831,0.761,0.156,0.592,0.494,0.394,0.535,0.205,0.152,0.293,0.221,0.308,0.266,0.297
544,7.899974269892137,14.143,4.079,1.213,0.728,0.153,0.514,0.476,0.388,0.449,0.29,0.119,0.32,0.189,0.432,0.211,0.286
545,7.599980364934842,9.017,4.186,0.162,0.675,0.168,0.561,0.548,0.213,0.546,0.363,0.147,0.375,0.124,0.47,0.079,0.352
546,5.40000018605658,12.585,7.136,2.686,0.562,0.139,0.42,0.492,0.41,0.294,0.291,0.237,0.338,0.264,0.389,0.327,0.274
547,6.299997602857746,11.626,3.314,1.768,0.696,0.161,0.596,0.374,0.523,0.508,0.336,0.15,0.324,0.237,0.26,0.301,0.331
548,6.299997602857746,188.909,9.997,0.73,0.946,0.155,0.607,0.427,0.406,0.463,0.475,0.194,0.379,0.243,0.347,0.182,0.377
549,7.700057099977233,9.207,4.014,1.617,0.621,0.155,0.583,0.476,0.51,0.321,0.396,0.203,0.376,0.285,0.52,0.41,0.307
550,7.79997073344623,355.428,287.711,105.095,0.475,0.151,0.928,0.457,0.277,0.915,0.432,0.114,0.489,0.173,0.531,0.208,0.487
552,5.800000874803203,282.74,26.099,0.953,0.913,0.15,0.976,0.6,0.339,1.101,0.403,0.202,0.51,0.205,0.431,0.259,0.569
553,8.199970640755867,224.401,5.886,0.738,0.971,0.172,0.956,0.378,0.257,0.872,0.22,0.137,0.229,0.154,0.223,0.407,0.409
554,5.300000202445418,155.901,3.12,2.905,0.963,0.16,0.342,0.357,0.35,0.232,0.654,0.127,0.416,0.23,0.427,0.28,0.338
555,5.899998417198648,12.954,5.053,0.717,0.692,0.161,0.587,0.472,0.381,0.332,0.333,0.088,0.322,0.171,0.258,0.244,0.251
556,6.0999990348465305,22.857,2.074,1.542,0.863,0.152,0.571,0.385,0.413,0.482,0.491,0.112,0.293,0.215,0.405,0.211,0.362
557,6.199998172182031,399.81,3.542,2.934,0.984,0.16,0.978,0.38,0.468,0.951,0.246,0.207,0.306,0.268,0.346,0.287,0.468
558,7.199970640755866,24.478,4.375,0.589,0.831,0.151,0.579,0.407,0.362,0.443,0.171,0.207,0.268,0.206,0.312,0.185,0.274
559,5.700000503883016,15.88,3.577,1.814,0.747,0.154,0.532,0.311,0.47,0.513,0.197,0.2,0.217,0.261,0.274,0.275,0.303
560,5.499999678657065,4.153,2.328,0.015,0.639,0.2,0.532,0.483,0.379,1.61,0.171,0.228,0.319,0.347,0.381,0.283,0.67
561,5.300000202445418,7.185,1.748,0.014,0.803,0.193,0.562,0.451,0.235,0.34,0.252,0.007,0.259,0.043,0.259,0.058,0.2
562,8.0,17.047,3.019,1.718,0.783,0.159,0.563,0.389,0.358,0.688,0.146,0.211,0.237,0.207,0.305,0.273,0.349
564,6.499996931948306,11.596,4.231,0.874,0.694,0.165,0.618,0.471,0.302,0.38,0.372,0.048,0.35,0.115,0.259,0.146,0.267
565,5.40000018605658,190.654,122.88,4.574,0.599,0.175,0.41,0.542,0.43,0.409,0.332,0.455,0.684,0.503,0.657,0.425,0.399
566,5.59999938302362,169.925,4.631,3.389,0.955,0.147,0.935,0.502,0.411,1.02,0.208,0.158,0.294,0.256,0.31,0.247,0.462
567,6.0999990348465305,15.467,2.23,0.598,0.845,0.164,0.564,0.385,0.368,0.365,0.494,0.112,0.301,0.166,0.367,0.201,0.323
568,6.599997654072044,230.0,68.897,5.744,0.755,0.171,0.235,0.235,0.43,0.44,0.078,0.267,0.131,0.354,0.147,0.427,0.261
569,8.100015437450608,216.61,14.134,1.572,0.932,0.16,0.535,0.592,0.349,0.655,0.368,0.186,0.473,0.221,0.457,0.195,0.403
570,7.0,10.002,7.365,0.904,0.547,0.149,0.495,0.489,0.424,0.456,0.455,0.157,0.455,0.204,0.568,0.283,0.356
571,6.900008766455316,7.976,4.135,0.24,0.646,0.171,0.494,0.472,0.248,0.524,0.207,0.034,0.271,0.086,0.359,0.102,0.255
572,5.300000202445418,11.184,5.221,2.153,0.603,0.147,0.569,0.406,0.378,0.527,0.441,0.115,0.376,0.202,0.66,0.191,0.361
573,8.599980364934842,13.584,5.173,0.828,0.694,0.16,0.597,0.466,0.27,0.491,0.245,0.164,0.337,0.158,0.306,0.286,0.3
574,6.199998172182031,143.217,6.347,1.516,0.948,0.153,0.301,0.515,0.327,0.27,0.46,0.079,0.393,0.143,0.484,0.175,0.27
575,4.499999953328896,259.687,2.536,0.039,0.99,0.204,0.973,0.524,0.403,1.056,0.262,0.061,0.352,0.154,0.427,0.111,0.46
576,6.499996931948306,7.809,3.793,0.32,0.655,0.172,0.6,0.419,0.235,0.442,0.595,0.043,0.412,0.096,0.351,0.123,0.36
577,6.299997602857746,18.98,2.629,0.403,0.862,0.162,0.526,0.438,0.246,0.555,0.172,0.038,0.233,0.083,0.27,0.097,0.255
578,7.700057099977233,120.112,5.602,1.381,0.945,0.153,0.119,0.458,0.427,0.083,0.357,0.148,0.336,0.221,0.482,0.229,0.196
579,5.300000202445418,143.927,20.969,1.382,0.866,0.156,0.12,0.485,0.372,0.395,0.29,0.133,0.385,0.181,0.403,0.283,0.273
580,6.299997602857746,365.432,16.157,1.937,0.953,0.153,0.519,0.478,0.325,0.339,0.46,0.197,0.47,0.218,0.555,0.222,0.332
581,8.400007822415901,25.571,6.154,0.902,0.784,0.152,0.593,0.414,0.272,0.469,0.41,0.131,0.362,0.165,0.407,0.236,0.337
582,7.100015437450609,10.934,2.488,0.701,0.774,0.167,0.606,0.438,0.247,0.355,0.24,0.033,0.3,0.09,0.359,0.102,0.209
583,6.299997602857746,29.865,3.688,2.502,0.828,0.146,0.584,0.481,0.478,0.497,0.377,0.173,0.324,0.356,0.337,0.431,0.349
584,5.700000503883016,163.897,3.989,1.923,0.965,0.153,0.619,0.411,0.345,0.53,0.246,0.137,0.282,0.222,0.317,0.222,0.305
585,5.200000237109354,468.701,128.628,43.299,0.732,0.151,0.75,0.296,0.201,0.878,0.597,0.128,0.333,0.216,0.496,0.113,0.534
587,6.399996913372259,318.422,9.284,1.969,0.966,0.152,0.957,0.391,0.482,1.004,0.28,0.334,0.337,0.304,0.379,0.382,0.539
588,7.199970640755866,222.032,8.944,1.937,0.953,0.159,0.27,0.386,0.485,0.205,0.515,0.15,0.487,0.233,0.475,0.335,0.29
589,4.600000074606178,12.602,2.819,0.307,0.801,0.171,0.586,0.542,0.447,0.421,0.253,0.107,0.315,0.192,0.298,0.241,0.26
590,5.700000503883016,441.74,10.81,3.108,0.969,0.152,0.784,0.513,0.448,0.731,0.489,0.377,0.464,0.359,0.661,0.43,0.532
591,6.900008766455316,11.108,6.212,0.355,0.628,0.161,0.538,0.483,0.31,0.383,0.289,0.067,0.314,0.129,0.303,0.164,0.247
592,8.100015437450608,11.884,4.972,0.279,0.694,0.16,0.544,0.523,0.261,0.495,0.473,0.508,0.415,0.205,0.586,0.688,0.492
593,5.40000018605658,276.76,113.125,2.325,0.706,0.156,0.401,0.198,0.447,0.492,0.149,0.231,0.184,0.267,0.202,0.395,0.29
594,8.299988937677888,242.311,13.957,1.977,0.938,0.16,0.464,0.495,0.345,0.823,0.207,0.102,0.362,0.175,0.366,0.228,0.377
595,5.800000874803203,196.284,4.445,1.526,0.97,0.153,0.891,0.465,0.427,0.967,0.349,0.098,0.362,0.189,0.519,0.207,0.471
596,6.0999990348465305,219.938,1.878,0.616,0.989,0.174,0.922,0.491,0.357,0.801,0.2,0.226,0.281,0.215,0.328,0.137,0.409
597,7.100015437450609,127.327,5.301,0.447,0.957,0.172,0.271,0.444,0.378,0.22,0.283,0.076,0.288,0.126,0.31,0.137,0.193
598,5.40000018605658,274.06,69.024,0.44,0.798,0.188,0.942,0.128,0.51,1.113,0.117,0.202,0.073,0.273,0.13,0.265,0.477
599,6.799998134593398,303.245,8.843,4.906,0.957,0.159,0.814,0.426,0.462,0.91,0.357,0.407,0.327,0.315,0.372,0.292,0.558
600,6.499996931948306,178.85,3.101,0.215,0.982,0.177,0.834,0.508,0.272,0.844,0.323,0.049,0.348,0.098,0.531,0.092,0.406
601,8.100015437450608,286.855,5.661,1.133,0.977,0.16,0.972,0.494,0.434,0.988,0.391,0.168,0.425,0.212,0.501,0.305,0.516
602,5.300000202445418,186.463,21.516,3.426,0.882,0.15,0.152,0.422,0.324,0.072,0.351,0.174,0.379,0.225,0.512,0.185,0.199
603,8.400007822415901,188.115,30.242,1.688,0.855,0.151,0.168,0.083,0.385,0.154,0.153,0.282,0.087,0.304,0.031,0.19,0.196
604,5.200000237109354,12.928,3.261,2.129,0.706,0.154,0.676,0.357,0.393,0.541,0.196,0.274,0.258,0.275,0.311,0.345,0.337
605,5.40000018605658,217.885,7.382,0.861,0.964,0.165,0.935,0.435,0.357,0.851,0.292,0.102,0.248,0.155,0.367,0.167,0.415
606,6.900008766455316,12.179,4.42,0.434,0.715,0.162,0.53,0.401,0.294,0.381,0.362,0.036,0.318,0.092,0.278,0.117,0.26
607,6.799998134593398,7.458,4.325,1.403,0.566,0.163,0.442,0.409,0.378,0.341,0.319,0.12,0.315,0.191,0.416,0.21,0.26
608,7.199970640755866,105.127,38.335,1.803,0.724,0.139,0.204,0.606,0.377,0.152,0.254,0.207,0.521,0.254,0.335,0.246,0.204
609,6.199998172182031,8.718,3.75,2.019,0.602,0.159,0.506,0.483,0.489,0.681,0.19,0.214,0.275,0.328,0.304,0.414,0.362
610,7.0,21.736,2.312,1.125,0.863,0.157,0.568,0.423,0.358,0.674,0.219,0.337,0.258,0.262,0.324,0.56,0.41
611,7.0,31.073,5.077,1.48,0.826,0.159,0.07,0.278,0.403,0.024,0.004,0.102,0.031,0.324,0.133,0.301,0.044
612,6.900008766455316,102.69,3.377,2.005,0.95,0.174,0.216,0.472,0.412,0.151,0.624,0.17,0.508,0.233,0.355,0.388,0.315
613,7.400007822415902,285.934,10.478,0.313,0.964,0.163,0.956,0.558,0.244,0.886,0.319,0.3,0.454,0.173,0.35,0.307,0.502
614,4.399999967876858,7.529,2.618,0.93,0.68,0.171,0.531,0.531,0.486,0.416,0.261,0.099,0.326,0.21,0.453,0.205,0.259
615,5.59999938302362,12.903,2.9,0.689,0.782,0.158,0.565,0.429,0.307,0.612,0.443,0.037,0.385,0.104,0.544,0.13,0.364
616,5.300000202445418,17.349,3.999,0.811,0.783,0.156,0.642,0.503,0.285,0.543,0.385,0.071,0.353,0.129,0.386,0.177,0.333
617,6.0999990348465305,133.097,11.851,3.2,0.898,0.149,0.127,0.584,0.351,0.044,0.577,0.188,0.604,0.232,0.607,0.299,0.269
618,5.700000503883016,154.822,18.79,0.71,0.888,0.156,0.34,0.544,0.242,0.358,0.406,0.084,0.421,0.125,0.487,0.137,0.283
619,5.499999678657065,151.803,3.589,1.911,0.965,0.154,0.379,0.443,0.416,0.385,0.233,0.267,0.331,0.286,0.438,0.289,0.295
620,7.599980364934842,10.711,4.225,0.537,0.692,0.163,0.578,0.555,0.321,0.425,0.689,0.348,0.443,0.239,0.974,0.304,0.487
621,5.899998417198648,18.995,5.204,0.837,0.759,0.159,0.464,0.37,0.292,0.462,0.171,0.069,0.23,0.128,0.272,0.125,0.234
622,4.399999967876858,8.635,4.032,0.183,0.672,0.177,0.485,0.434,0.286,0.261,0.292,0.135,0.305,0.158,0.321,0.126,0.229
623,4.399999967876858,5.675,2.827,0.011,0.667,0.188,0.532,0.522,0.348,0.879,0.197,0.083,0.341,0.156,0.395,0.161,0.386
625,6.399996913372259,11.879,3.109,0.435,0.77,0.168,0.49,0.413,0.36,1.407,0.174,0.099,0.235,0.17,0.467,0.272,0.56
626,7.50003813440381,7.517,3.302,0.28,0.677,0.177,0.573,0.551,0.461,0.817,0.169,0.278,0.241,0.363,0.29,0.463,0.421
627,6.199998172182031,107.233,4.45,1.93,0.944,0.157,0.291,0.383,0.417,0.431,0.306,0.219,0.338,0.275,0.38,0.332,0.318
628,5.300000202445418,123.461,8.876,0.719,0.928,0.154,0.341,0.427,0.393,0.403,0.271,0.133,0.314,0.195,0.339,0.244,0.269
629,5.499999678657065,13.906,1.773,0.268,0.872,0.172,0.52,0.533,0.453,1.103,0.179,0.034,0.287,0.154,0.436,0.188,0.439
630,5.499999678657065,223.404,16.654,2.067,0.923,0.161,0.231,0.46,0.381,0.28,0.212,0.322,0.338,0.304,0.321,0.29,0.271
631,6.799998134593398,15.427,2.533,0.266,0.846,0.165,0.557,0.361,0.197,0.288,0.265,0.037,0.249,0.062,0.401,0.068,0.196
632,5.499999678657065,278.374,5.473,1.897,0.974,0.147,0.857,0.488,0.393,0.835,0.447,0.181,0.422,0.248,0.559,0.267,0.488
633,7.50003813440381,31.85,3.196,1.478,0.872,0.147,0.605,0.32,0.409,0.435,0.178,0.168,0.193,0.241,0.317,0.27,0.26
634,8.599980364934842,9.325,6.973,0.362,0.56,0.157,0.498,0.484,0.38,0.405,0.385,0.19,0.397,0.218,0.471,0.173,0.327
635,7.79997073344623,14.391,2.789,0.364,0.82,0.164,0.544,0.469,0.285,0.645,0.165,0.334,0.258,0.198,0.229,0.254,0.382
636,5.899998417198648,9.945,3.314,0.722,0.711,0.164,0.541,0.48,0.261,0.448,0.259,0.054,0.301,0.11,0.352,0.116,0.253
638,7.599980364934842,197.37,2.643,1.513,0.979,0.154,0.29,0.424,0.305,0.156,0.499,0.12,0.295,0.26,0.396,0.319,0.258
639,5.700000503883016,14.911,2.776,1.028,0.797,0.164,0.584,0.385,0.403,0.373,0.345,0.088,0.278,0.176,0.532,0.17,0.268
640,6.399996913372259,16.989,3.096,2.255,0.76,0.154,0.642,0.44,0.392,0.482,0.357,0.117,0.355,0.214,0.475,0.214,0.319
642,5.200000237109354,5.81,3.874,1.555,0.517,0.168,0.478,0.438,0.367,0.373,0.24,0.206,0.265,0.257,0.3,0.275,0.273
643,6.799998134593398,170.046,5.483,2.154,0.957,0.156,0.591,0.331,0.29,0.668,0.116,0.179,0.184,0.184,0.212,0.298,0.321
644,6.900008766455316,269.131,3.582,2.898,0.976,0.155,0.382,0.39,0.522,0.206,0.39,0.137,0.357,0.239,0.536,0.22,0.244
645,4.200000030616179,57.465,10.765,0.815,0.832,0.174,0.042,0.542,0.315,0.403,0.001,0.062,0.509,0.131,0.577,0.19,0.155
646,5.59999938302362,196.779,3.888,1.634,0.973,0.167,0.857,0.315,0.458,1.266,0.554,0.095,0.335,0.286,0.286,0.292,0.638
647,5.700000503883016,21.708,3.631,1.311,0.815,0.151,0.503,0.422,0.382,0.457,0.189,0.384,0.235,0.326,0.313,0.306,0.343
648,6.699991797446187,21.711,2.257,0.805,0.876,0.16,0.598,0.451,0.29,0.527,0.261,0.066,0.276,0.123,0.287,0.156,0.285
649,8.0,88.655,8.083,2.492,0.893,0.155,0.118,0.402,0.477,0.095,0.458,0.27,0.438,0.289,0.366,0.404,0.274
650,7.899974269892137,154.852,3.429,1.548,0.969,0.157,0.496,0.503,0.411,0.643,0.355,0.149,0.382,0.218,0.37,0.231,0.383
651,6.299997602857746,129.171,6.677,0.238,0.949,0.181,0.262,0.505,0.463,0.087,0.924,0.535,0.455,0.46,0.49,0.327,0.515
652,6.199998172182031,15.089,3.355,1.724,0.748,0.156,0.571,0.355,0.288,0.526,0.327,0.09,0.3,0.143,0.237,0.161,0.315
653,8.199970640755867,18.106,5.121,2.259,0.71,0.15,0.666,0.501,0.366,0.551,0.334,0.237,0.352,0.273,0.347,0.218,0.374
654,5.499999678657065,66.432,8.936,3.025,0.847,0.156,0.059,0.61,0.496,0.006,0.013,0.288,0.386,0.316,0.549,0.307,0.102
655,4.600000074606178,41.11,4.303,0.811,0.889,0.174,0.056,0.398,0.307,0.007,0.012,0.148,0.175,0.189,0.309,0.215,0.056
656,6.299997602857746,164.372,14.411,1.175,0.913,0.161,0.14,0.446,0.429,0.098,0.405,0.212,0.367,0.226,0.485,0.226,0.238
657,6.399996913372259,115.875,8.233,3.038,0.911,0.147,0.221,0.367,0.441,0.172,0.446,0.238,0.371,0.299,0.572,0.315,0.285
659,5.899998417198648,19.274,2.653,2.322,0.795,0.156,0.536,0.407,0.301,0.423,0.207,0.08,0.268,0.141,0.321,0.148,0.237
660,5.899998417198648,167.282,14.551,4.115,0.9,0.138,0.314,0.443,0.421,0.198,0.382,0.198,0.436,0.263,0.476,0.273,0.26
661,5.200000237109354,25.022,2.005,0.618,0.905,0.157,0.56,0.394,0.36,0.566,0.274,0.067,0.249,0.145,0.271,0.18,0.302
662,6.900008766455316,10.05,7.25,0.903,0.552,0.157,0.535,0.435,0.362,0.323,0.233,0.158,0.306,0.2,0.289,0.195,0.238
663,7.299988937677887,60.484,24.214,1.355,0.703,0.149,0.074,0.582,0.383,0.031,0.507,0.146,0.52,0.207,0.672,0.244,0.228
664,6.399996913372259,13.481,4.927,1.149,0.689,0.156,0.515,0.536,0.345,0.577,0.418,0.088,0.407,0.148,0.529,0.175,0.361
665,7.899974269892137,14.942,4.335,1.611,0.715,0.151,0.505,0.448,0.401,0.43,0.237,0.158,0.302,0.215,0.364,0.254,0.275
666,5.700000503883016,14.245,2.485,1.13,0.798,0.158,0.545,0.364,0.372,0.466,0.175,0.088,0.214,0.162,0.266,0.216,0.243
667,8.100015437450608,201.375,61.951,10.109,0.736,0.163,0.609,0.068,0.504,0.575,0.058,0.44,0.029,0.469,0.153,0.366,0.358
670,6.199998172182031,312.925,52.175,4.643,0.846,0.149,0.571,0.086,0.403,0.979,0.038,0.637,0.06,0.503,0.084,0.454,0.551
671,5.499999678657065,199.441,40.86,5.234,0.812,0.154,0.309,0.067,0.411,0.273,0.073,0.261,0.039,0.291,0.023,0.311,0.202
672,6.399996913372259,10.652,5.304,0.389,0.652,0.163,0.444,0.404,0.372,1.316,0.133,0.108,0.211,0.198,0.234,0.321,0.519
673,8.500038134403809,89.107,6.232,2.761,0.908,0.153,0.133,0.419,0.278,0.302,0.242,0.24,0.325,0.21,0.368,0.259,0.261
674,6.0999990348465305,301.941,14.741,1.338,0.949,0.147,0.344,0.459,0.339,0.197,0.41,0.205,0.453,0.228,0.469,0.192,0.271
675,7.50003813440381,347.43,173.671,4.163,0.661,0.16,0.646,0.344,0.418,0.665,0.237,0.222,0.296,0.291,0.239,0.416,0.375
676,7.199970640755866,235.427,5.242,2.037,0.97,0.156,0.662,0.464,0.437,0.473,0.514,0.245,0.433,0.29,0.513,0.326,0.411
677,4.300000029139088,6.424,2.729,1.513,0.602,0.168,0.533,0.475,0.349,0.448,0.221,0.158,0.277,0.211,0.279,0.3,0.276
678,6.0999990348465305,108.463,9.87,4.081,0.886,0.151,0.098,0.43,0.495,0.026,0.606,0.351,0.551,0.375,0.457,0.387,0.328
679,5.700000503883016,340.032,13.707,2.633,0.954,0.156,0.526,0.436,0.368,0.471,0.388,0.324,0.368,0.296,0.432,0.299,0.394
680,6.0,14.582,2.345,0.264,0.848,0.169,0.6,0.532,0.437,0.598,0.296,0.201,0.279,0.214,0.503,0.353,0.365
681,7.100015437450609,394.243,131.792,2.734,0.746,0.151,0.807,0.473,0.37,0.946,0.508,0.599,0.357,0.375,0.235,0.516,0.684
682,5.200000237109354,276.648,4.356,1.641,0.979,0.155,0.539,0.432,0.346,0.559,0.215,0.203,0.281,0.236,0.297,0.304,0.326
683,7.299988937677887,15.583,2.582,1.786,0.781,0.162,0.596,0.357,0.483,0.509,0.258,0.243,0.232,0.282,0.369,0.277,0.337
684,4.900000142057633,13.004,1.982,0.671,0.831,0.168,0.628,0.43,0.274,0.532,0.201,0.048,0.271,0.099,0.336,0.118,0.26
685,6.399996913372259,137.83,11.077,1.032,0.919,0.16,0.227,0.514,0.416,0.059,0.42,0.077,0.476,0.159,0.452,0.221,0.185
686,6.499996931948306,12.985,3.542,1.295,0.729,0.164,0.556,0.399,0.407,0.823,0.281,0.151,0.324,0.223,0.28,0.363,0.419
687,6.499996931948306,232.647,38.566,0.809,0.855,0.159,0.852,0.036,0.426,0.894,0.003,0.04,0.009,0.254,0.012,0.345,0.312
688,6.0999990348465305,7.499,2.784,0.125,0.72,0.181,0.54,0.481,0.312,0.779,0.238,0.253,0.303,0.336,0.333,0.409,0.423
689,5.200000237109354,230.956,37.733,1.648,0.854,0.145,0.901,0.032,0.264,0.904,0.003,0.029,0.009,0.148,0.013,0.176,0.312
690,6.299997602857746,156.651,11.894,2.075,0.918,0.142,0.664,0.427,0.374,0.749,0.382,0.206,0.378,0.242,0.303,0.343,0.446
691,7.700057099977233,75.193,3.588,1.939,0.932,0.172,0.093,0.449,0.356,0.077,0.366,0.507,0.315,0.327,0.532,0.718,0.317
692,6.399996913372259,67.649,7.257,4.656,0.85,0.155,0.059,0.508,0.345,0.003,0.374,0.034,0.412,0.249,0.603,0.191,0.137
693,6.299997602857746,8.569,2.814,0.307,0.733,0.175,0.519,0.432,0.459,0.623,0.311,0.131,0.339,0.227,0.391,0.268,0.355
694,5.300000202445418,38.968,13.413,3.047,0.703,0.155,0.045,0.303,0.468,0.052,0.005,0.004,0.013,0.49,0.04,0.47,0.02
695,7.400007822415902,15.766,3.444,0.972,0.781,0.161,0.563,0.383,0.319,0.487,0.299,0.079,0.287,0.135,0.45,0.173,0.288
696,6.0999990348465305,151.866,20.023,1.952,0.874,0.152,0.165,0.463,0.339,0.132,0.685,0.27,0.506,0.256,0.592,0.281,0.362
697,5.40000018605658,150.157,3.336,0.486,0.975,0.153,0.432,0.488,0.37,0.332,0.194,0.111,0.282,0.164,0.346,0.197,0.213
698,5.899998417198648,97.063,14.924,1.155,0.858,0.151,0.169,0.592,0.371,0.05,0.544,0.164,0.582,0.215,0.596,0.233,0.253
699,5.800000874803203,126.197,11.342,0.464,0.914,0.155,0.203,0.479,0.342,0.231,0.326,0.099,0.35,0.168,0.377,0.183,0.219
700,7.79997073344623,253.376,23.316,1.107,0.912,0.151,0.819,0.494,0.299,0.863,0.479,0.088,0.452,0.129,0.526,0.156,0.476
701,5.800000874803203,338.07,5.44,1.721,0.979,0.151,0.756,0.494,0.38,0.795,0.269,0.188,0.364,0.243,0.375,0.218,0.417
703,6.0,19.84,6.962,0.801,0.719,0.151,0.549,0.48,0.455,0.443,0.293,0.204,0.305,0.244,0.423,0.316,0.314
704,4.200000030616179,65.847,4.258,2.753,0.904,0.171,0.087,0.462,0.393,0.007,0.061,0.137,0.308,0.198,0.438,0.172,0.068
706,6.799998134593398,213.408,12.161,1.354,0.94,0.162,0.24,0.525,0.481,0.198,0.325,0.277,0.432,0.288,0.414,0.329,0.267
707,7.79997073344623,186.493,23.746,2.005,0.879,0.151,0.419,0.535,0.439,0.377,0.597,0.314,0.544,0.288,0.567,0.354,0.429
708,8.0,258.602,16.441,1.529,0.935,0.149,0.285,0.451,0.389,0.327,0.402,0.216,0.445,0.254,0.467,0.369,0.315
709,5.899998417198648,51.352,2.1,1.059,0.942,0.145,0.534,0.447,0.38,0.552,0.253,0.107,0.295,0.164,0.328,0.262,0.304
710,6.399996913372259,16.473,2.619,1.251,0.81,0.156,0.607,0.417,0.429,0.441,0.618,0.121,0.359,0.242,0.432,0.241,0.393
712,5.40000018605658,170.524,4.393,2.534,0.961,0.168,0.298,0.412,0.389,0.242,0.194,0.129,0.299,0.241,0.358,0.274,0.188
713,5.800000874803203,12.371,3.87,0.509,0.739,0.165,0.518,0.514,0.347,0.665,0.302,0.179,0.321,0.199,0.296,0.202,0.382
714,7.100015437450609,16.443,4.234,2.442,0.711,0.15,0.602,0.288,0.38,0.592,0.309,0.166,0.257,0.23,0.396,0.222,0.356
715,7.400007822415902,227.64,6.613,1.0,0.968,0.164,0.327,0.475,0.36,0.294,0.377,0.228,0.426,0.242,0.427,0.235,0.3
716,5.800000874803203,112.458,15.432,1.706,0.868,0.156,0.153,0.391,0.363,0.166,0.372,0.153,0.393,0.223,0.41,0.249,0.231
717,5.499999678657065,22.231,4.37,1.581,0.789,0.15,0.676,0.385,0.403,0.634,0.202,0.484,0.273,0.297,0.415,0.403,0.44
718,5.300000202445418,21.641,2.332,0.884,0.871,0.158,0.556,0.413,0.288,0.551,0.179,0.068,0.232,0.122,0.306,0.169,0.266
719,4.399999967876858,6.835,3.306,0.163,0.663,0.181,0.547,0.487,0.211,0.348,0.259,0.009,0.321,0.045,0.256,0.063,0.205
720,6.799998134593398,200.607,3.168,2.489,0.973,0.157,0.934,0.399,0.391,0.942,0.427,0.143,0.341,0.219,0.345,0.246,0.504
721,5.899998417198648,149.313,4.472,1.315,0.963,0.167,0.447,0.422,0.419,0.296,0.423,0.149,0.352,0.22,0.271,0.326,0.29
722,5.800000874803203,59.483,6.305,0.189,0.902,0.179,0.107,0.497,0.42,0.006,0.313,0.122,0.411,0.256,0.456,0.236,0.147
723,6.599997654072044,21.745,3.592,1.546,0.809,0.152,0.598,0.409,0.344,0.543,0.165,0.17,0.224,0.203,0.227,0.229,0.293
724,6.699991797446187,8.075,2.499,0.048,0.76,0.179,0.494,0.549,0.326,0.734,0.262,0.3,0.293,0.257,0.31,0.309,0.432
725,5.40000018605658,12.044,3.815,0.268,0.747,0.165,0.579,0.492,0.303,0.469,0.22,0.039,0.307,0.083,0.386,0.14,0.243
726,8.0,89.484,34.321,2.544,0.708,0.159,0.147,0.036,0.301,0.11,0.003,0.006,0.008,0.146,0.011,0.207,0.04
727,5.59999938302362,209.069,6.56,1.58,0.963,0.146,0.809,0.442,0.443,0.827,0.358,0.158,0.378,0.24,0.407,0.295,0.447
728,5.899998417198648,185.303,33.758,3.607,0.832,0.154,0.222,0.061,0.405,0.248,0.01,0.006,0.02,0.057,0.023,0.105,0.088
730,4.800000052738446,3.65,2.488,0.025,0.592,0.204,0.517,0.554,0.191,0.44,0.172,0.004,0.317,0.029,0.414,0.036,0.205
731,7.899974269892137,137.491,6.358,1.307,0.947,0.153,0.309,0.35,0.337,0.362,0.268,0.128,0.29,0.173,0.356,0.201,0.253
732,5.800000874803203,14.032,4.761,0.696,0.72,0.158,0.499,0.409,0.323,0.423,0.306,0.101,0.289,0.144,0.363,0.167,0.277
733,6.199998172182031,11.872,5.844,0.684,0.645,0.16,0.494,0.474,0.298,0.576,0.38,0.066,0.374,0.126,0.512,0.129,0.341
734,5.800000874803203,5.69,3.336,0.943,0.571,0.172,0.483,0.368,0.272,0.358,0.339,0.049,0.301,0.102,0.222,0.14,0.249
735,6.399996913372259,39.732,10.485,0.574,0.782,0.171,0.042,0.608,0.365,0.105,0.339,0.229,0.403,0.196,0.381,0.286,0.225
736,5.499999678657065,173.689,73.26,1.909,0.698,0.142,0.174,0.116,0.357,0.209,0.138,0.184,0.122,0.227,0.208,0.27,0.177
737,5.899998417198648,226.594,4.384,1.708,0.974,0.15,0.888,0.535,0.49,0.993,0.432,0.124,0.417,0.226,0.421,0.276,0.517
738,8.100015437450608,193.662,4.989,2.009,0.965,0.158,0.514,0.357,0.33,0.462,0.266,0.191,0.28,0.19,0.222,0.304,0.306
740,7.50003813440381,75.999,10.168,0.974,0.872,0.157,0.14,0.441,0.317,0.155,0.399,0.089,0.425,0.155,0.486,0.144,0.214
741,5.800000874803203,59.905,7.827,1.64,0.864,0.164,0.081,0.535,0.397,0.119,0.418,0.3,0.414,0.28,0.335,0.292,0.279
742,5.300000202445418,304.143,4.619,0.364,0.984,0.174,0.934,0.47,0.249,0.919,0.227,0.086,0.265,0.1,0.376,0.12,0.411
743,5.499999678657065,39.744,19.789,2.817,0.637,0.143,0.085,0.291,0.302,0.262,0.002,0.258,0.017,0.245,0.061,0.319,0.174
744,6.699991797446187,448.879,127.738,3.52,0.774,0.155,0.797,0.264,0.582,0.775,0.329,0.343,0.244,0.379,0.304,0.337,0.482
745,5.499999678657065,13.582,6.305,1.671,0.63,0.152,0.505,0.365,0.322,0.337,0.391,0.152,0.337,0.179,0.518,0.284,0.293
747,6.0,14.504,3.24,0.531,0.794,0.161,0.52,0.494,0.299,0.351,0.386,0.209,0.323,0.177,0.35,0.199,0.316
748,8.400007822415901,208.13,11.206,1.037,0.944,0.162,0.742,0.557,0.455,0.807,0.343,0.205,0.478,0.271,0.446,0.314,0.452
749,6.0,12.716,4.378,0.547,0.721,0.163,0.499,0.389,0.294,0.374,0.157,0.133,0.205,0.145,0.213,0.273,0.222
751,6.699991797446187,12.842,3.847,0.386,0.752,0.165,0.569,0.424,0.384,0.464,0.584,0.064,0.394,0.147,0.464,0.172,0.37
752,6.399996913372259,171.69,6.858,0.725,0.958,0.161,0.29,0.492,0.338,0.337,0.288,0.11,0.354,0.165,0.327,0.18,0.245
753,7.0,104.886,2.639,0.564,0.97,0.165,0.134,0.389,0.341,0.059,0.658,0.111,0.33,0.175,0.453,0.18,0.276
754,8.199970640755867,11.601,4.429,0.301,0.71,0.161,0.523,0.529,0.198,0.566,0.451,0.348,0.39,0.163,0.531,0.437,0.455
755,7.100015437450609,18.049,4.905,1.029,0.753,0.155,0.612,0.45,0.421,0.47,0.473,0.145,0.408,0.218,0.572,0.251,0.362
756,6.399996913372259,293.303,3.819,0.647,0.985,0.174,0.933,0.486,0.428,1.069,0.332,0.114,0.324,0.186,0.466,0.281,0.505
757,7.0,145.138,11.79,3.985,0.902,0.149,0.178,0.432,0.411,0.132,0.384,0.451,0.386,0.398,0.419,0.554,0.323
758,5.40000018605658,13.097,5.532,1.285,0.658,0.155,0.45,0.372,0.443,0.408,0.284,0.181,0.27,0.233,0.407,0.285,0.291
760,5.800000874803203,227.739,126.139,1.372,0.641,0.157,0.802,0.155,0.438,0.686,0.156,0.235,0.127,0.303,0.261,0.303,0.359
761,5.59999938302362,18.619,3.207,1.452,0.8,0.157,0.544,0.477,0.44,0.446,0.302,0.15,0.363,0.229,0.413,0.261,0.299
762,6.599997654072044,10.89,2.804,0.255,0.781,0.175,0.612,0.471,0.376,0.584,0.253,0.039,0.27,0.123,0.246,0.152,0.292
763,5.700000503883016,85.072,4.727,2.036,0.926,0.156,0.094,0.431,0.356,0.018,0.005,0.228,0.052,0.224,0.104,0.284,0.084
764,7.199970640755866,11.656,4.614,0.253,0.705,0.164,0.559,0.493,0.359,0.691,0.289,0.37,0.362,0.225,0.357,0.55,0.45
765,8.500038134403809,17.621,2.945,0.584,0.833,0.167,0.493,0.384,0.338,0.507,0.307,0.123,0.309,0.16,0.411,0.163,0.312
766,6.900008766455316,23.912,11.542,1.303,0.651,0.141,0.47,0.432,0.37,0.367,0.31,0.096,0.333,0.169,0.403,0.181,0.258
767,4.70000006855703,44.212,2.118,0.557,0.943,0.185,0.066,0.523,0.43,0.004,0.318,0.09,0.316,0.182,0.318,0.236,0.137
768,6.0999990348465305,164.402,10.722,4.197,0.917,0.143,0.255,0.445,0.35,0.236,0.412,0.258,0.374,0.295,0.357,0.338,0.302
769,8.700057099977233,213.743,26.583,7.538,0.862,0.152,0.705,0.027,0.408,0.654,0.035,0.002,0.007,0.154,0.008,0.367,0.23
770,6.699991797446187,294.354,3.72,1.539,0.982,0.172,0.735,0.447,0.413,0.797,0.276,0.303,0.301,0.276,0.358,0.64,0.459
771,5.899998417198648,243.181,3.022,2.619,0.977,0.167,0.986,0.473,0.52,0.989,0.362,0.255,0.317,0.298,0.317,0.262,0.535
772,6.0,11.886,1.932,0.335,0.84,0.175,0.577,0.474,0.484,0.38,0.234,0.108,0.27,0.211,0.405,0.242,0.241
773,5.40000018605658,13.848,4.442,0.997,0.718,0.153,0.658,0.463,0.403,0.395,0.229,0.099,0.311,0.18,0.35,0.222,0.241
774,5.899998417198648,12.843,3.594,0.949,0.739,0.156,0.581,0.409,0.326,0.417,0.61,0.107,0.396,0.154,0.451,0.187,0.378
775,6.199998172182031,20.718,4.436,0.327,0.813,0.156,0.599,0.415,0.365,0.381,0.241,0.088,0.301,0.156,0.353,0.202,0.237
776,4.499999953328896,12.482,2.035,0.376,0.838,0.169,0.512,0.484,0.446,0.325,0.276,0.084,0.295,0.201,0.445,0.246,0.228
777,5.899998417198648,17.487,2.629,1.669,0.803,0.157,0.62,0.359,0.413,0.516,0.213,0.174,0.218,0.216,0.314,0.255,0.301
778,5.200000237109354,15.819,4.451,1.651,0.722,0.155,0.488,0.456,0.311,0.299,0.235,0.13,0.279,0.191,0.269,0.25,0.221
779,5.200000237109354,16.852,2.401,1.413,0.815,0.162,0.633,0.461,0.327,0.504,0.264,0.138,0.28,0.193,0.305,0.203,0.302
780,7.700057099977233,57.331,8.215,2.558,0.842,0.168,0.075,0.421,0.441,0.311,0.002,0.249,0.525,0.297,0.558,0.302,0.187
781,5.700000503883016,114.997,2.141,1.611,0.968,0.153,0.277,0.42,0.324,0.233,0.413,0.206,0.291,0.212,0.555,0.325,0.284
783,8.100015437450608,17.83,4.911,1.124,0.747,0.153,0.515,0.4,0.347,0.44,0.292,0.165,0.342,0.192,0.381,0.238,0.299
785,5.300000202445418,578.726,34.311,1.311,0.942,0.144,0.818,0.328,0.319,0.966,0.235,0.064,0.269,0.121,0.291,0.132,0.422
786,5.700000503883016,476.085,68.917,1.64,0.871,0.163,0.806,0.17,0.492,0.911,0.076,0.184,0.135,0.276,0.158,0.32,0.39
787,5.59999938302362,18.045,3.585,0.642,0.81,0.154,0.556,0.47,0.258,0.45,0.29,0.1,0.334,0.13,0.303,0.169,0.28
788,5.700000503883016,225.348,6.82,0.775,0.967,0.15,0.902,0.457,0.42,0.937,0.531,0.267,0.407,0.276,0.484,0.42,0.579
789,5.499999678657065,160.856,6.863,1.031,0.953,0.154,0.481,0.447,0.388,0.231,0.279,0.106,0.273,0.215,0.321,0.304,0.205
790,8.199970640755867,72.056,8.669,4.162,0.849,0.151,0.128,0.553,0.428,0.099,0.49,0.211,0.487,0.284,0.562,0.283,0.267
791,5.59999938302362,241.879,104.75,2.265,0.693,0.152,0.811,0.59,0.472,0.873,0.419,0.287,0.544,0.299,0.501,0.346,0.526
792,7.400007822415902,334.835,13.751,3.318,0.951,0.151,0.526,0.487,0.398,0.531,0.468,0.162,0.447,0.225,0.559,0.226,0.387
793,6.799998134593398,438.428,157.885,2.878,0.732,0.156,0.68,0.371,0.303,0.81,0.249,0.076,0.284,0.125,0.292,0.175,0.378
794,5.899998417198648,316.361,36.392,9.22,0.874,0.151,0.683,0.027,0.532,0.626,0.07,0.587,0.035,0.479,0.01,0.372,0.428
795,6.0999990348465305,31.618,13.065,1.393,0.686,0.159,0.053,0.401,0.403,0.171,0.003,0.003,0.019,0.084,0.032,0.085,0.059
796,7.700057099977233,9.153,6.763,1.159,0.536,0.159,0.442,0.469,0.37,0.212,0.302,0.38,0.314,0.274,0.426,0.316,0.298
797,8.0,38.972,6.976,0.853,0.833,0.16,0.045,0.488,0.339,0.007,0.019,0.006,0.168,0.087,0.3,0.116,0.011
798,5.795880017344075,16.781,5.431,1.605,0.705,0.15,0.506,0.399,0.359,0.373,0.241,0.129,0.283,0.188,0.341,0.214,0.248
799,5.236572006437063,152.598,6.789,1.481,0.949,0.152,0.18,0.464,0.429,0.091,0.295,0.269,0.341,0.28,0.441,0.399,0.218
800,7.698970004336019,14.114,4.547,1.581,0.697,0.152,0.557,0.419,0.419,0.387,0.317,0.183,0.338,0.247,0.412,0.3,0.296
801,7.698970004336019,226.873,5.367,2.292,0.967,0.167,0.513,0.474,0.506,0.339,0.369,0.249,0.347,0.309,0.555,0.331,0.319
802,5.236572006437063,140.963,4.344,1.407,0.961,0.154,0.377,0.424,0.471,0.338,0.302,0.205,0.314,0.269,0.4,0.336,0.282
803,4.8297382846050425,229.466,8.303,0.942,0.961,0.163,0.981,0.541,0.329,1.034,0.335,0.104,0.376,0.164,0.436,0.192,0.491
804,7.657577319177793,382.298,111.163,1.872,0.772,0.145,0.859,0.413,0.278,0.832,0.244,0.188,0.313,0.224,0.307,0.201,0.421
805,7.045757490560675,238.147,40.884,4.686,0.839,0.147,0.431,0.084,0.418,0.445,0.014,0.223,0.031,0.308,0.042,0.388,0.227
806,7.130768280269024,19.248,6.989,2.413,0.672,0.145,0.608,0.423,0.406,0.551,0.296,0.211,0.338,0.278,0.484,0.259,0.352
807,9.00436480540245,94.921,89.041,32.057,0.439,0.15,0.263,0.118,0.054,0.367,0.008,0.004,0.014,0.019,0.022,0.024,0.126
808,6.161150909262744,260.477,13.32,1.645,0.946,0.145,0.917,0.271,0.342,0.993,0.092,0.193,0.139,0.222,0.212,0.179,0.426
809,7.920818753952375,115.144,8.409,3.235,0.908,0.145,0.218,0.522,0.403,0.135,0.302,0.291,0.388,0.315,0.408,0.361,0.243
810,9.318758762624412,69.129,8.4,2.144,0.868,0.144,0.142,0.405,0.418,0.086,0.426,0.238,0.353,0.318,0.409,0.402,0.25
811,9.657577319177792,15.184,7.247,1.681,0.63,0.141,0.544,0.466,0.344,0.608,0.37,0.171,0.406,0.217,0.567,0.19,0.383
812,6.431798275933005,20.024,5.476,1.376,0.745,0.149,0.596,0.485,0.293,0.578,0.322,0.232,0.396,0.212,0.532,0.138,0.377
813,7.1938200260161125,78.945,29.112,1.939,0.718,0.147,0.077,0.097,0.417,0.032,0.042,0.172,0.057,0.241,0.071,0.302,0.082
814,6.920818753952375,256.465,150.973,2.037,0.626,0.146,0.245,0.84,0.374,0.275,0.395,0.142,0.622,0.22,0.454,0.233,0.271
815,7.795880017344075,154.053,7.344,4.681,0.928,0.147,0.621,0.352,0.373,0.533,0.317,0.264,0.341,0.268,0.432,0.254,0.371
816,8.508638306165727,24.955,5.332,0.867,0.801,0.148,0.631,0.374,0.316,0.528,0.279,0.134,0.299,0.173,0.449,0.149,0.314
817,8.075720713938118,118.975,15.282,3.139,0.866,0.145,0.185,0.502,0.51,0.162,0.566,0.517,0.519,0.518,0.542,0.463,0.415
818,7.698970004336019,16.371,5.282,2.539,0.677,0.148,0.638,0.43,0.354,0.667,0.279,0.207,0.346,0.26,0.499,0.2,0.384
819,9.173925197299171,194.146,20.598,5.076,0.883,0.15,0.3,0.524,0.428,0.391,0.354,0.232,0.42,0.311,0.439,0.451,0.325
820,7.920818753952375,157.99,12.0,0.91,0.924,0.158,0.26,0.504,0.42,0.206,0.545,0.235,0.435,0.284,0.36,0.339,0.329
821,9.397940008672036,183.331,5.612,1.005,0.965,0.149,0.885,0.429,0.259,0.988,0.229,0.213,0.312,0.178,0.441,0.116,0.477
822,8.356547323513812,379.101,70.846,16.571,0.813,0.151,0.893,0.086,0.064,0.832,0.101,0.001,0.088,0.008,0.218,0.011,0.311
823,8.309803919971486,169.532,8.422,2.566,0.939,0.147,0.508,0.437,0.494,0.383,0.46,0.403,0.399,0.437,0.318,0.5,0.415
824,7.744727494896693,331.43,186.723,5.78,0.633,0.146,0.443,0.775,0.311,0.54,0.774,0.295,0.936,0.308,0.596,0.455,0.536
825,8.698970004336019,16.753,7.789,1.462,0.644,0.151,0.684,0.489,0.395,0.704,0.314,0.209,0.4,0.257,0.538,0.214,0.409
826,8.200659450546418,197.273,6.994,1.622,0.958,0.146,0.846,0.418,0.415,0.812,0.269,0.23,0.338,0.285,0.498,0.277,0.437
827,8.045757490560675,155.368,76.62,7.657,0.648,0.147,0.385,0.093,0.429,0.443,0.032,0.349,0.035,0.424,0.094,0.423,0.275
828,8.823908740944319,465.616,12.245,4.584,0.965,0.144,0.976,0.546,0.425,1.041,0.404,0.188,0.462,0.277,0.573,0.333,0.545
829,8.958607314841775,220.378,11.23,2.874,0.94,0.146,0.595,0.355,0.321,0.722,0.368,0.373,0.365,0.269,0.406,0.658,0.488
830,9.337242168318426,141.237,7.631,2.81,0.931,0.146,0.315,0.325,0.48,0.184,0.306,0.3,0.321,0.342,0.394,0.344,0.264
831,8.886056647693163,17.035,6.863,1.314,0.676,0.148,0.669,0.535,0.412,0.64,0.4,0.245,0.481,0.246,0.594,0.366,0.428
832,6.522878745280337,8.423,5.374,4.02,0.473,0.147,0.419,0.433,0.343,0.349,0.391,0.224,0.352,0.276,0.403,0.385,0.321
833,7.130768280269024,15.454,5.959,2.369,0.65,0.147,0.674,0.515,0.397,0.65,0.349,0.141,0.426,0.235,0.555,0.283,0.38
835,7.236572006437063,122.712,9.439,1.728,0.917,0.156,0.246,0.494,0.245,0.259,0.355,0.689,0.422,0.271,0.354,0.409,0.434
836,5.267606240177032,78.017,13.822,4.123,0.813,0.149,0.096,0.394,0.433,0.029,0.297,0.291,0.335,0.317,0.361,0.412,0.206
837,5.045757490560675,9.129,4.257,0.797,0.644,0.16,0.457,0.435,0.259,0.323,0.365,0.068,0.354,0.107,0.494,0.121,0.252
838,5.356547323513812,370.459,11.324,0.737,0.968,0.155,0.814,0.466,0.243,0.94,0.318,0.046,0.354,0.094,0.395,0.124,0.435
839,5.318758762624412,235.504,6.991,1.715,0.964,0.156,0.77,0.538,0.305,0.577,0.483,0.16,0.445,0.199,0.527,0.268,0.407
840,5.795880017344075,114.975,6.112,2.949,0.927,0.152,0.185,0.473,0.383,0.075,0.482,0.396,0.44,0.311,0.446,0.719,0.318
841,6.221848749616356,47.287,4.473,2.103,0.878,0.151,0.131,0.275,0.459,0.157,0.324,0.182,0.171,0.264,0.514,0.33,0.221
842,7.823908740944319,40.193,8.265,1.806,0.8,0.146,0.172,0.25,0.336,0.133,0.037,0.075,0.061,0.18,0.163,0.171,0.082
843,6.721246399047171,325.145,49.043,8.374,0.85,0.156,0.572,0.06,0.402,0.415,0.015,0.005,0.012,0.389,0.018,0.358,0.145
844,8.045757490560675,179.786,19.484,1.163,0.897,0.156,0.279,0.523,0.336,0.278,0.384,0.194,0.438,0.21,0.329,0.158,0.285
845,7.154901959985743,34.523,8.657,4.637,0.722,0.156,0.041,0.379,0.391,0.011,0.279,0.002,0.402,0.027,0.295,0.073,0.097
846,4.795880017344075,11.753,4.101,1.489,0.678,0.158,0.594,0.469,0.435,0.356,0.232,0.193,0.3,0.247,0.381,0.325,0.26
847,5.251811972993799,210.689,4.924,1.954,0.968,0.153,0.733,0.49,0.394,0.718,0.495,0.196,0.415,0.244,0.718,0.253,0.47
848,5.200659450546418,352.725,13.32,1.928,0.959,0.151,0.891,0.564,0.443,0.838,0.412,0.169,0.469,0.238,0.548,0.288,0.473
849,6.3979400086720375,457.2,22.017,2.09,0.95,0.153,0.882,0.425,0.391,0.872,0.191,0.279,0.255,0.274,0.445,0.209,0.447
850,5.721246399047171,63.38,24.0,5.001,0.686,0.143,0.061,0.567,0.444,0.208,0.004,0.033,0.109,0.262,0.332,0.329,0.082
851,5.6777807052660805,137.973,6.571,2.831,0.936,0.143,0.807,0.371,0.431,0.908,0.334,0.202,0.358,0.273,0.415,0.29,0.481
852,6.187086643357144,43.263,12.264,2.423,0.747,0.151,0.079,0.571,0.486,0.071,0.01,0.035,0.082,0.207,0.152,0.245,0.039
853,6.275724130399211,31.967,3.246,0.892,0.885,0.151,0.577,0.391,0.305,0.416,0.247,0.138,0.258,0.183,0.348,0.194,0.267
854,7.657577319177793,503.925,8.356,3.49,0.977,0.151,0.979,0.397,0.453,0.923,0.259,0.188,0.334,0.282,0.413,0.295,0.456
855,6.853871964321762,35.17,6.621,1.22,0.818,0.146,0.574,0.385,0.383,0.367,0.32,0.106,0.304,0.184,0.402,0.213,0.265
856,6.6777807052660805,247.892,7.435,1.722,0.964,0.164,0.549,0.398,0.282,0.596,0.175,0.26,0.25,0.236,0.282,0.159,0.343
