mol_id,PKI,conformations (ns),0,1,2,3,5,8,9,10,19,20,21,31,32,75,76,101
1,7.698970004336019,3.3,27.574,14.145,2.213,0.628,0.163,0.049,0.387,0.425,0.1,0.467,0.171,0.372,0.248,0.016,0.278,0.246
2,7.698970004336019,0.49,18.332,8.261,0.826,0.669,0.151,0.53,0.393,0.348,0.667,0.189,0.148,0.256,0.189,0.223,0.24,0.335
3,8.0,6.43,16.644,7.052,1.104,0.671,0.153,0.461,0.379,0.281,0.529,0.294,0.099,0.304,0.149,0.393,0.161,0.308
4,8.0,8.77,196.762,41.913,3.45,0.813,0.149,0.575,0.051,0.461,0.599,0.072,0.181,0.026,0.27,0.016,0.299,0.284
5,7.301029995663981,4.54,18.57,8.014,1.073,0.671,0.151,0.515,0.395,0.267,0.833,0.226,0.109,0.27,0.148,0.27,0.17,0.39
6,4.721246399047171,2.64,68.448,10.617,3.856,0.825,0.157,0.061,0.546,0.382,0.009,0.007,0.159,0.289,0.239,0.52,0.182,0.058
7,4.638272163982407,9.25,14.905,5.287,0.508,0.72,0.157,0.524,0.416,0.294,0.631,0.206,0.081,0.277,0.134,0.287,0.133,0.306
8,7.096910013008056,1.2,10.276,6.224,1.707,0.564,0.151,0.501,0.595,0.332,0.384,0.609,0.13,0.598,0.21,0.697,0.207,0.374
9,7.522878745280337,5.99,16.05,7.962,0.975,0.642,0.153,0.484,0.413,0.287,0.606,0.17,0.107,0.261,0.154,0.216,0.174,0.294
10,7.0,3.13,247.115,5.283,3.464,0.966,0.151,0.365,0.473,0.363,0.628,0.195,0.186,0.325,0.228,0.251,0.264,0.336
11,7.522878745280337,6.11,382.898,75.824,1.687,0.832,0.149,0.734,0.212,0.426,0.828,0.104,0.196,0.131,0.279,0.082,0.255,0.376
12,6.102372908709558,3.81,157.9,4.457,1.45,0.964,0.151,0.379,0.397,0.352,0.309,0.395,0.199,0.337,0.208,0.476,0.327,0.301
13,5.801342913045577,4.71,264.256,8.427,2.431,0.961,0.151,0.521,0.34,0.283,0.556,0.144,0.293,0.21,0.241,0.095,0.388,0.331
14,6.200659450546418,3.55,18.925,8.033,1.596,0.663,0.149,0.452,0.394,0.378,0.681,0.377,0.148,0.325,0.22,0.566,0.216,0.402
15,6.823908740944319,1.72,342.688,13.588,4.295,0.95,0.147,0.428,0.454,0.315,0.369,0.491,0.257,0.414,0.242,0.625,0.264,0.372
16,7.698970004336019,9.85,262.763,8.171,2.513,0.961,0.153,0.615,0.421,0.277,0.582,0.313,0.118,0.315,0.168,0.503,0.149,0.338
17,7.838631997765025,2.38,14.429,3.365,0.577,0.785,0.164,0.567,0.463,0.353,0.484,0.188,0.095,0.274,0.166,0.292,0.174,0.256
18,4.701146923590294,4.34,347.819,15.153,1.189,0.955,0.161,0.482,0.451,0.365,0.472,0.455,0.12,0.437,0.188,0.597,0.293,0.349
19,5.221848749616356,9.97,13.981,3.004,1.365,0.762,0.162,0.554,0.375,0.357,0.514,0.173,0.086,0.238,0.159,0.265,0.151,0.258
20,8.0,5.78,19.817,2.576,0.861,0.852,0.16,0.578,0.498,0.358,0.492,0.181,0.133,0.267,0.192,0.302,0.2,0.268
21,7.522878745280337,2.32,26.063,1.752,1.036,0.903,0.156,0.585,0.469,0.395,0.467,0.205,0.111,0.268,0.191,0.347,0.219,0.261
22,6.920818753952375,4.96,403.237,11.608,1.263,0.969,0.153,0.827,0.568,0.434,0.736,0.515,0.199,0.536,0.261,0.468,0.303,0.483
23,7.301029995663981,6.91,27.186,1.8,1.004,0.906,0.153,0.583,0.441,0.324,0.487,0.196,0.072,0.255,0.141,0.349,0.147,0.252
24,7.958212681028248,2.68,22.757,2.247,1.344,0.864,0.156,0.584,0.43,0.421,0.507,0.161,0.187,0.228,0.247,0.281,0.277,0.285
25,8.0,5.02,367.588,31.642,6.054,0.907,0.164,0.724,0.039,0.383,0.834,0.162,0.237,0.031,0.257,0.008,0.321,0.411
26,8.0,1.12,403.795,210.275,37.836,0.619,0.164,0.948,0.327,0.174,0.973,0.261,0.002,0.29,0.017,0.199,0.048,0.412
27,8.0,6.93,57.973,6.257,1.3,0.885,0.156,0.14,0.392,0.325,0.168,0.199,0.119,0.262,0.174,0.196,0.217,0.162
28,8.0,3.7,17.438,3.968,0.71,0.789,0.16,0.589,0.528,0.29,0.694,0.372,0.127,0.377,0.162,0.51,0.191,0.398
29,7.301029995663981,7.37,309.307,9.005,1.104,0.968,0.157,0.478,0.395,0.315,0.558,0.22,0.158,0.265,0.197,0.254,0.169,0.312
30,6.721246399047171,7.62,196.894,46.916,10.057,0.776,0.155,0.678,0.027,0.404,0.859,0.046,0.001,0.004,0.291,0.005,0.256,0.302
31,6.102372908709558,8.47,222.536,5.66,2.683,0.964,0.153,0.942,0.434,0.381,0.987,0.408,0.235,0.343,0.301,0.485,0.286,0.543
32,7.0,0.44,28.005,2.263,0.574,0.908,0.156,0.555,0.488,0.359,0.385,0.224,0.141,0.29,0.182,0.374,0.216,0.25
33,7.301029995663981,6.95,201.38,182.995,4.567,0.518,0.156,0.311,0.919,0.335,0.641,0.125,0.194,0.157,0.254,0.053,0.182,0.32
34,7.301029995663981,4.95,20.585,3.581,0.609,0.831,0.159,0.512,0.504,0.401,0.476,0.27,0.118,0.335,0.19,0.382,0.235,0.288
35,7.154901959985743,9.35,21.99,3.408,0.771,0.84,0.158,0.524,0.398,0.236,0.552,0.192,0.059,0.262,0.102,0.31,0.098,0.268
36,6.920818753952375,5.06,28.291,3.645,0.648,0.868,0.153,0.565,0.442,0.255,0.422,0.181,0.079,0.245,0.126,0.273,0.152,0.227
37,6.721246399047171,0.31,26.491,17.221,2.478,0.574,0.155,0.065,0.231,0.433,0.588,0.002,0.19,0.008,0.259,0.008,0.254,0.26
38,5.5003129173815966,0.66,32.503,2.626,1.11,0.897,0.152,0.544,0.352,0.212,0.395,0.45,0.097,0.317,0.128,0.541,0.164,0.314
39,6.200659450546418,5.28,26.311,2.692,1.076,0.875,0.155,0.555,0.39,0.23,0.561,0.56,0.096,0.312,0.127,0.891,0.153,0.406
40,7.522878745280337,0.36,135.184,6.621,1.257,0.945,0.155,0.609,0.45,0.437,0.714,0.245,0.181,0.321,0.243,0.325,0.258,0.38
41,7.301029995663981,7.04,49.131,12.234,1.703,0.779,0.158,0.058,0.257,0.448,0.15,0.615,0.191,0.199,0.276,0.011,0.313,0.319
42,8.0,1.62,121.042,18.635,1.382,0.858,0.155,0.271,0.455,0.326,0.14,0.582,0.186,0.461,0.215,0.73,0.257,0.303
43,8.0,4.31,19.881,3.954,1.015,0.8,0.156,0.551,0.415,0.354,0.361,0.275,0.173,0.296,0.223,0.38,0.271,0.27
44,6.823908740944319,2.72,27.953,4.539,0.677,0.843,0.153,0.552,0.443,0.287,0.586,0.228,0.218,0.31,0.177,0.285,0.334,0.344
45,6.920818753952375,5.42,36.352,2.838,0.987,0.905,0.151,0.574,0.444,0.21,0.438,0.233,0.079,0.275,0.115,0.336,0.14,0.25
46,8.0,1.23,331.252,40.345,7.834,0.873,0.155,0.274,0.113,0.406,0.184,0.045,0.257,0.068,0.303,0.034,0.254,0.162
47,8.0,1.37,214.324,6.231,1.471,0.965,0.154,0.862,0.456,0.414,0.866,0.269,0.172,0.334,0.225,0.379,0.221,0.436
48,8.0,3.26,107.009,6.474,2.933,0.919,0.155,0.127,0.41,0.463,0.309,0.186,0.252,0.279,0.312,0.266,0.328,0.249
49,8.0,0.49,15.696,6.522,0.697,0.685,0.155,0.496,0.372,0.251,0.557,0.216,0.09,0.266,0.127,0.292,0.147,0.288
50,7.698970004336019,1.65,156.055,9.225,5.567,0.913,0.153,0.214,0.336,0.355,0.347,0.464,0.152,0.328,0.238,0.736,0.258,0.321
51,7.698970004336019,9.12,17.09,5.715,1.13,0.714,0.156,0.525,0.333,0.294,0.44,0.259,0.053,0.259,0.115,0.34,0.113,0.251
52,7.698970004336019,5.45,109.015,10.227,1.35,0.904,0.153,0.187,0.395,0.334,0.324,0.309,0.152,0.352,0.197,0.33,0.204,0.262
53,7.698970004336019,4.45,13.709,6.337,0.816,0.657,0.155,0.455,0.397,0.26,0.544,0.309,0.068,0.308,0.123,0.423,0.108,0.307
54,7.397940008672037,3.17,17.242,6.658,0.977,0.693,0.153,0.505,0.42,0.32,0.78,0.299,0.107,0.32,0.162,0.409,0.184,0.395
55,8.0,6.73,19.741,5.844,1.279,0.735,0.151,0.506,0.378,0.302,0.418,0.329,0.087,0.31,0.149,0.505,0.163,0.278
56,5.300162274132754,4.0,13.187,9.681,1.417,0.543,0.152,0.449,0.369,0.362,0.351,0.205,0.119,0.246,0.188,0.241,0.216,0.225
57,4.500312917381596,7.16,318.803,40.8,12.354,0.857,0.15,0.665,0.048,0.5,0.635,0.193,0.459,0.042,0.436,0.017,0.471,0.429
58,5.100179497572904,2.09,131.182,30.932,4.45,0.788,0.152,0.105,0.058,0.49,0.076,0.149,0.351,0.049,0.38,0.027,0.297,0.192
59,4.508638306165727,9.36,91.781,7.45,4.511,0.885,0.15,0.128,0.474,0.414,0.097,0.656,0.312,0.447,0.369,0.754,0.33,0.355
60,5.300162274132754,7.89,19.341,8.56,1.467,0.659,0.148,0.499,0.362,0.429,0.436,0.198,0.138,0.243,0.221,0.251,0.242,0.257
61,6.823908740944319,6.41,13.667,6.859,1.258,0.627,0.153,0.446,0.478,0.36,0.309,0.426,0.145,0.38,0.2,0.553,0.223,0.293
62,6.508638306165727,7.0,77.878,11.769,4.816,0.824,0.153,0.111,0.494,0.473,0.06,0.63,0.533,0.477,0.403,0.365,0.535,0.408
63,7.301029995663981,2.98,130.66,8.495,1.277,0.93,0.149,0.201,0.434,0.356,0.12,0.535,0.17,0.418,0.209,0.706,0.276,0.275
64,6.0,4.79,230.32,6.885,1.089,0.967,0.151,0.612,0.383,0.38,0.616,0.255,0.277,0.281,0.243,0.34,0.46,0.382
65,5.903089986991944,9.51,246.066,12.866,1.935,0.943,0.155,0.323,0.524,0.425,0.253,0.444,0.377,0.454,0.35,0.419,0.32,0.358
66,5.600326278518962,5.37,239.536,163.309,5.062,0.587,0.153,0.473,0.671,0.356,0.454,0.979,0.507,0.683,0.368,0.74,0.27,0.647
67,6.0,6.03,109.759,66.705,5.461,0.603,0.155,0.086,0.132,0.339,0.25,0.002,0.315,0.015,0.312,0.022,0.349,0.189
68,5.400116927926312,6.75,11.246,5.171,2.441,0.596,0.153,0.473,0.525,0.448,0.574,0.493,0.335,0.446,0.339,0.438,0.343,0.468
69,6.102372908709558,1.33,119.612,20.729,6.074,0.817,0.151,0.147,0.064,0.339,0.08,0.019,0.014,0.015,0.293,0.023,0.375,0.038
70,7.301029995663981,3.28,16.796,6.154,1.507,0.687,0.154,0.445,0.386,0.391,0.315,0.207,0.113,0.282,0.19,0.277,0.212,0.212
71,7.397940008672037,8.61,238.774,7.439,4.006,0.954,0.151,0.458,0.46,0.378,0.638,0.219,0.177,0.301,0.244,0.275,0.235,0.345
72,5.096910013008056,5.55,18.658,3.786,1.374,0.783,0.15,0.589,0.502,0.474,0.835,0.235,0.136,0.332,0.226,0.359,0.28,0.402
73,7.472284193781353,7.85,15.436,2.836,1.443,0.783,0.165,0.551,0.466,0.435,0.691,0.2,0.157,0.261,0.234,0.267,0.304,0.349
74,7.657577319177793,8.53,396.472,8.388,3.117,0.972,0.16,0.985,0.557,0.321,1.045,0.362,0.147,0.398,0.191,0.427,0.197,0.518
75,5.985479461242076,7.47,197.247,14.437,1.028,0.927,0.153,0.302,0.487,0.371,0.277,0.326,0.372,0.389,0.296,0.369,0.3,0.325
76,6.638272163982407,5.3,17.949,3.239,1.533,0.79,0.154,0.592,0.368,0.42,0.725,0.355,0.184,0.328,0.25,0.449,0.274,0.421
77,5.537602002101044,0.85,156.676,7.572,3.615,0.933,0.156,0.285,0.538,0.444,0.141,0.552,0.343,0.479,0.414,0.813,0.282,0.345
78,10.045757490560677,7.88,283.58,4.716,4.38,0.969,0.152,0.831,0.431,0.333,0.705,0.56,0.191,0.454,0.202,0.421,0.228,0.485
79,7.136677139879544,7.29,9.648,7.572,0.588,0.542,0.161,0.451,0.461,0.244,0.382,0.309,0.049,0.388,0.098,0.348,0.105,0.247
80,7.619788758288394,2.11,241.354,9.642,1.152,0.957,0.158,0.497,0.489,0.406,0.46,0.281,0.148,0.38,0.206,0.421,0.225,0.296
81,6.505845405981557,3.87,90.668,5.242,2.71,0.919,0.156,0.217,0.501,0.457,0.178,0.238,0.189,0.329,0.275,0.302,0.232,0.201
82,7.292429823902063,7.11,13.268,7.661,0.608,0.616,0.159,0.542,0.461,0.204,0.355,0.22,0.043,0.319,0.085,0.283,0.096,0.206
83,6.767003889607846,1.59,176.969,12.397,1.448,0.927,0.159,0.22,0.497,0.338,0.155,0.275,0.235,0.361,0.273,0.395,0.17,0.222
84,6.899629454882437,1.55,10.892,9.0,0.606,0.531,0.159,0.525,0.514,0.366,0.283,0.21,0.29,0.323,0.255,0.326,0.244,0.261
85,7.481486060122112,2.02,391.807,151.338,0.903,0.72,0.159,0.66,0.285,0.368,0.526,0.224,0.539,0.251,0.305,0.128,0.386,0.43
86,7.356547323513812,3.4,157.506,5.803,1.043,0.958,0.159,0.144,0.372,0.418,0.326,0.203,0.411,0.276,0.361,0.236,0.428,0.313
87,7.318758762624412,7.89,34.959,16.901,3.553,0.631,0.16,0.03,0.48,0.371,0.421,0.001,0.025,0.008,0.275,0.195,0.34,0.149
88,8.096910013008056,3.62,12.499,5.503,1.705,0.634,0.159,0.563,0.465,0.486,0.714,0.365,0.305,0.364,0.363,0.396,0.399,0.462
89,6.94692155651658,2.11,250.8,226.958,2.627,0.522,0.159,0.718,0.321,0.392,0.656,0.252,0.769,0.315,0.417,0.187,0.229,0.559
90,6.665546248849069,7.89,34.724,7.688,1.859,0.784,0.157,0.058,0.485,0.452,0.014,0.024,0.162,0.185,0.252,0.295,0.257,0.066
91,6.906578314837765,8.31,21.125,3.671,1.24,0.811,0.156,0.516,0.357,0.388,0.283,0.206,0.475,0.26,0.341,0.315,0.319,0.321
92,5.932557157223619,5.65,418.297,136.842,4.719,0.747,0.153,0.784,0.425,0.447,0.923,0.469,0.233,0.426,0.306,0.226,0.469,0.542
93,7.173925197299173,5.8,11.973,7.142,2.031,0.566,0.153,0.512,0.422,0.465,0.564,0.217,0.425,0.297,0.402,0.353,0.268,0.402
94,7.769551078621726,9.75,322.683,3.842,1.406,0.984,0.151,0.637,0.306,0.409,0.605,0.11,0.198,0.171,0.234,0.144,0.228,0.304
95,5.823908740944319,3.28,60.318,14.142,2.795,0.781,0.152,0.117,0.512,0.441,0.039,0.286,0.328,0.389,0.346,0.364,0.343,0.218
96,5.881404634776238,8.58,134.746,15.543,4.49,0.871,0.151,0.106,0.613,0.355,0.033,0.395,0.239,0.491,0.292,0.439,0.348,0.222
97,6.218244625347531,1.63,296.509,5.741,1.402,0.976,0.156,0.641,0.41,0.46,0.624,0.181,0.374,0.28,0.347,0.23,0.257,0.393
98,6.471083299722345,4.46,391.68,12.241,1.524,0.966,0.151,0.683,0.496,0.425,0.611,0.304,0.488,0.389,0.375,0.38,0.316,0.468
99,6.586700235918748,0.36,295.29,4.791,1.34,0.98,0.165,0.903,0.592,0.441,0.999,0.27,0.167,0.341,0.224,0.396,0.253,0.479
100,6.698970004336019,9.6,12.02,3.7,0.822,0.727,0.168,0.587,0.413,0.264,0.348,0.34,0.209,0.309,0.162,0.324,0.186,0.299
101,6.6020599913279625,5.08,11.046,3.679,1.043,0.701,0.168,0.587,0.395,0.266,0.467,0.317,0.309,0.297,0.224,0.289,0.266,0.365
102,6.070581074285707,9.02,197.68,4.909,1.483,0.969,0.162,0.433,0.415,0.425,0.61,0.391,0.113,0.312,0.199,0.339,0.212,0.371
103,7.356547323513812,8.62,9.965,5.933,0.839,0.595,0.158,0.521,0.414,0.24,0.316,0.319,0.271,0.326,0.173,0.33,0.229,0.302
104,7.00436480540245,6.08,327.105,3.2,1.793,0.985,0.167,0.925,0.412,0.351,0.955,0.323,0.195,0.265,0.236,0.31,0.127,0.491
105,6.920818753952375,8.62,359.976,4.643,1.534,0.983,0.167,0.93,0.436,0.402,1.024,0.555,0.198,0.381,0.229,0.333,0.227,0.592
106,7.638272163982407,3.75,196.481,5.305,2.754,0.961,0.167,0.359,0.346,0.371,0.475,0.156,0.186,0.242,0.227,0.193,0.241,0.272
107,7.455931955649724,4.68,18.039,3.152,0.548,0.83,0.162,0.55,0.391,0.287,0.332,0.279,0.081,0.267,0.126,0.289,0.144,0.231
108,7.698970004336019,4.06,60.99,5.535,1.289,0.899,0.162,0.099,0.476,0.429,0.017,0.043,0.038,0.197,0.213,0.251,0.279,0.033
109,6.1938200260161125,8.95,14.249,4.665,1.197,0.709,0.163,0.641,0.472,0.37,0.446,0.361,0.084,0.353,0.161,0.303,0.2,0.297
110,7.698970004336019,5.18,17.945,3.243,0.627,0.823,0.163,0.557,0.387,0.273,0.361,0.324,0.062,0.283,0.113,0.299,0.128,0.249
112,7.744727494896693,6.08,226.813,7.607,2.475,0.957,0.158,0.775,0.376,0.483,0.722,0.378,0.126,0.33,0.23,0.386,0.267,0.409
113,8.698970004336019,9.58,16.853,4.566,1.747,0.727,0.158,0.613,0.408,0.461,0.435,0.346,0.107,0.296,0.21,0.291,0.243,0.296
114,8.045757490560675,8.2,38.442,8.099,4.829,0.748,0.152,0.073,0.473,0.389,0.026,0.336,0.008,0.103,0.307,0.187,0.3,0.123
115,8.698970004336019,9.3,14.55,3.78,2.056,0.714,0.159,0.572,0.45,0.414,0.382,0.313,0.155,0.293,0.233,0.263,0.312,0.283
116,7.4089353929735005,5.49,36.828,5.273,2.345,0.829,0.162,0.059,0.443,0.359,0.011,0.118,0.012,0.243,0.101,0.277,0.153,0.047
117,8.096910013008056,5.38,8.572,4.921,1.568,0.569,0.164,0.484,0.433,0.476,0.689,0.361,0.129,0.321,0.242,0.308,0.271,0.393
118,8.045757490560675,8.07,11.892,4.93,1.095,0.664,0.162,0.495,0.356,0.408,0.636,0.327,0.089,0.299,0.181,0.273,0.222,0.351
119,8.301029995663981,6.3,223.632,70.083,8.241,0.741,0.158,0.778,0.126,0.49,0.897,0.049,0.301,0.079,0.375,0.052,0.389,0.415
120,8.397940008672037,9.55,43.988,7.273,2.036,0.825,0.161,0.088,0.435,0.434,0.088,0.502,0.08,0.422,0.182,0.337,0.228,0.223
121,8.096910013008056,2.02,12.463,5.115,0.663,0.683,0.163,0.515,0.415,0.439,0.376,0.325,0.118,0.289,0.203,0.272,0.26,0.273
122,7.522878745280337,1.96,14.912,3.255,1.255,0.768,0.163,0.555,0.388,0.421,0.393,0.344,0.108,0.299,0.202,0.271,0.233,0.282
123,7.638272163982407,2.14,13.295,3.195,1.833,0.726,0.163,0.576,0.338,0.351,0.459,0.305,0.085,0.26,0.166,0.269,0.168,0.283
124,8.187086643357144,9.9,252.155,10.003,1.56,0.956,0.159,0.588,0.446,0.448,0.478,0.464,0.184,0.433,0.242,0.4,0.268,0.375
125,8.045757490560675,4.8,107.053,13.862,4.089,0.856,0.155,0.153,0.591,0.342,0.093,0.406,0.238,0.474,0.247,0.482,0.227,0.246
126,7.229147988357855,1.83,143.297,113.459,4.948,0.548,0.151,0.322,0.143,0.496,0.227,0.028,0.361,0.058,0.407,0.051,0.439,0.205
127,8.721246399047171,9.97,322.271,14.4,1.102,0.954,0.162,0.939,0.592,0.477,0.999,0.537,0.263,0.486,0.316,0.539,0.457,0.599
128,8.698970004336019,3.18,214.433,5.718,1.474,0.968,0.162,0.953,0.408,0.482,0.986,0.428,0.177,0.327,0.272,0.277,0.299,0.53
129,9.096910013008056,4.19,96.312,9.292,2.264,0.893,0.158,0.094,0.454,0.355,0.157,0.286,0.147,0.35,0.198,0.422,0.23,0.196
130,8.698970004336019,3.56,9.709,5.889,0.635,0.598,0.163,0.518,0.409,0.37,0.349,0.404,0.083,0.339,0.162,0.299,0.194,0.278
131,7.853871964321762,3.18,16.58,3.645,0.499,0.8,0.165,0.553,0.385,0.325,0.374,0.32,0.064,0.284,0.128,0.304,0.151,0.253
132,6.958607314841775,7.48,177.033,13.824,2.287,0.917,0.155,0.187,0.563,0.391,0.113,0.434,0.359,0.504,0.33,0.505,0.277,0.302
133,7.795880017344075,0.3,15.661,5.51,1.716,0.684,0.151,0.682,0.334,0.484,0.505,0.325,0.124,0.286,0.232,0.291,0.28,0.318
134,8.096910013008056,5.86,318.501,15.593,1.331,0.95,0.151,0.528,0.651,0.428,0.715,0.553,0.093,0.606,0.194,0.651,0.228,0.454
135,9.397940008672036,3.8,13.682,4.41,2.461,0.666,0.158,0.599,0.373,0.4,0.693,0.32,0.145,0.294,0.219,0.293,0.248,0.386
136,9.397940008672036,8.36,12.401,5.813,1.187,0.639,0.155,0.46,0.382,0.309,0.283,0.421,0.085,0.334,0.149,0.329,0.162,0.263
137,7.060480747381382,6.43,193.595,28.971,3.303,0.857,0.152,0.667,0.036,0.374,0.588,0.003,0.19,0.009,0.223,0.014,0.26,0.26
138,8.698970004336019,6.14,253.699,11.981,3.402,0.943,0.148,0.554,0.45,0.501,0.527,0.459,0.165,0.454,0.268,0.459,0.276,0.384
139,8.522878745280337,1.48,26.428,4.947,1.286,0.809,0.149,0.614,0.386,0.421,0.463,0.313,0.123,0.293,0.207,0.307,0.229,0.3
140,8.346787486224656,3.11,107.214,5.425,1.135,0.942,0.163,0.121,0.488,0.352,0.01,0.166,0.084,0.357,0.162,0.393,0.175,0.087
141,8.522878745280337,4.68,179.193,5.671,1.956,0.959,0.163,0.837,0.388,0.393,0.76,0.67,0.145,0.416,0.201,0.455,0.267,0.525
142,6.568636235841013,0.21,10.443,4.174,2.375,0.615,0.159,0.625,0.419,0.41,0.441,0.329,0.132,0.302,0.196,0.273,0.199,0.301
143,8.431798275933005,6.12,13.392,4.127,1.861,0.691,0.159,0.592,0.435,0.444,0.415,0.35,0.143,0.32,0.218,0.285,0.239,0.303
144,8.080921907623926,6.02,128.465,8.744,2.517,0.919,0.162,0.244,0.446,0.345,0.165,0.527,0.121,0.496,0.175,0.391,0.174,0.271
145,7.638272163982407,4.91,41.241,9.504,4.288,0.749,0.164,0.033,0.52,0.475,0.228,0.001,0.327,0.486,0.324,0.575,0.277,0.185
146,7.795880017344075,9.38,8.891,4.44,1.342,0.606,0.164,0.57,0.453,0.439,0.478,0.328,0.129,0.311,0.211,0.259,0.236,0.311
147,8.113509274827518,9.52,16.549,3.608,1.255,0.773,0.16,0.543,0.379,0.432,0.422,0.33,0.149,0.304,0.206,0.291,0.303,0.3
148,7.301029995663981,6.35,271.916,4.29,1.316,0.98,0.152,0.76,0.339,0.388,0.931,0.373,0.108,0.337,0.192,0.225,0.221,0.471
149,7.619788758288394,5.24,8.581,3.82,1.643,0.611,0.165,0.525,0.42,0.353,0.461,0.326,0.298,0.34,0.244,0.371,0.195,0.362
150,5.826813731587726,6.86,9.481,1.493,0.819,0.804,0.183,0.588,0.358,0.32,0.424,0.525,0.199,0.31,0.202,0.329,0.115,0.383
151,6.337242168318426,4.92,9.042,2.205,0.662,0.759,0.177,0.576,0.487,0.439,0.443,0.592,0.18,0.371,0.268,0.362,0.212,0.405
152,6.142667503568731,5.1,11.042,3.88,1.396,0.677,0.167,0.629,0.403,0.338,0.448,0.282,0.285,0.28,0.236,0.262,0.291,0.338
153,6.187086643357144,8.79,218.059,7.004,1.124,0.964,0.168,0.536,0.497,0.327,0.403,0.35,0.253,0.416,0.195,0.483,0.268,0.336
154,5.136677139879544,1.12,38.919,5.737,1.522,0.843,0.177,0.051,0.513,0.476,0.009,0.006,0.01,0.253,0.181,0.278,0.195,0.008
155,6.154901959985743,6.28,153.369,7.125,1.643,0.946,0.172,0.263,0.496,0.366,0.153,0.491,0.074,0.444,0.136,0.569,0.182,0.239
156,5.823908740944319,8.02,6.837,4.056,0.958,0.577,0.17,0.457,0.514,0.346,0.493,0.192,0.136,0.303,0.177,0.297,0.242,0.273
157,6.42021640338319,7.54,6.669,4.69,0.585,0.558,0.167,0.477,0.516,0.323,0.467,0.218,0.185,0.321,0.188,0.297,0.31,0.29
158,6.6777807052660805,3.05,6.717,5.084,0.839,0.531,0.163,0.456,0.409,0.359,0.422,0.287,0.081,0.317,0.149,0.383,0.17,0.263
159,6.619788758288394,6.27,28.607,6.447,4.77,0.718,0.16,0.031,0.515,0.387,0.011,0.023,0.003,0.37,0.291,0.6,0.377,0.012
160,6.537602002101044,4.67,292.452,5.575,1.573,0.976,0.167,0.977,0.423,0.467,1.087,0.311,0.153,0.361,0.22,0.29,0.297,0.517
161,6.161150909262744,4.66,7.135,5.913,0.436,0.529,0.163,0.519,0.442,0.278,0.455,0.267,0.057,0.386,0.104,0.343,0.14,0.26
162,6.4089353929735005,0.28,6.278,5.445,0.761,0.503,0.164,0.439,0.472,0.398,0.5,0.224,0.162,0.339,0.203,0.316,0.295,0.295
163,6.2076083105017466,3.61,168.528,76.742,5.865,0.671,0.167,0.286,0.075,0.472,0.367,0.003,0.182,0.013,0.345,0.022,0.403,0.184
164,6.0,9.28,7.903,5.796,0.821,0.544,0.165,0.417,0.414,0.275,0.382,0.353,0.047,0.315,0.102,0.303,0.123,0.261
165,5.958607314841775,4.47,26.526,6.509,1.154,0.776,0.165,0.046,0.457,0.349,0.013,0.024,0.012,0.282,0.163,0.344,0.195,0.016
166,5.6777807052660805,3.69,7.927,4.97,0.528,0.59,0.164,0.473,0.505,0.32,0.472,0.232,0.128,0.321,0.165,0.321,0.247,0.277
167,6.337242168318426,5.0,35.685,6.974,0.869,0.82,0.162,0.044,0.508,0.285,0.01,0.007,0.142,0.345,0.177,0.48,0.211,0.053
168,5.494850021680094,3.02,8.852,4.05,0.806,0.646,0.163,0.5,0.526,0.337,0.424,0.217,0.195,0.33,0.205,0.298,0.33,0.279
169,6.161150909262744,6.65,6.718,4.032,0.772,0.583,0.168,0.512,0.409,0.365,0.41,0.21,0.054,0.294,0.141,0.29,0.14,0.225
170,5.693360558975739,3.33,14.368,1.706,0.63,0.86,0.169,0.628,0.46,0.311,0.474,0.16,0.076,0.233,0.145,0.34,0.141,0.237
171,5.2826624172761365,6.69,13.807,1.656,1.025,0.837,0.168,0.625,0.509,0.411,0.545,0.297,0.188,0.304,0.25,0.51,0.372,0.343
172,5.460171441622101,9.35,13.768,1.605,0.5,0.867,0.172,0.607,0.43,0.297,0.45,0.177,0.154,0.22,0.181,0.356,0.266,0.26
173,5.88672530753565,1.34,14.492,1.878,0.726,0.848,0.164,0.614,0.518,0.329,0.525,0.197,0.095,0.27,0.164,0.407,0.145,0.272
174,6.050122295963125,0.38,199.272,9.281,0.553,0.953,0.158,0.566,0.282,0.28,1.039,0.211,0.037,0.215,0.097,0.221,0.128,0.429
175,6.266000713461613,0.48,85.134,14.62,1.617,0.84,0.164,0.109,0.54,0.466,0.045,0.503,0.217,0.51,0.287,0.491,0.393,0.255
176,6.350665141287858,3.85,15.308,2.495,1.576,0.79,0.161,0.608,0.427,0.426,0.551,0.344,0.141,0.33,0.229,0.528,0.258,0.346
177,6.277366077466188,0.79,11.703,2.75,1.42,0.737,0.158,0.507,0.495,0.428,0.457,0.298,0.126,0.354,0.21,0.414,0.244,0.294
178,6.348721986001856,5.7,220.634,1.891,0.57,0.989,0.185,0.903,0.436,0.39,0.903,0.166,0.136,0.243,0.191,0.176,0.223,0.401
179,6.576754126063192,2.99,98.78,7.879,0.847,0.919,0.162,0.167,0.426,0.452,0.06,0.307,0.224,0.373,0.289,0.338,0.399,0.197
180,7.346787486224656,9.33,175.673,36.882,1.645,0.82,0.164,0.452,0.046,0.357,0.78,0.515,0.214,0.13,0.249,0.012,0.356,0.503
181,7.638272163982407,9.9,17.816,2.062,0.745,0.864,0.164,0.586,0.521,0.362,0.783,0.197,0.138,0.269,0.184,0.403,0.197,0.373
182,6.705533773838407,4.21,15.504,2.874,0.665,0.814,0.164,0.619,0.493,0.257,0.727,0.442,0.097,0.368,0.136,0.58,0.145,0.422
183,7.040958607678906,0.24,16.011,2.003,1.378,0.826,0.164,0.625,0.475,0.426,0.59,0.272,0.114,0.3,0.214,0.427,0.183,0.326
184,7.585026652029182,3.77,119.015,8.936,1.794,0.917,0.164,0.119,0.514,0.438,0.086,0.409,0.163,0.488,0.238,0.438,0.321,0.219
185,7.154901959985743,3.04,165.699,8.37,1.595,0.943,0.164,0.391,0.478,0.478,0.387,0.401,0.182,0.408,0.266,0.376,0.203,0.324
186,7.154901959985743,2.93,18.304,2.233,1.275,0.839,0.161,0.602,0.502,0.379,0.507,0.208,0.164,0.263,0.235,0.372,0.246,0.293
187,7.318758762624412,0.89,16.96,2.274,0.998,0.838,0.164,0.605,0.511,0.323,0.759,0.26,0.252,0.316,0.222,0.473,0.245,0.424
188,7.795880017344075,3.1,15.273,1.945,1.529,0.815,0.164,0.6,0.517,0.407,0.633,0.567,0.163,0.325,0.249,0.519,0.253,0.454
189,7.552841968657781,2.69,172.127,7.094,0.792,0.956,0.166,0.217,0.394,0.29,0.225,0.285,0.399,0.302,0.246,0.266,0.322,0.303
190,5.596879478824182,5.09,12.312,2.319,0.39,0.82,0.169,0.63,0.485,0.273,0.489,0.265,0.036,0.316,0.088,0.412,0.102,0.263
191,5.3693687559795,6.84,15.472,1.693,0.34,0.884,0.172,0.584,0.457,0.257,0.442,0.237,0.095,0.262,0.129,0.398,0.114,0.258
192,5.419075024324381,7.01,356.888,77.801,4.648,0.812,0.159,0.588,0.175,0.412,0.328,0.155,0.227,0.148,0.277,0.082,0.297,0.237
193,8.0,4.19,10.608,5.321,0.522,0.645,0.161,0.495,0.468,0.188,0.403,0.272,0.037,0.333,0.074,0.382,0.084,0.237
194,5.543482142194737,7.64,137.365,98.509,0.468,0.581,0.179,0.242,0.115,0.351,0.206,0.008,0.076,0.025,0.225,0.053,0.261,0.097
195,5.349498205121633,8.75,9.353,2.008,0.184,0.81,0.181,0.531,0.474,0.36,0.54,0.173,0.109,0.243,0.182,0.236,0.175,0.274
196,5.4061603389187285,9.37,84.499,3.012,0.386,0.961,0.171,0.168,0.458,0.33,0.093,0.328,0.084,0.3,0.173,0.301,0.21,0.168
197,5.46826569072345,3.17,214.809,7.24,1.989,0.959,0.153,0.576,0.408,0.379,0.469,0.345,0.245,0.344,0.253,0.461,0.228,0.353
198,5.583193128177055,5.19,9.425,7.523,0.775,0.532,0.153,0.449,0.458,0.347,0.433,0.309,0.073,0.379,0.143,0.386,0.179,0.272
199,7.758827213229953,2.2,305.904,7.078,2.556,0.969,0.157,0.875,0.418,0.256,0.96,0.312,0.054,0.339,0.092,0.355,0.116,0.442
200,6.91721462968355,5.95,120.634,7.228,1.958,0.929,0.159,0.227,0.448,0.313,0.14,0.784,0.22,0.488,0.221,0.594,0.228,0.381
201,6.192464971931146,9.05,196.465,4.379,1.231,0.972,0.156,0.633,0.478,0.496,0.701,0.594,0.192,0.495,0.275,0.504,0.314,0.496
202,7.599980364934842,8.07,11.392,3.875,1.809,0.667,0.158,0.509,0.33,0.448,0.426,0.197,0.129,0.211,0.223,0.242,0.256,0.251
204,5.700000503883016,9.23,211.163,6.765,0.554,0.967,0.156,0.904,0.413,0.232,0.876,0.217,0.174,0.297,0.146,0.148,0.376,0.422
205,6.799998134593398,4.43,12.911,2.786,1.131,0.767,0.165,0.568,0.389,0.331,0.452,0.228,0.163,0.257,0.157,0.218,0.332,0.281
206,5.300000202445418,6.29,6.98,3.757,0.528,0.62,0.178,0.556,0.565,0.301,0.579,0.209,0.12,0.405,0.14,0.378,0.141,0.303
207,6.299997602857746,2.34,35.82,5.588,0.886,0.847,0.157,0.091,0.406,0.356,0.032,0.078,0.038,0.166,0.113,0.277,0.147,0.05
208,6.699991797446187,1.2,26.643,11.938,3.525,0.633,0.157,0.028,0.613,0.396,0.36,0.001,0.055,0.021,0.297,0.07,0.352,0.138
209,6.199998172182031,4.1,249.92,166.892,3.363,0.595,0.154,0.599,0.47,0.372,0.655,0.306,0.253,0.366,0.241,0.337,0.207,0.405
210,5.200000237109354,3.23,181.778,13.61,1.743,0.922,0.151,0.562,0.466,0.401,0.563,0.388,0.197,0.392,0.241,0.477,0.292,0.383
211,5.40000018605658,1.27,49.847,13.088,1.737,0.771,0.153,0.146,0.234,0.482,0.207,0.002,0.122,0.017,0.259,0.026,0.481,0.11
212,7.299988937677887,3.87,33.965,3.292,1.477,0.877,0.156,0.109,0.247,0.33,0.039,0.102,0.012,0.075,0.125,0.17,0.162,0.051
213,7.0,3.42,10.477,4.432,1.421,0.642,0.159,0.596,0.474,0.494,0.452,0.284,0.148,0.336,0.236,0.354,0.312,0.295
214,5.700000503883016,1.32,14.42,6.144,3.221,0.606,0.14,0.511,0.4,0.406,0.394,0.223,0.231,0.284,0.282,0.315,0.313,0.283
215,6.0999990348465305,1.29,55.324,44.114,3.104,0.54,0.151,0.067,0.074,0.439,0.035,0.002,0.357,0.01,0.4,0.015,0.494,0.131
216,5.59999938302362,6.31,298.331,6.395,0.994,0.976,0.169,0.921,0.553,0.398,0.911,0.467,0.106,0.488,0.205,0.801,0.226,0.495
217,5.800000874803203,1.66,21.988,3.494,0.794,0.837,0.155,0.565,0.44,0.355,0.611,0.662,0.052,0.436,0.147,0.57,0.175,0.442
218,8.299988937677888,6.96,181.819,4.275,0.662,0.974,0.168,0.872,0.401,0.396,0.91,0.164,0.214,0.178,0.27,0.164,0.284,0.43
219,8.299988937677888,6.35,218.737,74.512,2.149,0.74,0.149,0.412,0.101,0.334,0.368,0.029,0.203,0.051,0.268,0.033,0.182,0.2
220,5.899998417198648,7.37,6.506,5.211,2.785,0.449,0.156,0.444,0.39,0.459,0.306,0.24,0.15,0.304,0.213,0.345,0.27,0.232
221,6.0,1.26,176.641,4.833,0.653,0.97,0.163,0.824,0.423,0.388,0.845,0.291,0.169,0.335,0.177,0.345,0.406,0.435
222,7.0,9.08,326.935,253.415,120.726,0.466,0.157,0.481,0.445,0.39,0.652,0.358,0.253,0.472,0.264,0.327,0.17,0.421
223,6.0,0.71,14.067,2.509,0.794,0.81,0.167,0.577,0.438,0.316,0.724,0.367,0.039,0.378,0.128,0.305,0.149,0.377
224,5.300000202445418,7.3,6.428,2.687,0.61,0.661,0.175,0.56,0.555,0.454,0.357,0.283,0.278,0.309,0.295,0.39,0.259,0.306
225,5.499999678657065,1.09,256.912,8.971,1.707,0.96,0.151,0.767,0.347,0.25,1.02,0.432,0.108,0.365,0.158,0.408,0.146,0.52
226,7.100015437450609,2.15,123.403,7.783,1.916,0.927,0.163,0.251,0.478,0.317,0.476,0.234,0.105,0.293,0.175,0.384,0.213,0.272
227,6.799998134593398,9.92,13.411,2.737,0.168,0.822,0.171,0.551,0.462,0.287,0.33,0.299,0.053,0.29,0.098,0.312,0.183,0.227
228,6.499996931948306,7.09,338.466,135.188,8.801,0.702,0.161,0.977,0.282,0.432,1.081,0.2,0.356,0.243,0.399,0.166,0.406,0.546
229,5.800000874803203,8.96,25.296,3.554,1.397,0.836,0.151,0.567,0.388,0.411,0.71,0.294,0.153,0.28,0.215,0.37,0.287,0.386
231,6.199998172182031,8.74,329.166,138.903,0.547,0.702,0.167,0.67,0.316,0.31,0.901,0.141,0.139,0.191,0.17,0.198,0.161,0.394
232,6.599997654072044,8.82,54.113,2.958,0.988,0.932,0.163,0.097,0.389,0.293,0.009,0.157,0.025,0.265,0.1,0.478,0.123,0.064
233,5.800000874803203,4.26,222.854,7.336,2.009,0.96,0.168,0.45,0.436,0.234,0.298,0.398,0.041,0.332,0.091,0.556,0.074,0.245
234,7.0,6.79,400.309,128.036,4.34,0.751,0.172,0.591,0.533,0.431,0.571,0.674,0.189,0.524,0.397,0.463,0.224,0.478
235,5.700000503883016,0.87,50.196,3.216,0.946,0.923,0.145,0.559,0.378,0.35,0.422,0.213,0.075,0.218,0.149,0.388,0.17,0.237
236,5.800000874803203,6.95,33.524,14.807,2.484,0.66,0.139,0.108,0.329,0.271,0.067,0.111,0.014,0.15,0.048,0.249,0.082,0.064
237,6.299997602857746,2.0,11.065,4.526,0.736,0.678,0.163,0.587,0.473,0.384,0.573,0.64,0.067,0.432,0.151,0.627,0.156,0.427
238,5.40000018605658,8.08,163.781,6.581,1.168,0.955,0.175,0.384,0.367,0.298,0.283,0.48,0.081,0.345,0.158,0.259,0.177,0.281
239,5.499999678657065,7.59,5.801,3.992,1.443,0.516,0.168,0.468,0.473,0.382,0.87,0.142,0.234,0.295,0.364,0.348,0.239,0.416
240,5.59999938302362,1.56,11.443,7.339,1.522,0.564,0.146,0.401,0.399,0.44,0.569,0.518,0.165,0.415,0.222,0.249,0.262,0.417
241,5.300000202445418,4.33,27.14,2.733,2.097,0.849,0.147,0.504,0.373,0.392,0.543,0.17,0.126,0.205,0.204,0.262,0.239,0.28
242,7.299988937677887,1.73,152.541,19.467,0.585,0.884,0.161,0.233,0.543,0.404,0.07,0.14,0.091,0.287,0.185,0.308,0.245,0.1
243,5.800000874803203,8.69,82.444,31.394,1.18,0.717,0.146,0.118,0.536,0.347,0.102,0.467,0.19,0.495,0.221,0.359,0.221,0.253
244,7.700057099977233,7.5,278.569,12.584,2.147,0.95,0.162,0.942,0.484,0.434,0.824,0.264,0.242,0.331,0.278,0.212,0.24,0.443
245,5.200000237109354,9.44,478.34,92.94,2.118,0.834,0.141,0.606,0.421,0.442,0.55,0.295,0.181,0.332,0.253,0.291,0.274,0.342
247,5.200000237109354,0.68,64.832,12.949,2.333,0.809,0.151,0.124,0.553,0.457,0.09,0.151,0.243,0.301,0.279,0.208,0.335,0.161
248,6.0,9.3,15.882,5.652,2.745,0.654,0.147,0.62,0.357,0.283,0.42,0.374,0.127,0.334,0.174,0.486,0.183,0.307
249,7.299988937677887,4.97,276.092,120.715,27.483,0.651,0.162,0.431,0.288,0.06,0.314,0.233,0.004,0.295,0.011,0.231,0.026,0.184
250,6.199998172182031,3.94,88.02,10.937,2.923,0.864,0.151,0.149,0.553,0.425,0.083,0.414,0.493,0.465,0.404,0.452,0.451,0.33
251,6.699991797446187,2.03,46.934,1.581,1.117,0.946,0.148,0.522,0.331,0.369,0.541,0.184,0.14,0.208,0.185,0.25,0.275,0.288
252,7.0,2.21,10.985,2.934,2.525,0.668,0.15,0.439,0.399,0.41,0.423,0.338,0.191,0.286,0.251,0.463,0.238,0.317
253,6.199998172182031,6.3,9.788,4.341,0.604,0.664,0.159,0.481,0.472,0.254,0.415,0.296,0.057,0.327,0.101,0.383,0.116,0.256
254,6.699991797446187,0.23,13.706,2.208,1.417,0.791,0.16,0.598,0.35,0.451,0.474,0.378,0.123,0.284,0.223,0.24,0.255,0.325
255,7.400007822415902,9.11,206.257,5.055,1.86,0.968,0.15,0.927,0.501,0.439,0.996,0.274,0.164,0.373,0.275,0.366,0.322,0.478
256,6.699991797446187,8.51,11.34,5.369,1.464,0.624,0.153,0.543,0.383,0.419,0.446,0.403,0.114,0.357,0.204,0.613,0.195,0.321
257,6.699991797446187,2.58,15.484,1.316,1.137,0.863,0.165,0.592,0.499,0.437,0.781,0.257,0.093,0.27,0.197,0.459,0.249,0.377
258,6.199998172182031,0.91,421.376,96.138,4.736,0.807,0.147,0.983,0.212,0.4,0.951,0.038,0.429,0.086,0.365,0.067,0.419,0.473
260,6.900008766455316,9.71,15.65,2.731,0.867,0.813,0.162,0.553,0.435,0.393,0.386,0.571,0.148,0.341,0.283,0.399,0.317,0.368
261,5.300000202445418,1.48,12.175,2.086,0.317,0.835,0.172,0.559,0.485,0.382,0.488,0.173,0.117,0.239,0.158,0.323,0.227,0.259
262,5.40000018605658,1.66,13.512,3.664,1.035,0.742,0.162,0.518,0.296,0.316,0.316,0.55,0.076,0.296,0.131,0.362,0.179,0.314
263,7.899974269892137,1.99,187.621,8.107,2.696,0.946,0.159,0.446,0.377,0.423,0.551,0.398,0.199,0.292,0.298,0.461,0.205,0.383
264,6.599997654072044,4.74,34.928,4.83,3.344,0.81,0.174,0.048,0.468,0.332,0.113,0.539,0.193,0.424,0.205,0.282,0.23,0.281
265,7.50003813440381,9.44,10.926,5.474,0.945,0.63,0.152,0.568,0.42,0.35,0.664,0.528,0.136,0.452,0.185,0.61,0.196,0.442
266,5.899998417198648,8.68,10.424,1.984,0.924,0.782,0.175,0.543,0.302,0.333,0.582,0.327,0.038,0.223,0.11,0.32,0.116,0.316
267,5.899998417198648,5.57,295.136,20.028,4.143,0.924,0.144,0.74,0.521,0.387,0.802,0.443,0.201,0.495,0.275,0.48,0.266,0.482
268,6.299997602857746,5.91,10.66,5.637,0.349,0.64,0.162,0.447,0.433,0.281,0.609,0.201,0.027,0.348,0.087,0.34,0.114,0.279
269,8.100015437450608,2.4,10.164,4.558,0.502,0.668,0.163,0.584,0.568,0.242,0.487,0.413,0.431,0.393,0.203,0.487,0.479,0.444
270,8.500038134403809,6.77,23.044,2.259,0.826,0.882,0.158,0.591,0.326,0.231,0.44,0.214,0.068,0.191,0.106,0.308,0.125,0.241
271,6.0999990348465305,9.18,85.287,12.076,2.924,0.85,0.163,0.065,0.459,0.401,0.083,0.313,0.149,0.371,0.222,0.407,0.292,0.182
272,6.199998172182031,4.99,78.779,13.638,2.656,0.829,0.154,0.06,0.554,0.268,0.013,0.006,0.193,0.153,0.197,0.306,0.162,0.071
273,6.399996913372259,9.25,255.591,5.026,2.914,0.97,0.171,0.499,0.458,0.228,0.645,0.438,0.037,0.383,0.078,0.505,0.093,0.374
274,8.100015437450608,5.28,13.498,4.714,2.189,0.662,0.155,0.583,0.518,0.378,0.382,0.436,0.23,0.462,0.248,0.44,0.338,0.349
275,7.0,2.04,169.124,20.423,2.312,0.882,0.152,0.134,0.605,0.545,0.039,0.412,0.11,0.487,0.236,0.65,0.298,0.187
276,5.300000202445418,6.47,69.014,5.466,1.065,0.914,0.155,0.2,0.527,0.405,0.285,0.55,0.11,0.508,0.18,0.478,0.279,0.315
277,5.499999678657065,1.29,81.12,5.608,0.745,0.927,0.16,0.155,0.414,0.221,0.042,0.42,0.04,0.349,0.088,0.439,0.125,0.168
278,5.59999938302362,6.11,7.096,2.472,0.131,0.732,0.185,0.561,0.422,0.338,0.934,0.339,0.028,0.536,0.08,0.516,0.106,0.434
280,6.0999990348465305,4.88,8.741,3.33,0.489,0.696,0.175,0.544,0.471,0.303,0.759,0.213,0.138,0.258,0.275,0.26,0.126,0.37
281,6.299997602857746,7.71,301.565,124.174,0.688,0.707,0.159,0.665,0.32,0.454,0.692,0.435,0.421,0.239,0.321,0.167,0.297,0.516
282,6.0,2.98,323.686,129.404,8.688,0.701,0.15,0.678,0.271,0.363,1.039,0.129,0.108,0.194,0.162,0.125,0.212,0.425
283,4.200000030616179,8.74,91.197,3.343,0.351,0.961,0.204,0.18,0.468,0.387,0.084,0.948,0.068,0.519,0.192,0.361,0.372,0.367
284,7.299988937677887,4.77,13.83,4.098,1.15,0.725,0.161,0.542,0.41,0.365,0.303,0.586,0.101,0.403,0.185,0.45,0.206,0.33
285,6.599997654072044,3.28,15.257,2.334,1.425,0.802,0.159,0.578,0.407,0.344,0.375,0.658,0.081,0.328,0.155,0.439,0.152,0.371
286,6.0,3.8,138.214,8.567,1.8,0.93,0.156,0.248,0.425,0.431,0.187,0.615,0.446,0.494,0.342,0.429,0.322,0.416
287,6.599997654072044,5.07,71.208,5.914,0.859,0.913,0.172,0.09,0.495,0.411,0.005,0.422,0.113,0.444,0.212,0.511,0.221,0.18
288,5.700000503883016,3.4,101.197,40.161,2.108,0.705,0.155,0.164,0.038,0.385,0.047,0.003,0.143,0.01,0.206,0.017,0.224,0.064
289,7.0,9.71,238.787,125.517,7.648,0.642,0.156,0.577,0.126,0.482,0.51,0.036,0.385,0.062,0.422,0.035,0.41,0.31
290,7.599980364934842,3.77,10.617,4.894,1.184,0.636,0.164,0.569,0.422,0.404,0.685,0.257,0.16,0.262,0.186,0.315,0.372,0.367
293,6.599997654072044,4.74,35.872,2.388,2.254,0.885,0.146,0.573,0.374,0.462,0.562,0.372,0.125,0.29,0.205,0.297,0.206,0.353
294,5.499999678657065,1.47,156.091,124.887,5.225,0.545,0.161,0.149,0.299,0.363,0.333,0.038,0.153,0.089,0.227,0.053,0.235,0.175
295,5.499999678657065,5.08,11.957,1.749,0.191,0.86,0.177,0.571,0.457,0.299,0.443,0.211,0.124,0.241,0.138,0.351,0.259,0.259
296,8.199970640755867,4.36,151.665,10.219,2.115,0.925,0.164,0.204,0.516,0.463,0.165,0.632,0.205,0.506,0.27,0.651,0.314,0.334
297,5.899998417198648,3.41,182.871,4.598,1.855,0.966,0.156,0.453,0.358,0.281,0.363,0.277,0.174,0.254,0.222,0.386,0.162,0.271
298,7.299988937677887,8.33,43.699,5.055,1.726,0.866,0.14,0.577,0.355,0.378,0.389,0.371,0.145,0.299,0.221,0.263,0.241,0.301
299,5.700000503883016,3.23,244.068,27.24,3.781,0.887,0.149,0.905,0.028,0.34,0.951,0.139,0.206,0.025,0.244,0.009,0.222,0.432
300,5.200000237109354,8.17,52.035,18.17,3.829,0.703,0.147,0.069,0.491,0.3,0.061,0.247,0.304,0.274,0.275,0.306,0.425,0.204
301,5.700000503883016,4.19,389.549,130.329,1.763,0.747,0.164,0.534,0.47,0.313,0.546,0.66,0.192,0.559,0.204,0.523,0.23,0.466
302,6.299997602857746,4.23,176.646,6.314,0.914,0.961,0.172,0.525,0.456,0.454,0.581,0.197,0.242,0.289,0.273,0.275,0.283,0.34
303,5.700000503883016,8.55,22.576,3.817,0.757,0.832,0.152,0.58,0.488,0.425,0.618,0.201,0.136,0.266,0.209,0.271,0.263,0.318
304,5.800000874803203,7.92,133.41,3.336,0.032,0.975,0.185,0.202,0.432,0.223,0.084,0.299,0.044,0.319,0.078,0.496,0.1,0.142
305,5.499999678657065,6.86,216.63,79.898,2.839,0.724,0.157,0.205,0.148,0.384,0.236,0.105,0.368,0.129,0.398,0.072,0.374,0.236
306,5.800000874803203,5.16,7.055,4.401,1.474,0.546,0.162,0.576,0.47,0.31,0.336,0.382,0.158,0.378,0.156,0.445,0.329,0.292
307,5.200000237109354,8.61,15.577,4.846,1.345,0.716,0.146,0.499,0.374,0.301,0.429,0.393,0.075,0.343,0.142,0.563,0.131,0.299
308,5.700000503883016,2.66,198.613,6.103,1.498,0.963,0.153,0.213,0.335,0.421,0.255,0.23,0.21,0.281,0.289,0.214,0.32,0.232
309,6.799998134593398,3.87,19.782,4.661,0.584,0.79,0.162,0.508,0.353,0.375,0.435,0.177,0.265,0.222,0.239,0.233,0.245,0.292
310,4.70000006855703,8.09,118.19,2.271,0.797,0.975,0.197,0.157,0.51,0.55,0.01,0.692,0.076,0.466,0.439,0.533,0.513,0.259
311,5.800000874803203,6.73,306.844,6.904,2.263,0.971,0.152,0.94,0.5,0.426,0.944,0.279,0.242,0.334,0.27,0.344,0.196,0.488
312,6.799998134593398,8.12,10.489,3.457,1.094,0.697,0.171,0.56,0.399,0.335,1.446,0.16,0.12,0.238,0.173,0.407,0.196,0.575
313,6.399996913372259,0.56,188.149,2.338,1.566,0.98,0.155,0.759,0.47,0.43,0.837,0.193,0.138,0.248,0.226,0.306,0.244,0.389
314,8.100015437450608,9.75,176.404,4.998,0.965,0.967,0.157,0.681,0.405,0.368,0.569,0.304,0.113,0.311,0.196,0.45,0.179,0.329
315,8.100015437450608,0.88,187.087,2.786,1.153,0.979,0.168,0.459,0.486,0.371,0.445,0.32,0.172,0.345,0.197,0.341,0.255,0.312
316,6.0,9.64,43.816,11.731,1.732,0.765,0.156,0.036,0.531,0.331,0.111,0.507,0.382,0.467,0.282,0.211,0.229,0.333
317,5.800000874803203,8.85,19.849,2.112,0.841,0.871,0.162,0.596,0.326,0.316,0.385,0.829,0.05,0.359,0.12,0.498,0.143,0.421
318,6.0999990348465305,5.5,142.843,103.628,4.455,0.569,0.16,0.184,0.185,0.5,0.129,0.021,0.349,0.058,0.333,0.063,0.491,0.167
319,6.599997654072044,9.68,18.323,2.035,1.191,0.85,0.16,0.602,0.337,0.495,0.423,0.61,0.109,0.297,0.228,0.392,0.236,0.381
320,5.499999678657065,3.45,12.088,3.426,0.213,0.769,0.168,0.499,0.47,0.227,1.499,0.098,0.039,0.224,0.094,0.285,0.132,0.545
321,7.599980364934842,8.65,14.679,7.142,1.787,0.622,0.149,0.447,0.453,0.539,0.407,0.27,0.18,0.314,0.276,0.337,0.322,0.286
322,7.400007822415902,3.5,9.846,2.149,0.272,0.803,0.174,0.599,0.532,0.188,0.499,0.239,0.027,0.302,0.059,0.295,0.081,0.255
323,5.899998417198648,7.79,382.785,145.948,4.548,0.718,0.149,0.587,0.748,0.413,0.458,0.951,0.255,0.888,0.307,0.874,0.331,0.554
324,6.499996931948306,9.7,13.656,3.077,0.619,0.787,0.165,0.567,0.392,0.236,0.415,0.235,0.068,0.245,0.101,0.342,0.1,0.239
325,6.299997602857746,6.73,213.671,2.758,1.492,0.981,0.158,0.866,0.47,0.322,0.792,0.152,0.083,0.243,0.139,0.232,0.166,0.342
326,6.900008766455316,4.0,386.921,8.378,2.175,0.973,0.149,0.678,0.405,0.377,0.71,0.359,0.148,0.328,0.213,0.335,0.256,0.406
327,7.400007822415902,6.66,226.49,4.169,2.476,0.971,0.156,0.93,0.39,0.415,0.971,0.465,0.106,0.293,0.221,0.446,0.202,0.514
328,6.399996913372259,1.55,206.654,16.441,1.783,0.919,0.156,0.733,0.565,0.378,0.789,0.305,0.116,0.401,0.205,0.405,0.314,0.403
329,6.0,6.15,235.007,7.09,1.246,0.966,0.153,0.613,0.435,0.297,0.732,0.196,0.226,0.268,0.197,0.301,0.26,0.385
330,6.0999990348465305,5.46,246.473,17.361,1.562,0.929,0.139,0.738,0.483,0.389,0.811,0.595,0.125,0.502,0.204,0.471,0.227,0.51
331,5.700000503883016,0.66,14.099,4.813,0.28,0.735,0.159,0.486,0.456,0.267,0.562,0.288,0.059,0.314,0.097,0.398,0.091,0.303
332,7.700057099977233,7.98,18.113,3.891,2.437,0.741,0.149,0.522,0.407,0.456,0.417,0.509,0.191,0.31,0.309,0.686,0.307,0.372
333,5.700000503883016,5.88,22.947,3.304,0.975,0.843,0.154,0.541,0.393,0.349,0.549,0.18,0.086,0.226,0.144,0.268,0.197,0.272
334,6.0999990348465305,0.7,10.501,3.434,1.92,0.662,0.153,0.472,0.432,0.415,0.465,0.554,0.203,0.384,0.261,0.265,0.346,0.407
335,7.0,9.09,157.755,3.348,1.883,0.968,0.162,0.585,0.371,0.485,0.565,0.378,0.164,0.309,0.239,0.471,0.265,0.369
336,6.399996913372259,8.77,280.409,84.455,2.666,0.763,0.145,0.315,0.177,0.393,0.236,0.27,0.3,0.181,0.308,0.377,0.279,0.269
337,6.399996913372259,8.1,9.021,5.596,1.026,0.577,0.158,0.512,0.462,0.515,0.426,0.298,0.176,0.333,0.265,0.362,0.293,0.3
338,5.200000237109354,1.8,11.269,2.078,0.408,0.819,0.177,0.603,0.426,0.394,1.15,0.268,0.13,0.412,0.273,0.327,0.354,0.516
339,6.399996913372259,9.82,187.028,5.971,3.493,0.952,0.152,0.29,0.369,0.394,0.341,0.227,0.233,0.252,0.279,0.238,0.317,0.267
340,4.399999967876858,1.85,7.52,2.364,0.521,0.723,0.177,0.487,0.461,0.4,0.405,0.351,0.045,0.301,0.128,0.31,0.153,0.267
342,6.699991797446187,5.65,164.118,7.718,2.223,0.943,0.147,0.179,0.417,0.393,0.11,0.307,0.329,0.366,0.3,0.431,0.28,0.249
343,6.199998172182031,2.3,227.167,15.547,1.731,0.929,0.155,0.622,0.544,0.39,0.59,0.543,0.144,0.493,0.209,0.439,0.22,0.426
344,5.800000874803203,8.44,165.48,4.276,0.604,0.971,0.156,0.455,0.6,0.341,0.262,0.376,0.072,0.43,0.122,0.436,0.162,0.237
345,6.199998172182031,9.09,229.158,6.986,0.909,0.967,0.159,0.733,0.4,0.226,1.026,0.347,0.061,0.311,0.106,0.304,0.15,0.478
346,5.200000237109354,3.79,12.707,5.416,1.206,0.657,0.156,0.476,0.359,0.34,0.48,0.243,0.424,0.251,0.283,0.398,0.329,0.382
347,6.799998134593398,8.64,266.225,116.383,3.995,0.689,0.149,0.269,0.291,0.472,0.158,0.457,0.283,0.372,0.324,0.524,0.339,0.299
348,6.900008766455316,3.2,10.442,6.935,1.008,0.568,0.156,0.412,0.404,0.269,0.331,0.282,0.272,0.284,0.186,0.418,0.238,0.295
349,5.800000874803203,8.87,450.4,119.903,5.044,0.783,0.152,0.99,0.236,0.472,1.07,0.269,0.476,0.274,0.456,0.198,0.464,0.605
350,6.499996931948306,4.01,20.978,7.031,1.412,0.713,0.149,0.591,0.505,0.457,0.453,0.3,0.173,0.325,0.259,0.462,0.309,0.309
351,5.800000874803203,6.42,68.655,41.578,5.071,0.595,0.162,0.098,0.112,0.449,0.084,0.004,0.363,0.028,0.402,0.034,0.535,0.15
352,7.400007822415902,5.94,16.097,9.364,1.567,0.596,0.147,0.533,0.458,0.37,0.429,0.37,0.13,0.4,0.181,0.444,0.185,0.31
353,6.299997602857746,2.44,187.971,16.825,1.925,0.909,0.152,0.542,0.485,0.368,0.628,0.376,0.136,0.421,0.207,0.5,0.213,0.38
354,7.100015437450609,0.98,37.173,7.974,1.342,0.8,0.139,0.557,0.364,0.45,0.387,0.276,0.113,0.277,0.211,0.383,0.221,0.259
355,5.499999678657065,0.91,20.052,1.934,1.207,0.865,0.156,0.576,0.385,0.367,0.404,0.572,0.131,0.276,0.219,0.373,0.222,0.369
356,6.299997602857746,0.81,46.432,3.971,3.111,0.868,0.156,0.081,0.361,0.392,0.084,0.18,0.251,0.203,0.297,0.509,0.249,0.172
357,5.499999678657065,8.97,207.337,2.415,1.114,0.983,0.167,0.91,0.436,0.35,0.849,0.404,0.031,0.422,0.14,0.361,0.119,0.428
358,5.700000503883016,8.98,26.6,3.324,1.418,0.849,0.151,0.636,0.427,0.363,0.628,0.182,0.084,0.244,0.159,0.296,0.179,0.298
359,6.900008766455316,7.66,196.354,9.751,2.655,0.941,0.156,0.643,0.377,0.391,0.519,0.466,0.1,0.423,0.173,0.283,0.163,0.362
360,5.899998417198648,5.93,56.714,14.415,4.67,0.748,0.155,0.052,0.558,0.446,0.39,0.002,0.422,0.406,0.427,0.37,0.401,0.271
361,5.899998417198648,1.85,19.327,2.092,0.98,0.863,0.158,0.616,0.496,0.328,0.419,0.208,0.111,0.262,0.169,0.382,0.214,0.246
362,5.800000874803203,7.97,15.504,6.486,0.386,0.693,0.155,0.575,0.49,0.231,0.449,0.222,0.099,0.317,0.102,0.361,0.095,0.257
363,7.700057099977233,1.62,12.396,6.745,1.796,0.592,0.153,0.635,0.491,0.323,0.453,0.307,0.138,0.361,0.17,0.409,0.212,0.299
364,5.899998417198648,0.38,14.132,3.444,0.497,0.782,0.167,0.572,0.37,0.427,0.349,0.211,0.162,0.203,0.223,0.38,0.287,0.241
365,5.899998417198648,9.5,137.81,92.772,5.37,0.584,0.163,0.329,0.167,0.446,0.412,0.05,0.233,0.085,0.317,0.056,0.3,0.232
366,5.59999938302362,2.57,18.559,2.106,1.055,0.854,0.162,0.581,0.448,0.367,0.421,0.227,0.168,0.267,0.236,0.393,0.284,0.272
367,6.499996931948306,2.79,28.802,14.358,1.58,0.644,0.153,0.234,0.065,0.36,0.554,0.002,0.012,0.009,0.106,0.013,0.15,0.189
368,4.399999967876858,2.98,274.909,3.224,0.167,0.988,0.2,0.934,0.547,0.448,0.925,0.281,0.513,0.301,0.379,0.3,0.278,0.573
369,5.700000503883016,0.63,7.937,2.443,0.523,0.728,0.177,0.544,0.486,0.38,0.541,0.167,0.229,0.231,0.201,0.258,0.419,0.312
370,7.0,3.7,19.084,6.54,1.667,0.699,0.147,0.518,0.38,0.434,0.391,0.455,0.136,0.315,0.225,0.65,0.238,0.327
371,7.50003813440381,7.91,206.523,82.523,2.22,0.709,0.161,0.634,0.076,0.417,0.514,0.093,0.433,0.037,0.372,0.028,0.468,0.346
372,6.0,9.87,12.199,3.036,1.447,0.731,0.157,0.54,0.397,0.373,0.457,0.307,0.108,0.314,0.172,0.257,0.237,0.291
373,5.59999938302362,0.26,21.579,4.034,1.327,0.801,0.145,0.509,0.385,0.421,0.285,0.389,0.183,0.357,0.231,0.529,0.356,0.286
374,6.699991797446187,6.16,240.278,4.525,1.996,0.974,0.163,0.958,0.458,0.39,0.965,0.454,0.201,0.372,0.219,0.389,0.217,0.54
375,6.0999990348465305,0.08,14.358,4.322,2.37,0.682,0.151,0.593,0.357,0.44,0.568,0.346,0.217,0.282,0.321,0.311,0.404,0.377
378,7.0,0.31,9.923,3.801,1.65,0.645,0.166,0.58,0.503,0.401,0.682,0.617,0.303,0.401,0.302,1.085,0.301,0.534
379,6.0,0.55,15.154,3.371,2.13,0.734,0.154,0.472,0.276,0.294,0.342,0.626,0.185,0.175,0.337,0.232,0.451,0.384
380,4.70000006855703,3.73,6.936,2.675,0.827,0.664,0.174,0.512,0.403,0.263,0.333,0.207,0.059,0.239,0.113,0.337,0.128,0.2
381,4.200000030616179,3.29,5.791,2.091,1.35,0.627,0.171,0.495,0.49,0.402,0.499,0.181,0.106,0.27,0.182,0.318,0.182,0.262
382,5.59999938302362,7.48,18.508,3.814,0.477,0.812,0.159,0.628,0.436,0.236,0.464,0.256,0.037,0.308,0.085,0.405,0.095,0.252
383,5.59999938302362,5.7,266.969,6.417,3.376,0.965,0.146,0.872,0.517,0.449,0.866,0.29,0.264,0.368,0.293,0.387,0.364,0.473
384,7.599980364934842,3.11,24.197,4.796,1.985,0.781,0.147,0.642,0.447,0.474,0.707,0.52,0.186,0.43,0.283,0.625,0.266,0.471
385,5.499999678657065,4.91,150.242,22.401,11.284,0.817,0.139,0.495,0.103,0.049,0.392,0.309,0.001,0.274,0.004,0.234,0.009,0.234
386,5.40000018605658,9.89,10.372,3.3,0.995,0.707,0.16,0.459,0.428,0.397,0.305,0.354,0.092,0.35,0.178,0.494,0.187,0.25
387,5.899998417198648,2.99,202.888,4.201,2.61,0.968,0.146,0.674,0.49,0.401,0.814,0.276,0.296,0.314,0.302,0.322,0.392,0.462
388,6.599997654072044,9.55,289.039,19.015,3.832,0.927,0.153,0.301,0.58,0.406,0.215,0.513,0.154,0.445,0.236,0.478,0.304,0.294
389,8.100015437450608,9.34,14.211,4.043,1.303,0.727,0.156,0.547,0.458,0.373,0.506,0.197,0.27,0.26,0.259,0.286,0.419,0.324
390,7.0,7.6,208.322,84.527,3.879,0.702,0.151,0.302,0.227,0.388,0.222,0.151,0.243,0.129,0.282,0.089,0.334,0.205
391,5.499999678657065,0.86,26.675,2.683,1.79,0.856,0.149,0.548,0.464,0.392,0.499,0.292,0.147,0.307,0.213,0.346,0.232,0.313
393,7.50003813440381,1.57,232.673,4.342,1.595,0.975,0.168,0.81,0.364,0.39,0.615,0.327,0.14,0.348,0.223,0.144,0.273,0.36
394,6.900008766455316,3.84,244.251,128.026,1.982,0.653,0.151,0.481,0.29,0.425,0.366,0.193,0.159,0.264,0.228,0.208,0.303,0.239
396,8.400007822415901,1.98,16.411,2.559,1.358,0.807,0.162,0.528,0.302,0.305,0.682,0.196,0.257,0.193,0.231,0.269,0.117,0.378
397,5.899998417198648,3.62,15.284,7.537,1.677,0.624,0.146,0.6,0.37,0.453,0.343,0.419,0.167,0.371,0.253,0.443,0.27,0.31
398,7.0,6.11,369.905,5.754,0.177,0.984,0.179,0.89,0.495,0.429,0.666,0.584,0.083,0.506,0.304,0.377,0.312,0.445
399,6.799998134593398,1.8,275.336,6.003,0.56,0.977,0.158,0.944,0.42,0.369,0.961,0.293,0.112,0.33,0.177,0.32,0.178,0.455
400,5.200000237109354,6.32,13.588,3.035,0.903,0.775,0.163,0.602,0.428,0.452,0.518,0.275,0.109,0.286,0.189,0.43,0.21,0.3
401,6.0999990348465305,5.59,11.632,2.084,0.801,0.801,0.171,0.54,0.422,0.429,0.409,0.293,0.077,0.244,0.157,0.305,0.184,0.26
402,6.299997602857746,4.51,7.958,4.551,1.308,0.576,0.163,0.545,0.405,0.406,0.719,0.323,0.177,0.328,0.269,0.252,0.312,0.406
403,5.499999678657065,3.95,17.498,2.258,1.554,0.821,0.155,0.547,0.434,0.348,0.472,0.448,0.095,0.346,0.17,0.366,0.235,0.338
404,7.79997073344623,1.93,411.486,118.796,3.057,0.772,0.165,0.778,0.457,0.457,0.839,0.424,0.24,0.451,0.28,0.299,0.363,0.501
405,6.199998172182031,9.3,5.654,5.209,0.895,0.481,0.16,0.538,0.482,0.378,0.387,0.317,0.083,0.36,0.166,0.365,0.19,0.263
406,5.700000503883016,4.85,177.69,7.769,2.044,0.948,0.151,0.717,0.418,0.386,0.795,0.267,0.229,0.318,0.245,0.348,0.25,0.43
407,5.59999938302362,6.27,477.647,10.388,2.598,0.974,0.143,0.687,0.38,0.358,0.687,0.365,0.241,0.352,0.257,0.326,0.276,0.431
408,5.700000503883016,6.64,11.313,4.537,0.667,0.685,0.163,0.593,0.465,0.308,0.454,0.671,0.065,0.433,0.126,0.736,0.14,0.397
409,5.59999938302362,3.16,7.049,3.722,0.838,0.607,0.169,0.53,0.37,0.237,0.534,0.419,0.042,0.362,0.093,0.433,0.131,0.332
410,7.0,0.84,12.526,4.029,0.871,0.719,0.156,0.573,0.33,0.286,0.468,0.603,0.077,0.363,0.134,0.468,0.138,0.383
411,6.199998172182031,4.15,26.429,17.988,3.253,0.554,0.157,0.031,0.552,0.35,0.432,0.002,0.094,0.006,0.173,0.01,0.185,0.176
412,7.700057099977233,0.23,25.094,3.249,0.896,0.858,0.155,0.582,0.403,0.374,0.439,0.231,0.083,0.26,0.155,0.315,0.174,0.251
413,6.599997654072044,0.64,394.308,5.197,2.426,0.981,0.149,0.949,0.353,0.527,1.003,0.212,0.157,0.247,0.232,0.381,0.275,0.457
414,5.800000874803203,1.38,311.956,18.944,1.291,0.939,0.146,0.329,0.433,0.188,0.345,0.415,0.078,0.417,0.103,0.348,0.109,0.28
415,6.199998172182031,8.99,114.716,32.721,4.59,0.755,0.153,0.183,0.031,0.397,0.339,0.003,0.01,0.008,0.118,0.009,0.154,0.117
416,6.0999990348465305,6.89,293.887,7.454,2.242,0.968,0.158,0.64,0.523,0.472,0.565,0.374,0.238,0.402,0.296,0.443,0.275,0.392
417,5.499999678657065,4.82,8.942,3.16,0.154,0.73,0.172,0.565,0.464,0.316,0.312,0.412,0.089,0.351,0.11,0.377,0.195,0.271
418,6.599997654072044,4.23,221.743,8.092,2.635,0.954,0.163,0.522,0.234,0.408,0.554,0.087,0.182,0.133,0.226,0.11,0.267,0.274
419,5.300000202445418,1.39,80.08,7.579,2.171,0.891,0.153,0.146,0.574,0.369,0.126,0.46,0.286,0.483,0.282,0.435,0.491,0.291
420,4.300000029139088,2.73,9.209,2.216,1.207,0.729,0.172,0.575,0.444,0.399,0.59,0.206,0.14,0.259,0.203,0.35,0.176,0.312
421,6.599997654072044,5.02,14.662,3.631,1.707,0.733,0.151,0.612,0.474,0.478,0.445,0.441,0.256,0.447,0.324,0.409,0.433,0.381
422,5.499999678657065,4.38,7.16,4.904,1.439,0.53,0.161,0.493,0.451,0.464,0.5,0.268,0.525,0.332,0.339,0.322,0.409,0.431
423,6.199998172182031,2.25,116.08,35.423,7.033,0.732,0.136,0.151,0.543,0.452,0.104,0.2,0.494,0.334,0.428,0.355,0.46,0.266
424,5.499999678657065,0.74,129.629,12.059,2.374,0.9,0.153,0.106,0.483,0.374,0.04,0.445,0.154,0.445,0.228,0.479,0.294,0.213
425,4.499999953328896,4.83,6.313,2.68,0.18,0.688,0.179,0.494,0.516,0.198,0.416,0.238,0.023,0.301,0.055,0.335,0.066,0.226
427,5.700000503883016,1.95,134.892,9.481,1.391,0.925,0.164,0.206,0.488,0.311,0.24,0.311,0.094,0.392,0.152,0.539,0.213,0.215
428,7.199970640755866,1.87,23.569,5.87,1.943,0.751,0.145,0.622,0.474,0.27,0.631,0.329,0.12,0.379,0.146,0.475,0.198,0.36
429,5.800000874803203,3.2,32.594,5.831,3.165,0.784,0.158,0.032,0.433,0.485,0.003,0.325,0.004,0.352,0.181,0.444,0.201,0.111
430,6.0999990348465305,8.49,175.908,13.494,0.949,0.924,0.16,0.18,0.515,0.407,0.106,0.525,0.093,0.469,0.18,0.508,0.188,0.241
431,6.399996913372259,8.7,21.073,4.178,1.556,0.786,0.155,0.598,0.397,0.37,0.488,0.259,0.105,0.273,0.169,0.386,0.184,0.284
432,5.300000202445418,9.33,18.85,2.869,1.411,0.815,0.154,0.51,0.389,0.249,0.544,0.241,0.064,0.259,0.116,0.278,0.108,0.283
433,6.199998172182031,0.8,185.602,7.425,0.713,0.958,0.169,0.314,0.354,0.402,0.255,0.453,0.194,0.391,0.23,0.201,0.275,0.301
434,4.900000142057633,9.9,203.792,4.371,1.149,0.974,0.169,0.569,0.284,0.31,0.497,0.098,0.121,0.148,0.169,0.166,0.168,0.239
435,5.499999678657065,6.15,135.9,10.569,1.599,0.918,0.152,0.299,0.447,0.291,0.231,0.457,0.076,0.397,0.136,0.401,0.127,0.255
437,5.899998417198648,5.05,6.853,4.243,0.836,0.574,0.168,0.51,0.491,0.364,0.379,0.216,0.09,0.266,0.161,0.258,0.193,0.228
438,6.0,8.0,406.512,143.418,1.792,0.737,0.164,0.713,0.472,0.223,0.577,0.653,0.563,0.5,0.286,0.448,0.07,0.598
439,5.700000503883016,1.84,26.366,4.25,2.136,0.805,0.148,0.635,0.33,0.342,0.643,0.169,0.178,0.203,0.231,0.25,0.28,0.33
440,6.599997654072044,9.76,23.608,3.274,2.627,0.8,0.147,0.574,0.449,0.476,0.52,0.59,0.146,0.377,0.256,0.505,0.248,0.418
441,6.0,7.72,268.787,216.925,1.376,0.552,0.183,0.57,0.373,0.364,0.715,0.96,0.162,0.381,0.226,0.235,0.232,0.612
442,6.0999990348465305,7.09,232.069,101.078,2.337,0.692,0.172,0.601,0.489,0.444,0.837,0.113,0.215,0.227,0.278,0.138,0.352,0.388
443,6.199998172182031,4.11,12.125,3.656,0.419,0.748,0.167,0.539,0.425,0.354,0.42,0.299,0.04,0.29,0.117,0.255,0.163,0.253
444,5.700000503883016,4.96,8.525,2.706,0.108,0.752,0.183,0.597,0.462,0.113,0.67,0.372,0.011,0.465,0.027,0.425,0.044,0.351
445,5.800000874803203,0.14,24.642,3.75,1.578,0.822,0.151,0.562,0.341,0.339,0.376,0.283,0.227,0.228,0.25,0.354,0.359,0.295
446,4.200000030616179,3.65,4.323,2.797,0.227,0.588,0.188,0.443,0.527,0.162,0.6,0.145,0.008,0.264,0.035,0.347,0.055,0.251
447,5.200000237109354,3.29,103.293,5.694,1.332,0.936,0.174,0.148,0.479,0.294,0.176,0.293,0.084,0.321,0.143,0.477,0.213,0.184
448,5.0,6.43,60.217,11.324,0.972,0.83,0.179,0.047,0.522,0.442,0.017,0.002,0.097,0.515,0.238,0.528,0.297,0.039
449,7.400007822415902,5.25,75.019,10.609,3.322,0.843,0.158,0.09,0.575,0.411,0.037,0.579,0.538,0.58,0.407,0.463,0.391,0.384
450,7.79997073344623,5.17,17.347,2.563,2.158,0.786,0.159,0.613,0.412,0.329,0.525,0.22,0.183,0.242,0.182,0.404,0.246,0.309
451,7.0,2.16,108.758,6.436,0.73,0.938,0.172,0.2,0.484,0.352,0.263,0.422,0.069,0.403,0.122,0.429,0.155,0.251
452,6.0999990348465305,7.88,382.66,7.662,2.964,0.973,0.158,0.847,0.365,0.408,0.892,0.084,0.283,0.154,0.274,0.241,0.247,0.42
454,7.50003813440381,3.58,12.57,5.553,0.415,0.678,0.157,0.547,0.48,0.248,0.365,0.363,0.133,0.391,0.124,0.33,0.222,0.287
455,5.40000018605658,5.96,265.173,4.725,1.046,0.979,0.157,0.544,0.412,0.378,0.449,0.203,0.152,0.261,0.204,0.33,0.176,0.268
456,6.799998134593398,5.57,384.478,3.514,1.423,0.987,0.159,0.969,0.578,0.367,0.969,0.561,0.245,0.503,0.259,0.297,0.194,0.592
457,6.399996913372259,3.16,235.904,3.325,0.313,0.985,0.172,0.353,0.382,0.507,0.237,0.444,0.109,0.317,0.222,0.235,0.275,0.263
458,6.299997602857746,8.01,318.526,7.365,1.683,0.972,0.156,0.568,0.439,0.42,0.592,0.501,0.11,0.393,0.186,0.428,0.213,0.401
459,5.800000874803203,0.85,329.617,4.22,1.995,0.981,0.16,0.758,0.405,0.347,1.045,0.388,0.228,0.34,0.276,0.239,0.276,0.554
460,6.0999990348465305,4.12,22.043,1.818,0.511,0.904,0.167,0.611,0.4,0.375,0.898,1.669,0.033,0.395,0.14,0.304,0.177,0.867
461,5.300000202445418,6.22,174.772,9.952,1.139,0.94,0.157,0.606,0.42,0.448,0.689,0.387,0.187,0.369,0.254,0.374,0.284,0.421
462,7.79997073344623,1.49,245.024,5.21,3.026,0.967,0.153,0.681,0.465,0.427,0.594,0.349,0.211,0.333,0.254,0.372,0.235,0.385
463,7.50003813440381,9.79,258.157,23.402,2.974,0.907,0.151,0.917,0.031,0.415,1.11,0.528,0.208,0.073,0.274,0.012,0.413,0.615
464,5.499999678657065,8.02,145.828,8.234,1.142,0.94,0.157,0.422,0.463,0.46,0.683,0.45,0.245,0.392,0.274,0.372,0.28,0.459
465,7.100015437450609,6.38,18.022,3.844,1.456,0.773,0.153,0.539,0.428,0.458,0.54,0.222,0.243,0.246,0.278,0.316,0.28,0.335
466,6.0999990348465305,1.92,137.542,92.232,9.486,0.575,0.151,0.218,0.318,0.383,0.242,0.07,0.196,0.159,0.244,0.075,0.273,0.169
467,4.800000052738446,1.24,10.184,1.714,0.501,0.821,0.175,0.569,0.564,0.382,0.537,0.203,0.075,0.269,0.155,0.412,0.207,0.271
468,5.200000237109354,5.17,31.388,2.103,1.165,0.906,0.151,0.566,0.407,0.393,0.52,0.213,0.16,0.25,0.206,0.349,0.288,0.298
469,8.0,3.03,9.243,3.297,0.377,0.716,0.169,0.5,0.513,0.271,1.104,0.217,0.048,0.3,0.117,0.315,0.134,0.457
470,6.0,7.06,481.761,12.657,1.882,0.971,0.148,0.715,0.36,0.429,0.703,0.38,0.178,0.311,0.214,0.214,0.266,0.42
471,8.599980364934842,2.01,23.978,4.406,1.466,0.803,0.153,0.654,0.443,0.386,0.502,0.202,0.181,0.294,0.236,0.295,0.317,0.295
472,4.100000018985305,0.16,11.502,3.036,0.132,0.784,0.169,0.601,0.572,0.169,0.694,0.16,0.006,0.272,0.033,0.294,0.05,0.287
473,5.899998417198648,0.55,249.519,5.2,0.942,0.976,0.157,0.954,0.38,0.431,0.848,0.578,0.109,0.412,0.199,0.568,0.226,0.512
474,5.59999938302362,2.86,176.014,7.052,0.11,0.961,0.168,0.454,0.422,0.302,0.26,0.576,0.062,0.427,0.102,0.335,0.134,0.299
475,8.0,0.7,211.996,3.659,1.386,0.977,0.152,0.917,0.467,0.395,0.919,0.219,0.223,0.3,0.236,0.287,0.302,0.454
476,8.400007822415901,2.68,14.036,3.731,0.561,0.766,0.164,0.531,0.353,0.353,0.478,0.361,0.231,0.288,0.189,0.531,0.32,0.357
477,5.899998417198648,0.3,24.613,10.829,6.712,0.584,0.149,0.043,0.399,0.24,0.032,0.285,0.002,0.311,0.019,0.364,0.058,0.107
479,5.800000874803203,3.51,22.582,3.877,2.078,0.791,0.147,0.622,0.436,0.402,0.478,0.247,0.265,0.312,0.258,0.378,0.34,0.33
480,4.100000018985305,4.64,7.306,2.243,0.201,0.749,0.185,0.541,0.416,0.237,0.231,0.606,0.112,0.387,0.117,0.306,0.123,0.317
481,7.899974269892137,9.58,102.759,3.611,2.323,0.945,0.151,0.223,0.353,0.346,0.299,0.17,0.151,0.224,0.201,0.273,0.289,0.207
482,6.0,9.93,11.118,2.869,1.24,0.73,0.165,0.568,0.444,0.364,0.493,0.284,0.181,0.302,0.22,0.266,0.192,0.32
483,5.40000018605658,1.45,9.29,2.633,0.487,0.749,0.174,0.566,0.482,0.278,0.469,0.133,0.086,0.228,0.128,0.234,0.186,0.229
484,7.0,2.74,501.034,140.378,1.913,0.779,0.159,0.729,0.254,0.37,0.646,0.336,0.197,0.277,0.207,0.204,0.463,0.393
485,5.700000503883016,0.24,16.228,7.234,2.826,0.617,0.14,0.468,0.434,0.361,0.296,0.292,0.175,0.34,0.236,0.35,0.315,0.254
486,6.399996913372259,2.34,23.512,2.357,0.608,0.888,0.156,0.613,0.439,0.248,0.397,0.199,0.063,0.253,0.102,0.348,0.105,0.22
487,7.0,8.67,39.645,16.424,1.536,0.688,0.151,0.045,0.249,0.333,0.107,0.002,0.005,0.012,0.191,0.031,0.274,0.038
488,7.50003813440381,5.56,235.891,6.441,1.854,0.966,0.154,0.843,0.422,0.453,0.775,0.373,0.287,0.343,0.289,0.422,0.359,0.479
489,5.200000237109354,1.69,13.408,2.329,1.137,0.795,0.165,0.588,0.414,0.408,0.335,0.272,0.154,0.265,0.208,0.347,0.223,0.254
490,5.700000503883016,9.55,9.665,5.915,2.76,0.527,0.146,0.626,0.392,0.438,0.656,0.515,0.186,0.422,0.277,0.422,0.356,0.452
491,6.499996931948306,0.39,119.543,21.581,3.395,0.827,0.146,0.11,0.502,0.31,0.191,0.257,0.274,0.349,0.313,0.419,0.209,0.24
492,7.50003813440381,8.28,27.437,21.844,1.451,0.541,0.156,0.058,0.233,0.379,0.471,0.001,0.035,0.006,0.168,0.008,0.152,0.169
493,6.399996913372259,3.17,106.435,2.883,1.547,0.96,0.163,0.271,0.402,0.37,0.291,0.25,0.157,0.257,0.22,0.293,0.211,0.233
494,5.300000202445418,4.84,364.327,52.972,2.151,0.869,0.142,0.778,0.068,0.391,0.843,0.107,0.251,0.078,0.303,0.032,0.35,0.4
495,6.199998172182031,8.3,21.955,10.1,1.994,0.645,0.145,0.546,0.54,0.421,0.487,0.27,0.169,0.363,0.259,0.497,0.326,0.309
496,7.899974269892137,6.67,75.65,8.222,1.803,0.883,0.16,0.11,0.515,0.359,0.066,0.363,0.203,0.425,0.212,0.391,0.273,0.211
497,5.300000202445418,1.49,152.933,7.935,1.659,0.941,0.168,0.172,0.505,0.333,0.09,0.522,0.207,0.473,0.229,0.501,0.302,0.273
499,5.499999678657065,1.02,340.573,106.234,3.821,0.756,0.145,0.846,0.498,0.357,0.881,0.573,0.373,0.542,0.285,0.585,0.321,0.609
500,8.599980364934842,5.43,104.875,20.215,0.604,0.834,0.146,0.234,0.526,0.208,0.232,0.514,0.043,0.509,0.085,0.487,0.115,0.263
501,6.699991797446187,1.0,13.606,3.948,0.848,0.739,0.156,0.61,0.389,0.28,0.553,0.264,0.066,0.302,0.126,0.433,0.11,0.295
502,8.500038134403809,8.36,13.817,6.264,1.445,0.642,0.147,0.521,0.44,0.407,0.448,0.296,0.21,0.34,0.244,0.403,0.337,0.318
503,5.59999938302362,9.25,159.119,4.695,0.712,0.967,0.171,0.194,0.458,0.35,0.32,0.333,0.359,0.328,0.258,0.338,0.296,0.337
504,8.199970640755867,0.35,220.475,5.855,1.87,0.966,0.155,0.613,0.424,0.297,0.384,0.366,0.452,0.383,0.256,0.487,0.54,0.4
505,5.59999938302362,0.02,9.48,2.34,0.944,0.743,0.167,0.519,0.402,0.358,0.683,0.332,0.064,0.295,0.143,0.46,0.198,0.36
506,6.199998172182031,2.58,141.749,10.249,2.148,0.92,0.155,0.155,0.453,0.355,0.202,0.26,0.148,0.308,0.224,0.259,0.276,0.204
507,5.200000237109354,0.58,298.336,6.613,3.484,0.967,0.155,0.922,0.357,0.231,0.776,0.387,0.043,0.33,0.075,0.548,0.077,0.402
508,7.899974269892137,1.4,276.75,97.873,2.481,0.734,0.156,0.462,0.204,0.413,0.468,0.131,0.417,0.194,0.331,0.12,0.28,0.339
509,6.699991797446187,9.65,389.371,153.323,2.456,0.714,0.171,0.855,0.345,0.266,0.945,0.2,0.051,0.28,0.118,0.248,0.209,0.399
510,5.499999678657065,4.62,16.745,2.665,0.546,0.839,0.164,0.6,0.45,0.27,0.82,0.355,0.187,0.35,0.175,0.516,0.182,0.454
511,5.300000202445418,6.56,140.962,43.41,2.029,0.756,0.142,0.622,0.027,0.425,0.711,0.002,0.012,0.007,0.115,0.011,0.214,0.242
512,6.0999990348465305,0.03,11.805,3.404,0.335,0.759,0.171,0.561,0.424,0.385,0.343,0.265,0.191,0.283,0.209,0.353,0.562,0.266
513,6.299997602857746,5.65,26.438,2.83,1.663,0.855,0.15,0.544,0.462,0.288,0.388,0.203,0.288,0.271,0.313,0.363,0.095,0.293
514,5.700000503883016,1.39,8.054,5.568,1.339,0.538,0.158,0.444,0.371,0.264,0.476,0.444,0.052,0.327,0.11,0.414,0.112,0.324
515,5.800000874803203,1.42,16.125,5.312,0.634,0.731,0.151,0.456,0.543,0.324,0.414,0.287,0.098,0.353,0.154,0.382,0.168,0.266
516,5.200000237109354,4.36,232.937,2.445,0.274,0.988,0.188,0.942,0.544,0.359,0.895,0.175,0.903,0.287,0.405,0.397,0.434,0.658
518,6.0999990348465305,2.57,19.47,2.109,1.31,0.851,0.156,0.581,0.399,0.441,0.428,0.674,0.159,0.292,0.325,0.399,0.328,0.42
519,6.399996913372259,2.68,74.689,8.105,2.02,0.881,0.158,0.097,0.474,0.502,0.035,0.566,0.226,0.509,0.327,0.568,0.384,0.276
520,5.59999938302362,4.85,17.142,5.181,2.017,0.704,0.141,0.565,0.355,0.381,0.419,0.872,0.159,0.461,0.232,0.61,0.286,0.484
521,5.499999678657065,6.35,21.893,3.45,0.696,0.841,0.157,0.578,0.378,0.259,0.444,0.249,0.154,0.267,0.155,0.362,0.118,0.282
522,4.300000029139088,5.35,206.964,3.022,1.174,0.98,0.183,0.375,0.413,0.271,0.108,0.517,0.17,0.385,0.194,0.384,0.181,0.265
524,6.699991797446187,7.21,15.334,3.568,2.106,0.73,0.151,0.427,0.381,0.434,0.377,0.313,0.199,0.318,0.261,0.382,0.346,0.296
525,6.0,3.28,26.753,1.731,1.345,0.897,0.155,0.574,0.42,0.389,0.744,0.325,0.277,0.281,0.277,0.378,0.196,0.448
526,6.900008766455316,4.25,20.671,3.304,1.44,0.813,0.155,0.565,0.359,0.509,0.504,0.124,0.26,0.174,0.283,0.203,0.353,0.296
527,5.700000503883016,0.18,19.679,2.281,1.055,0.855,0.156,0.6,0.406,0.428,0.467,0.433,0.148,0.292,0.238,0.746,0.256,0.349
528,6.399996913372259,3.94,9.65,7.926,2.665,0.477,0.15,0.437,0.45,0.358,0.506,0.18,0.155,0.262,0.215,0.34,0.245,0.28
529,4.70000006855703,0.36,6.928,2.826,0.662,0.665,0.174,0.499,0.464,0.369,0.568,0.198,0.076,0.255,0.147,0.316,0.167,0.281
530,6.0999990348465305,7.17,166.036,6.97,1.696,0.95,0.149,0.333,0.434,0.338,0.297,0.393,0.188,0.383,0.239,0.48,0.237,0.293
531,5.300000202445418,0.28,20.36,2.631,2.055,0.813,0.154,0.56,0.48,0.458,0.507,0.375,0.208,0.331,0.257,0.545,0.276,0.363
532,6.0,0.42,75.639,11.263,0.724,0.863,0.15,0.127,0.498,0.256,0.091,0.354,0.078,0.397,0.117,0.327,0.141,0.174
533,7.0,1.88,7.543,3.586,0.452,0.651,0.172,0.532,0.559,0.355,0.709,0.304,0.202,0.327,0.269,0.319,0.329,0.405
534,4.0,2.91,81.734,5.058,1.363,0.927,0.181,0.112,0.417,0.314,0.008,0.082,0.311,0.312,0.302,0.323,0.207,0.134
535,5.300000202445418,5.27,138.971,26.219,1.572,0.833,0.153,0.25,0.609,0.317,0.087,0.349,0.247,0.479,0.215,0.55,0.276,0.228
536,8.400007822415901,6.92,28.03,4.582,1.047,0.833,0.151,0.567,0.393,0.366,0.441,0.332,0.16,0.313,0.216,0.337,0.174,0.311
537,5.499999678657065,7.78,7.625,3.342,1.328,0.62,0.169,0.534,0.367,0.211,0.586,0.476,0.26,0.31,0.159,0.355,0.315,0.441
538,5.59999938302362,0.42,9.959,1.476,0.644,0.824,0.177,0.558,0.537,0.501,0.54,0.188,0.07,0.247,0.196,0.358,0.235,0.266
540,5.700000503883016,9.02,48.323,17.668,2.12,0.709,0.156,0.061,0.557,0.334,0.556,0.003,0.018,0.527,0.178,0.597,0.188,0.192
541,5.59999938302362,4.6,48.634,18.229,3.279,0.693,0.146,0.051,0.518,0.31,0.035,0.005,0.022,0.105,0.224,0.249,0.283,0.021
542,5.59999938302362,3.12,18.917,5.993,1.455,0.718,0.15,0.532,0.417,0.456,0.573,0.184,0.18,0.245,0.235,0.192,0.355,0.312
543,6.900008766455316,3.36,207.71,4.301,1.151,0.974,0.155,0.942,0.5,0.353,1.04,0.346,0.085,0.364,0.161,0.408,0.206,0.49
544,7.899974269892137,1.79,14.397,4.217,1.642,0.711,0.154,0.522,0.455,0.42,0.459,0.243,0.222,0.291,0.261,0.371,0.349,0.308
545,7.599980364934842,1.0,15.121,2.763,0.224,0.835,0.168,0.55,0.387,0.474,0.532,0.269,0.259,0.253,0.256,0.443,0.365,0.353
546,5.40000018605658,3.88,161.823,124.822,7.847,0.549,0.14,0.221,0.31,0.499,0.186,0.212,0.341,0.262,0.394,0.226,0.468,0.246
547,6.299997602857746,5.15,11.223,2.781,1.841,0.708,0.161,0.551,0.373,0.512,0.473,0.322,0.153,0.323,0.231,0.268,0.281,0.316
548,6.299997602857746,1.53,17.131,4.466,1.241,0.75,0.155,0.634,0.499,0.44,0.61,0.292,0.221,0.389,0.292,0.437,0.208,0.374
549,7.700057099977233,0.67,204.098,4.992,2.476,0.965,0.155,0.492,0.456,0.433,0.456,0.276,0.201,0.321,0.263,0.283,0.376,0.311
550,7.79997073344623,4.69,236.115,133.955,6.29,0.627,0.151,0.27,0.227,0.475,0.295,0.297,0.378,0.253,0.392,0.265,0.578,0.324
552,5.800000874803203,2.09,180.956,3.454,2.373,0.969,0.15,0.558,0.393,0.457,0.755,0.18,0.173,0.229,0.268,0.212,0.317,0.369
553,8.199970640755867,2.3,33.94,7.566,1.124,0.796,0.172,0.047,0.504,0.352,0.352,0.002,0.022,0.616,0.159,0.323,0.33,0.125
554,5.300000202445418,5.01,124.048,3.985,1.033,0.961,0.16,0.197,0.371,0.436,0.103,0.538,0.204,0.348,0.237,0.487,0.342,0.282
555,5.899998417198648,9.86,13.408,4.834,0.502,0.715,0.161,0.57,0.452,0.355,0.337,0.284,0.114,0.288,0.174,0.278,0.191,0.245
556,6.0999990348465305,5.52,117.338,12.119,1.833,0.894,0.152,0.176,0.513,0.4,0.219,0.445,0.435,0.498,0.299,0.404,0.442,0.366
557,6.199998172182031,0.56,15.713,3.111,0.839,0.799,0.16,0.573,0.465,0.416,0.42,0.281,0.126,0.296,0.203,0.317,0.236,0.276
558,7.199970640755866,4.97,26.173,3.419,1.107,0.853,0.151,0.591,0.396,0.378,0.464,0.22,0.115,0.307,0.182,0.374,0.237,0.267
559,5.700000503883016,3.63,185.211,8.127,1.554,0.95,0.154,0.603,0.434,0.466,0.528,0.36,0.175,0.334,0.242,0.49,0.229,0.354
560,5.499999678657065,6.79,4.069,2.334,0.015,0.634,0.2,0.52,0.483,0.393,1.621,0.188,0.14,0.339,0.327,0.393,0.229,0.65
561,5.300000202445418,0.23,7.262,1.63,0.167,0.802,0.193,0.554,0.407,0.152,0.338,0.203,0.125,0.227,0.088,0.248,0.039,0.222
562,8.0,5.9,220.341,5.846,2.016,0.966,0.159,0.664,0.439,0.46,0.713,0.356,0.195,0.39,0.254,0.244,0.306,0.421
564,6.499996931948306,1.8,205.046,8.196,0.896,0.958,0.165,0.822,0.599,0.346,0.914,0.385,0.133,0.445,0.195,0.606,0.193,0.477
565,5.40000018605658,2.39,9.482,2.584,0.599,0.749,0.175,0.561,0.463,0.487,0.597,0.364,0.089,0.295,0.173,0.449,0.321,0.35
566,5.59999938302362,7.5,368.901,4.188,1.814,0.984,0.147,0.898,0.477,0.361,0.967,0.181,0.115,0.275,0.186,0.271,0.208,0.421
567,6.0999990348465305,0.71,350.719,65.891,5.356,0.831,0.164,0.724,0.079,0.275,0.666,0.003,0.113,0.015,0.166,0.027,0.141,0.261
568,6.599997654072044,2.72,265.699,5.628,1.117,0.975,0.171,0.591,0.425,0.334,0.716,0.347,0.096,0.371,0.164,0.613,0.204,0.387
569,8.100015437450608,0.17,14.564,3.505,1.968,0.727,0.16,0.556,0.368,0.315,0.372,0.474,0.133,0.334,0.182,0.366,0.199,0.326
570,7.0,4.17,24.816,3.227,2.295,0.818,0.149,0.595,0.346,0.482,0.661,0.188,0.215,0.234,0.272,0.305,0.437,0.355
571,6.900008766455316,1.42,45.326,4.32,0.272,0.908,0.171,0.052,0.419,0.317,0.007,0.069,0.03,0.243,0.101,0.31,0.129,0.035
572,5.300000202445418,2.62,11.859,5.023,1.645,0.64,0.147,0.467,0.459,0.388,0.415,0.423,0.151,0.398,0.227,0.594,0.256,0.329
573,8.599980364934842,6.45,224.177,5.262,0.652,0.974,0.16,0.944,0.44,0.362,0.992,0.276,0.195,0.339,0.201,0.357,0.266,0.488
574,6.199998172182031,5.61,76.887,11.568,4.037,0.831,0.153,0.107,0.385,0.367,0.092,0.34,0.215,0.314,0.27,0.53,0.271,0.216
575,4.499999953328896,7.66,3.824,2.125,0.016,0.641,0.204,0.552,0.478,0.209,0.76,0.19,0.019,0.458,0.057,0.529,0.052,0.323
576,6.499996931948306,8.54,8.249,3.85,0.2,0.671,0.174,0.596,0.423,0.239,0.442,0.617,0.016,0.415,0.056,0.344,0.091,0.358
577,6.299997602857746,1.67,19.457,2.824,0.303,0.862,0.162,0.53,0.461,0.238,0.583,0.192,0.047,0.27,0.09,0.298,0.097,0.274
578,7.700057099977233,8.7,15.752,4.128,1.716,0.729,0.153,0.512,0.409,0.441,0.388,0.397,0.153,0.31,0.235,0.618,0.258,0.313
579,5.300000202445418,6.88,23.031,3.091,0.88,0.853,0.156,0.596,0.545,0.302,0.663,0.334,0.075,0.352,0.134,0.415,0.182,0.357
580,6.299997602857746,3.59,42.999,8.669,3.869,0.774,0.153,0.034,0.501,0.431,0.016,0.006,0.005,0.046,0.296,0.092,0.4,0.009
581,8.400007822415901,2.8,26.451,4.751,1.19,0.817,0.152,0.58,0.411,0.418,0.56,0.247,0.25,0.293,0.268,0.344,0.327,0.352
582,7.100015437450609,1.24,10.544,2.525,0.729,0.764,0.167,0.592,0.449,0.27,0.348,0.236,0.043,0.303,0.105,0.351,0.12,0.209
583,6.299997602857746,1.56,251.793,11.979,4.177,0.94,0.146,0.789,0.405,0.482,0.788,0.382,0.244,0.339,0.3,0.279,0.279,0.471
584,5.700000503883016,8.33,22.554,3.737,1.124,0.823,0.153,0.649,0.333,0.368,0.436,0.21,0.126,0.24,0.195,0.278,0.192,0.257
585,5.200000237109354,5.66,72.789,3.808,2.088,0.925,0.151,0.178,0.367,0.406,0.422,0.304,0.146,0.306,0.217,0.355,0.198,0.291
587,6.399996913372259,8.92,8.171,6.657,1.26,0.508,0.153,0.527,0.435,0.379,0.328,0.359,0.251,0.352,0.226,0.394,0.381,0.313
588,7.199970640755866,3.19,13.067,3.492,1.254,0.734,0.159,0.598,0.472,0.343,0.542,0.281,0.085,0.294,0.153,0.428,0.164,0.303
589,4.600000074606178,6.81,84.468,7.786,1.101,0.905,0.171,0.14,0.546,0.282,0.063,0.452,0.093,0.44,0.145,0.498,0.219,0.203
590,5.700000503883016,1.58,338.88,17.326,2.373,0.945,0.152,0.38,0.501,0.412,0.239,0.551,0.259,0.5,0.284,0.531,0.431,0.35
591,6.900008766455316,2.69,9.532,6.211,1.101,0.566,0.161,0.573,0.485,0.355,0.433,0.311,0.083,0.33,0.158,0.306,0.199,0.276
592,8.100015437450608,8.67,259.09,11.343,0.908,0.955,0.16,0.831,0.481,0.299,0.794,0.517,0.435,0.429,0.236,0.664,0.594,0.582
593,5.40000018605658,4.85,38.37,3.496,1.594,0.883,0.156,0.12,0.192,0.354,0.06,0.025,0.011,0.029,0.198,0.052,0.348,0.032
594,8.299988937677888,5.21,14.701,3.15,2.289,0.73,0.16,0.589,0.337,0.475,0.345,0.586,0.119,0.334,0.232,0.304,0.266,0.35
595,5.800000874803203,2.92,25.376,2.563,1.015,0.876,0.153,0.585,0.423,0.345,0.552,0.172,0.081,0.252,0.158,0.31,0.162,0.268
596,6.0999990348465305,8.34,10.284,2.284,0.161,0.808,0.174,0.594,0.523,0.094,0.858,0.206,0.004,0.34,0.019,0.378,0.029,0.356
597,7.100015437450609,6.43,250.545,4.913,0.496,0.979,0.172,0.733,0.442,0.376,0.72,0.367,0.053,0.352,0.122,0.25,0.17,0.38
598,5.40000018605658,6.79,7.643,2.344,0.068,0.76,0.188,0.613,0.451,0.279,0.324,0.953,0.445,0.519,0.281,0.536,0.385,0.574
599,6.799998134593398,5.43,130.239,9.238,2.557,0.917,0.159,0.218,0.495,0.499,0.197,0.441,0.247,0.51,0.294,0.419,0.408,0.295
600,6.499996931948306,9.16,7.407,2.911,0.031,0.716,0.177,0.522,0.5,0.27,0.257,0.353,0.04,0.306,0.083,0.608,0.086,0.216
601,8.100015437450608,4.58,16.93,2.609,1.476,0.806,0.16,0.586,0.347,0.423,0.495,0.224,0.157,0.242,0.22,0.355,0.231,0.292
602,5.300000202445418,9.49,63.82,22.898,1.663,0.722,0.15,0.047,0.466,0.436,0.515,0.002,0.12,0.064,0.293,0.519,0.275,0.212
603,8.400007822415901,3.9,20.597,5.571,1.389,0.747,0.151,0.587,0.548,0.325,0.633,0.203,0.338,0.331,0.233,0.33,0.233,0.391
604,5.200000237109354,8.65,11.889,3.415,1.835,0.694,0.154,0.63,0.388,0.361,0.426,0.228,0.211,0.283,0.213,0.333,0.382,0.288
605,5.40000018605658,6.03,30.357,7.937,3.949,0.719,0.165,0.044,0.458,0.293,0.081,0.366,0.001,0.018,0.225,0.068,0.354,0.149
606,6.900008766455316,5.23,12.532,4.63,0.222,0.721,0.162,0.528,0.406,0.166,0.38,0.364,0.011,0.32,0.036,0.282,0.053,0.251
607,6.799998134593398,5.37,7.771,4.574,1.333,0.568,0.163,0.458,0.411,0.358,0.32,0.331,0.093,0.325,0.167,0.424,0.179,0.248
608,7.199970640755866,5.87,89.847,31.669,1.469,0.731,0.139,0.199,0.537,0.345,0.159,0.234,0.122,0.296,0.186,0.13,0.238,0.172
609,6.199998172182031,9.45,207.859,79.681,1.292,0.72,0.157,0.855,0.177,0.489,0.774,0.372,0.273,0.127,0.325,0.055,0.347,0.473
610,7.0,0.35,128.431,3.262,0.504,0.972,0.157,0.338,0.456,0.471,0.299,0.367,0.405,0.291,0.379,0.513,0.667,0.357
611,7.0,7.75,75.44,14.452,1.893,0.822,0.159,0.093,0.529,0.46,0.068,0.301,0.364,0.402,0.367,0.466,0.362,0.245
612,6.900008766455316,5.5,72.719,7.971,0.746,0.893,0.174,0.092,0.528,0.431,0.005,0.178,0.028,0.422,0.162,0.518,0.158,0.07
613,7.400007822415902,5.76,10.595,3.089,1.749,0.687,0.163,0.576,0.485,0.4,0.424,0.606,0.449,0.396,0.334,0.49,0.359,0.493
614,4.399999967876858,5.85,7.878,2.816,0.811,0.685,0.171,0.554,0.519,0.365,0.467,0.233,0.091,0.296,0.164,0.403,0.19,0.264
615,5.59999938302362,6.44,251.542,109.693,1.485,0.693,0.156,0.368,0.223,0.438,0.686,0.281,0.23,0.248,0.292,0.242,0.297,0.399
616,5.300000202445418,3.81,22.952,2.738,0.368,0.881,0.156,0.592,0.461,0.297,0.509,0.25,0.081,0.266,0.12,0.304,0.154,0.28
617,6.0999990348465305,0.9,144.966,22.546,6.919,0.831,0.149,0.403,0.025,0.489,0.347,0.019,0.002,0.007,0.228,0.01,0.266,0.123
618,5.700000503883016,0.79,21.644,4.291,0.81,0.809,0.156,0.577,0.43,0.326,0.405,0.344,0.099,0.344,0.154,0.429,0.187,0.283
619,5.499999678657065,3.47,11.416,3.192,1.936,0.69,0.154,0.488,0.34,0.429,0.427,0.288,0.176,0.279,0.231,0.278,0.297,0.297
620,7.599980364934842,9.84,375.218,108.706,3.09,0.77,0.163,0.903,0.194,0.486,0.905,0.098,0.407,0.126,0.332,0.043,0.317,0.47
621,5.899998417198648,1.46,85.067,3.411,1.569,0.945,0.159,0.162,0.345,0.409,0.104,0.234,0.253,0.267,0.262,0.339,0.374,0.197
622,4.399999967876858,9.82,8.393,3.956,0.221,0.668,0.177,0.49,0.423,0.242,0.268,0.295,0.12,0.3,0.138,0.316,0.115,0.228
623,4.399999967876858,8.03,234.143,3.302,0.023,0.986,0.188,0.564,0.381,0.329,0.605,0.734,0.052,0.386,0.101,0.286,0.19,0.464
625,6.399996913372259,1.55,12.143,3.098,0.572,0.768,0.168,0.506,0.384,0.333,1.338,0.174,0.152,0.22,0.221,0.46,0.306,0.555
626,7.50003813440381,2.76,238.586,3.77,1.451,0.979,0.177,0.624,0.431,0.305,0.509,0.329,0.262,0.236,0.282,0.226,0.36,0.367
627,6.199998172182031,9.37,213.267,13.896,1.102,0.934,0.157,0.688,0.469,0.336,0.684,0.505,0.262,0.474,0.247,0.482,0.225,0.484
628,5.300000202445418,5.34,17.291,3.162,2.168,0.764,0.155,0.531,0.429,0.374,0.491,0.197,0.222,0.246,0.252,0.255,0.313,0.303
629,5.499999678657065,4.15,176.851,3.951,0.55,0.975,0.172,0.527,0.385,0.487,0.279,0.332,0.213,0.3,0.304,0.315,0.51,0.275
630,5.499999678657065,9.43,24.662,2.186,0.268,0.91,0.161,0.569,0.443,0.165,0.336,0.292,0.154,0.293,0.108,0.399,0.066,0.261
631,6.799998134593398,3.47,15.727,2.696,0.328,0.839,0.165,0.589,0.398,0.234,0.341,0.313,0.03,0.281,0.075,0.416,0.081,0.228
632,5.499999678657065,4.26,138.96,7.077,3.547,0.929,0.147,0.312,0.551,0.387,0.247,0.448,0.207,0.46,0.268,0.6,0.303,0.301
633,7.50003813440381,0.95,273.101,11.479,2.741,0.951,0.147,0.679,0.287,0.387,0.794,0.113,0.218,0.168,0.236,0.186,0.447,0.375
634,8.599980364934842,4.54,279.85,7.639,1.354,0.969,0.157,0.927,0.46,0.48,1.014,0.377,0.18,0.369,0.241,0.364,0.237,0.524
635,7.79997073344623,1.55,382.62,6.189,1.592,0.98,0.164,0.804,0.364,0.362,0.654,0.205,0.128,0.191,0.227,0.182,0.209,0.329
636,5.899998417198648,1.64,9.393,3.701,0.705,0.681,0.164,0.517,0.481,0.333,0.461,0.225,0.06,0.279,0.135,0.308,0.139,0.249
638,7.599980364934842,9.59,193.223,30.93,3.574,0.848,0.154,0.532,0.037,0.405,0.396,0.006,0.037,0.012,0.146,0.018,0.221,0.146
639,5.700000503883016,0.33,147.474,90.619,6.112,0.604,0.164,0.299,0.235,0.432,0.345,0.526,0.263,0.328,0.344,0.295,0.33,0.378
640,6.399996913372259,4.79,199.075,170.602,1.356,0.537,0.154,0.466,0.444,0.403,0.52,0.244,0.299,0.275,0.326,0.33,0.226,0.354
642,5.200000237109354,4.62,191.9,4.35,1.925,0.968,0.168,0.371,0.391,0.303,0.591,0.24,0.159,0.263,0.22,0.321,0.191,0.33
643,6.799998134593398,1.22,174.82,12.154,2.739,0.921,0.156,0.401,0.454,0.319,0.268,0.508,0.123,0.459,0.179,0.54,0.136,0.3
644,6.900008766455316,7.34,205.619,4.631,0.764,0.974,0.155,0.841,0.364,0.295,0.679,0.313,0.055,0.322,0.116,0.451,0.119,0.349
645,4.200000030616179,5.22,10.684,2.201,0.224,0.815,0.174,0.55,0.504,0.333,0.805,0.211,0.059,0.261,0.128,0.29,0.169,0.358
646,5.59999938302362,8.12,127.293,9.255,1.898,0.919,0.167,0.169,0.489,0.43,0.031,0.253,0.205,0.358,0.302,0.364,0.308,0.163
647,5.700000503883016,9.72,188.567,47.234,4.227,0.786,0.151,0.233,0.161,0.411,0.235,0.116,0.219,0.15,0.272,0.055,0.32,0.19
648,6.699991797446187,6.47,171.976,7.547,1.941,0.948,0.16,0.532,0.387,0.531,0.494,0.347,0.149,0.309,0.244,0.322,0.307,0.33
649,8.0,4.91,13.521,3.524,1.49,0.73,0.155,0.486,0.448,0.401,0.457,0.261,0.119,0.297,0.193,0.391,0.224,0.279
650,7.899974269892137,5.45,19.907,1.977,1.406,0.855,0.157,0.578,0.432,0.386,0.625,0.193,0.139,0.252,0.195,0.282,0.213,0.319
652,6.199998172182031,7.52,102.882,10.787,3.494,0.878,0.156,0.086,0.563,0.396,0.004,0.567,0.246,0.558,0.318,0.634,0.264,0.272
653,8.199970640755867,8.05,105.057,10.663,3.265,0.883,0.149,0.205,0.425,0.31,0.198,0.276,0.31,0.31,0.263,0.356,0.243,0.261
654,5.499999678657065,0.12,12.06,4.902,0.469,0.692,0.156,0.495,0.474,0.282,0.391,0.311,0.158,0.321,0.154,0.322,0.164,0.286
655,4.600000074606178,7.92,9.787,2.341,0.574,0.771,0.174,0.552,0.406,0.369,0.458,0.189,0.124,0.235,0.184,0.346,0.202,0.257
656,6.299997602857746,6.64,20.643,2.26,0.309,0.889,0.161,0.54,0.492,0.411,0.449,0.207,0.126,0.246,0.202,0.265,0.258,0.261
657,6.399996913372259,5.33,40.414,13.026,2.27,0.725,0.147,0.085,0.35,0.311,0.111,0.451,0.193,0.132,0.243,0.076,0.27,0.252
659,5.899998417198648,3.51,103.09,45.288,2.527,0.683,0.156,0.157,0.051,0.376,0.107,0.009,0.161,0.019,0.247,0.03,0.328,0.093
660,5.899998417198648,0.79,24.324,14.435,4.614,0.561,0.138,0.075,0.081,0.4,0.243,0.005,0.008,0.008,0.255,0.015,0.391,0.085
661,5.200000237109354,2.57,180.021,3.476,1.081,0.975,0.157,0.895,0.532,0.336,0.839,0.302,0.093,0.365,0.148,0.484,0.152,0.411
662,6.900008766455316,7.06,10.067,8.042,0.735,0.534,0.157,0.578,0.433,0.311,0.329,0.228,0.119,0.311,0.155,0.274,0.147,0.225
663,7.299988937677887,7.21,341.814,143.157,67.967,0.618,0.149,0.384,0.37,0.305,0.222,0.691,0.037,0.662,0.087,0.498,0.09,0.317
664,6.399996913372259,6.17,100.453,9.493,1.341,0.903,0.155,0.155,0.429,0.275,0.177,0.491,0.147,0.503,0.165,0.46,0.287,0.272
665,7.899974269892137,9.2,12.781,4.913,1.902,0.652,0.151,0.521,0.425,0.436,0.454,0.218,0.228,0.288,0.263,0.326,0.344,0.3
666,5.700000503883016,2.09,14.949,2.722,1.027,0.8,0.158,0.574,0.443,0.431,0.471,0.21,0.074,0.257,0.169,0.341,0.164,0.252
667,8.100015437450608,7.06,10.715,3.687,0.958,0.698,0.163,0.539,0.526,0.401,0.526,0.629,0.232,0.425,0.276,0.617,0.343,0.462
670,6.199998172182031,2.7,227.681,4.91,2.729,0.968,0.149,0.779,0.575,0.266,0.861,0.451,0.288,0.478,0.255,0.567,0.184,0.533
671,5.499999678657065,1.11,9.656,6.797,1.496,0.538,0.154,0.406,0.423,0.309,0.376,0.341,0.061,0.322,0.127,0.462,0.142,0.26
672,6.399996913372259,2.57,10.582,5.305,0.389,0.65,0.163,0.45,0.421,0.333,1.253,0.146,0.091,0.223,0.167,0.246,0.281,0.496
673,8.500038134403809,7.88,212.573,6.36,1.761,0.963,0.153,0.523,0.304,0.404,0.562,0.416,0.186,0.303,0.254,0.158,0.429,0.388
674,6.0999990348465305,7.21,27.13,2.809,2.041,0.848,0.147,0.528,0.354,0.357,0.449,0.524,0.108,0.208,0.306,0.412,0.158,0.36
675,7.50003813440381,4.84,233.874,5.27,1.869,0.97,0.16,0.538,0.331,0.506,0.718,0.356,0.179,0.279,0.292,0.171,0.301,0.418
676,7.199970640755866,6.24,12.801,3.778,1.519,0.707,0.156,0.636,0.374,0.471,0.48,0.741,0.153,0.392,0.246,0.549,0.276,0.458
677,4.300000029139088,5.01,368.801,157.224,3.69,0.696,0.168,0.636,0.326,0.357,0.697,0.16,0.293,0.23,0.316,0.172,0.217,0.384
678,6.0999990348465305,1.14,168.869,5.653,3.358,0.949,0.151,0.315,0.321,0.477,0.568,0.27,0.313,0.31,0.357,0.265,0.418,0.383
679,5.700000503883016,4.16,243.741,20.88,1.731,0.915,0.156,0.24,0.585,0.393,0.216,0.387,0.1,0.457,0.16,0.649,0.205,0.234
680,6.0,6.01,218.063,2.395,0.883,0.985,0.169,0.955,0.435,0.33,0.921,0.176,0.121,0.2,0.149,0.322,0.247,0.406
681,7.100015437450609,6.99,14.188,4.213,1.655,0.707,0.151,0.562,0.31,0.277,0.697,0.51,0.074,0.355,0.136,0.555,0.119,0.427
682,5.200000237109354,9.84,18.928,3.002,2.517,0.774,0.155,0.438,0.463,0.406,0.407,0.299,0.099,0.349,0.173,0.436,0.122,0.268
683,7.299988937677887,9.61,15.066,3.008,1.688,0.762,0.162,0.599,0.4,0.436,0.443,0.3,0.257,0.278,0.263,0.379,0.382,0.333
684,4.900000142057633,7.98,14.619,1.736,0.592,0.863,0.168,0.628,0.491,0.223,0.499,0.201,0.037,0.261,0.079,0.39,0.091,0.246
685,6.399996913372259,6.32,250.441,7.293,0.456,0.97,0.16,0.938,0.5,0.175,0.969,0.288,0.04,0.368,0.07,0.381,0.087,0.432
686,6.499996931948306,5.29,13.72,3.45,0.855,0.761,0.164,0.519,0.413,0.355,0.721,0.279,0.147,0.332,0.196,0.271,0.38,0.383
687,6.499996931948306,6.7,81.192,17.063,1.588,0.813,0.159,0.092,0.599,0.387,0.307,0.415,0.107,0.488,0.195,0.696,0.268,0.277
688,6.0999990348465305,5.25,159.993,3.535,1.618,0.969,0.181,0.351,0.479,0.458,0.249,0.519,0.201,0.417,0.28,0.507,0.3,0.323
689,5.200000237109354,9.86,35.36,4.406,1.075,0.866,0.145,0.624,0.458,0.353,0.538,0.294,0.376,0.328,0.267,0.383,0.226,0.403
690,6.299997602857746,8.26,181.136,32.093,11.133,0.807,0.142,0.306,0.036,0.345,0.19,0.381,0.001,0.009,0.147,0.01,0.402,0.191
691,7.700057099977233,4.56,7.823,4.099,0.503,0.63,0.172,0.542,0.474,0.334,0.711,0.25,0.088,0.298,0.138,0.409,0.24,0.35
692,6.399996913372259,4.72,83.254,11.761,5.139,0.831,0.155,0.114,0.491,0.342,0.082,0.325,0.391,0.385,0.315,0.392,0.684,0.266
693,6.299997602857746,4.62,7.722,2.901,0.706,0.682,0.175,0.578,0.576,0.399,0.817,0.215,0.149,0.278,0.309,0.351,0.344,0.394
694,5.300000202445418,1.12,300.27,16.312,2.52,0.941,0.155,0.989,0.417,0.353,0.967,0.255,0.206,0.332,0.24,0.282,0.247,0.476
695,7.400007822415902,1.77,14.257,3.541,0.733,0.769,0.161,0.566,0.426,0.341,0.506,0.324,0.083,0.322,0.141,0.484,0.184,0.304
696,6.0999990348465305,0.14,20.391,4.363,0.974,0.793,0.152,0.478,0.382,0.255,0.822,0.187,0.111,0.245,0.129,0.216,0.167,0.373
697,5.40000018605658,3.45,37.945,4.707,1.067,0.868,0.154,0.159,0.198,0.418,0.094,0.012,0.095,0.041,0.182,0.056,0.24,0.067
698,5.899998417198648,9.68,106.888,12.25,0.92,0.89,0.151,0.202,0.403,0.399,0.21,0.354,0.156,0.399,0.225,0.316,0.251,0.24
699,5.800000874803203,0.54,167.201,9.441,4.363,0.924,0.155,0.227,0.402,0.485,0.098,0.807,0.409,0.526,0.397,0.452,0.565,0.438
700,7.79997073344623,0.93,24.08,2.471,1.161,0.869,0.151,0.547,0.483,0.412,0.55,0.448,0.109,0.341,0.21,0.388,0.216,0.369
701,5.800000874803203,3.89,343.923,8.118,2.357,0.97,0.151,0.704,0.425,0.512,0.687,0.377,0.205,0.335,0.283,0.431,0.415,0.423
703,6.0,7.76,194.116,5.195,2.882,0.96,0.151,0.838,0.466,0.369,1.004,0.264,0.151,0.324,0.18,0.468,0.288,0.473
704,4.200000030616179,8.52,166.376,6.302,1.289,0.956,0.171,0.253,0.504,0.401,0.078,0.282,0.202,0.353,0.228,0.431,0.277,0.187
706,6.799998134593398,2.17,11.47,4.536,0.81,0.682,0.162,0.626,0.506,0.409,0.35,0.323,0.205,0.352,0.221,0.452,0.279,0.293
707,7.79997073344623,9.48,281.519,142.597,2.809,0.659,0.151,0.495,0.308,0.535,0.455,0.457,0.497,0.341,0.477,0.299,0.478,0.47
708,8.0,2.3,25.654,4.104,0.893,0.837,0.149,0.587,0.447,0.37,0.585,0.264,0.132,0.299,0.213,0.417,0.237,0.327
709,5.899998417198648,7.02,309.708,29.286,1.311,0.91,0.145,0.243,0.425,0.396,0.316,0.302,0.232,0.345,0.243,0.296,0.337,0.283
710,6.399996913372259,1.18,18.696,2.21,0.834,0.86,0.156,0.582,0.394,0.305,0.415,0.515,0.07,0.306,0.129,0.403,0.141,0.334
712,5.40000018605658,1.03,5.446,4.059,1.722,0.485,0.168,0.462,0.383,0.375,0.699,0.165,0.165,0.235,0.272,0.276,0.261,0.343
713,5.800000874803203,5.87,234.999,7.844,1.797,0.961,0.165,0.751,0.41,0.496,0.669,0.75,0.296,0.524,0.318,0.436,0.346,0.572
714,7.100015437450609,1.02,16.539,5.181,1.637,0.708,0.149,0.589,0.382,0.377,0.557,0.371,0.218,0.327,0.261,0.495,0.304,0.382
715,7.400007822415902,2.57,182.354,117.317,3.244,0.602,0.164,0.291,0.237,0.423,0.329,0.229,0.312,0.265,0.371,0.114,0.465,0.29
716,5.800000874803203,0.02,19.609,3.628,1.883,0.781,0.156,0.576,0.378,0.398,0.513,0.151,0.19,0.205,0.236,0.204,0.271,0.285
717,5.499999678657065,9.28,24.966,4.149,1.484,0.816,0.15,0.669,0.395,0.382,0.609,0.206,0.461,0.265,0.295,0.408,0.401,0.425
718,5.300000202445418,0.5,131.874,2.585,0.679,0.976,0.156,0.146,0.443,0.261,0.056,0.203,0.059,0.24,0.114,0.308,0.169,0.106
719,4.399999967876858,0.56,7.021,3.2,0.146,0.677,0.181,0.549,0.494,0.215,0.349,0.26,0.004,0.324,0.035,0.263,0.062,0.204
720,6.799998134593398,0.15,19.556,2.853,1.091,0.832,0.157,0.595,0.482,0.334,0.544,0.262,0.09,0.302,0.156,0.325,0.176,0.299
721,5.899998417198648,4.15,183.994,4.34,0.441,0.975,0.168,0.927,0.451,0.373,0.977,0.204,0.208,0.275,0.233,0.274,0.263,0.463
722,5.800000874803203,7.25,188.053,7.46,0.135,0.961,0.179,0.891,0.516,0.456,0.877,0.271,0.14,0.346,0.196,0.32,0.22,0.43
723,6.599997654072044,9.45,234.24,10.311,2.271,0.949,0.152,0.783,0.351,0.432,0.896,0.264,0.162,0.255,0.24,0.219,0.314,0.441
724,6.699991797446187,4.57,7.964,2.461,0.111,0.756,0.179,0.487,0.553,0.39,0.742,0.26,0.282,0.292,0.352,0.311,0.256,0.428
725,5.40000018605658,7.07,12.728,3.14,0.38,0.783,0.165,0.582,0.476,0.279,0.453,0.215,0.036,0.294,0.085,0.368,0.141,0.235
726,8.0,1.88,12.926,4.016,1.125,0.715,0.159,0.568,0.44,0.389,0.394,0.793,0.083,0.417,0.165,0.553,0.179,0.423
727,5.59999938302362,6.16,36.427,3.892,1.206,0.877,0.146,0.651,0.382,0.376,0.469,0.204,0.124,0.255,0.193,0.299,0.25,0.266
728,5.899998417198648,6.32,20.04,2.474,1.919,0.82,0.154,0.575,0.316,0.51,0.533,0.216,0.173,0.234,0.261,0.295,0.283,0.307
730,4.800000052738446,6.31,3.669,2.455,0.017,0.598,0.204,0.519,0.555,0.299,0.451,0.172,0.038,0.313,0.089,0.432,0.173,0.221
731,7.899974269892137,5.67,180.234,6.211,2.229,0.955,0.153,0.574,0.348,0.41,0.454,0.31,0.45,0.259,0.328,0.426,0.637,0.404
732,5.800000874803203,4.31,7.533,6.38,0.897,0.509,0.158,0.432,0.496,0.274,0.43,0.407,0.081,0.418,0.128,0.409,0.155,0.306
733,6.199998172182031,2.39,318.565,6.023,1.134,0.978,0.16,0.954,0.406,0.454,0.946,0.256,0.165,0.281,0.232,0.371,0.297,0.456
734,5.800000874803203,3.38,6.058,3.403,0.859,0.587,0.172,0.481,0.409,0.363,0.354,0.35,0.087,0.325,0.154,0.249,0.184,0.264
735,6.399996913372259,7.44,234.114,3.179,0.598,0.984,0.171,0.786,0.443,0.397,0.807,0.506,0.037,0.328,0.125,0.418,0.21,0.45
736,5.499999678657065,0.04,27.91,3.227,2.697,0.825,0.142,0.501,0.357,0.437,0.512,0.231,0.162,0.249,0.257,0.377,0.218,0.302
737,5.899998417198648,7.39,243.975,29.995,4.095,0.877,0.15,0.55,0.077,0.323,0.437,0.031,0.022,0.041,0.078,0.059,0.107,0.164
738,8.100015437450608,9.01,223.987,4.656,1.863,0.972,0.158,0.935,0.239,0.369,0.945,0.059,0.161,0.097,0.194,0.087,0.346,0.388
740,7.50003813440381,8.97,289.929,12.261,1.649,0.954,0.157,0.987,0.306,0.4,1.027,0.056,0.162,0.108,0.237,0.154,0.225,0.415
741,5.800000874803203,0.95,314.085,8.424,2.234,0.967,0.164,0.55,0.296,0.389,0.719,0.741,0.19,0.357,0.233,0.196,0.238,0.55
742,5.300000202445418,4.3,145.76,6.006,0.971,0.954,0.174,0.281,0.497,0.413,0.171,0.695,0.245,0.455,0.283,0.538,0.243,0.371
743,5.499999678657065,1.74,147.613,4.671,3.521,0.947,0.142,0.407,0.334,0.405,0.239,0.304,0.138,0.241,0.249,0.291,0.27,0.227
744,6.699991797446187,0.15,11.601,2.747,1.619,0.727,0.155,0.49,0.45,0.466,0.465,0.263,0.194,0.282,0.257,0.423,0.25,0.307
745,5.499999678657065,0.98,14.399,6.145,2.051,0.637,0.152,0.491,0.344,0.375,0.298,0.392,0.175,0.323,0.226,0.571,0.276,0.289
747,6.0,1.72,132.8,8.844,1.669,0.927,0.161,0.237,0.368,0.295,0.138,0.362,0.226,0.305,0.19,0.418,0.195,0.242
748,8.400007822415901,3.53,28.404,17.077,1.871,0.6,0.162,0.047,0.447,0.468,0.115,0.462,0.196,0.262,0.301,0.009,0.233,0.258
749,6.0,3.23,12.845,4.921,0.179,0.716,0.163,0.504,0.441,0.34,0.379,0.182,0.082,0.233,0.125,0.256,0.204,0.214
751,6.699991797446187,5.92,355.427,2.504,1.625,0.989,0.165,0.949,0.426,0.35,1.007,0.303,0.161,0.309,0.208,0.346,0.192,0.49
752,6.399996913372259,3.52,278.275,5.184,1.233,0.977,0.161,0.557,0.471,0.291,0.804,0.279,0.088,0.353,0.149,0.285,0.202,0.391
753,7.0,3.35,12.982,2.246,1.446,0.779,0.167,0.597,0.441,0.345,0.405,0.636,0.137,0.308,0.291,0.414,0.233,0.393
754,8.199970640755867,5.93,14.679,2.51,1.709,0.777,0.16,0.555,0.493,0.449,0.634,0.46,0.104,0.343,0.229,0.533,0.154,0.399
755,7.100015437450609,4.46,232.331,38.912,3.388,0.846,0.155,0.484,0.07,0.394,0.368,0.283,0.175,0.079,0.242,0.04,0.145,0.275
756,6.399996913372259,5.97,109.99,6.253,2.837,0.924,0.174,0.143,0.444,0.417,0.045,0.419,0.367,0.369,0.334,0.506,0.45,0.277
757,7.0,8.21,429.945,180.911,11.12,0.691,0.149,0.528,0.291,0.389,0.574,0.185,0.111,0.144,0.276,0.098,0.199,0.29
758,5.40000018605658,8.63,182.472,9.619,4.297,0.929,0.155,0.271,0.481,0.389,0.25,0.421,0.308,0.417,0.307,0.521,0.278,0.326
760,5.800000874803203,3.31,50.612,14.088,1.427,0.765,0.157,0.059,0.501,0.468,0.048,0.004,0.084,0.279,0.302,0.545,0.35,0.046
761,5.59999938302362,7.94,7.705,3.381,2.601,0.563,0.157,0.413,0.477,0.438,0.418,0.377,0.166,0.409,0.268,0.454,0.321,0.321
762,6.599997654072044,6.2,11.049,3.004,0.119,0.78,0.175,0.615,0.491,0.419,0.566,0.261,0.164,0.282,0.234,0.26,0.246,0.33
763,5.700000503883016,7.84,154.385,9.19,2.498,0.93,0.156,0.445,0.509,0.362,0.385,0.448,0.134,0.453,0.179,0.547,0.207,0.322
764,7.199970640755866,8.87,17.998,2.918,0.22,0.852,0.164,0.527,0.387,0.243,0.613,0.204,0.329,0.252,0.153,0.299,0.561,0.382
765,8.500038134403809,5.11,9.929,5.892,0.829,0.596,0.168,0.529,0.46,0.259,0.795,0.277,0.111,0.34,0.137,0.436,0.161,0.395
766,6.900008766455316,9.67,225.334,24.526,1.808,0.895,0.141,0.805,0.513,0.307,0.874,0.419,0.123,0.476,0.165,0.419,0.172,0.472
767,4.70000006855703,4.2,6.218,2.392,0.129,0.712,0.185,0.576,0.541,0.462,0.436,0.178,0.132,0.26,0.238,0.329,0.363,0.249
768,6.0999990348465305,2.21,11.296,8.436,1.359,0.536,0.143,0.477,0.384,0.414,0.43,0.296,0.161,0.354,0.228,0.461,0.258,0.296
769,8.700057099977233,6.57,75.203,7.573,4.194,0.865,0.152,0.151,0.404,0.334,0.121,0.275,0.327,0.343,0.279,0.169,0.449,0.241
770,6.699991797446187,6.52,113.625,3.761,3.401,0.941,0.172,0.203,0.366,0.384,0.293,0.38,0.333,0.347,0.347,0.508,0.365,0.335
771,5.899998417198648,3.89,227.579,90.65,3.761,0.707,0.167,0.553,0.208,0.455,0.626,0.295,0.328,0.217,0.343,0.071,0.313,0.416
772,6.0,5.2,12.227,1.397,0.677,0.855,0.175,0.573,0.46,0.509,0.378,0.221,0.092,0.24,0.251,0.374,0.289,0.23
773,5.40000018605658,4.61,408.263,276.695,81.683,0.533,0.153,0.71,0.642,0.368,0.918,0.743,0.12,0.794,0.228,0.773,0.232,0.593
774,5.899998417198648,0.64,300.249,4.812,0.901,0.981,0.156,0.657,0.41,0.365,0.733,0.559,0.107,0.405,0.168,0.438,0.214,0.466
775,6.199998172182031,5.88,21.014,4.105,0.494,0.82,0.156,0.62,0.396,0.297,0.372,0.273,0.07,0.301,0.117,0.374,0.134,0.238
776,4.499999953328896,3.06,217.064,85.584,0.332,0.716,0.169,0.488,0.237,0.366,0.385,0.087,0.087,0.11,0.148,0.1,0.257,0.186
777,5.899998417198648,9.06,103.257,11.125,2.046,0.887,0.157,0.178,0.47,0.412,0.127,0.318,0.346,0.424,0.308,0.395,0.368,0.264
778,5.200000237109354,9.15,17.552,4.201,1.276,0.762,0.155,0.484,0.525,0.23,0.278,0.3,0.096,0.337,0.138,0.333,0.204,0.224
779,5.200000237109354,3.19,21.147,1.94,0.802,0.885,0.162,0.604,0.432,0.23,0.477,0.148,0.039,0.211,0.089,0.234,0.108,0.221
780,7.700057099977233,8.29,201.634,77.145,2.323,0.717,0.168,0.493,0.152,0.469,1.09,0.401,0.163,0.157,0.251,0.047,0.3,0.551
781,5.700000503883016,5.03,168.737,17.525,2.053,0.896,0.153,0.145,0.462,0.438,0.155,0.528,0.297,0.48,0.28,0.517,0.414,0.327
783,8.100015437450608,6.8,285.928,7.028,4.122,0.962,0.152,0.725,0.419,0.254,0.67,0.353,0.089,0.383,0.144,0.573,0.103,0.371
785,5.300000202445418,9.47,49.926,1.897,1.31,0.94,0.144,0.564,0.486,0.439,0.476,0.255,0.109,0.268,0.198,0.408,0.242,0.28
786,5.700000503883016,0.6,203.237,7.231,0.558,0.963,0.163,0.84,0.248,0.311,1.028,0.069,0.08,0.097,0.147,0.117,0.13,0.392
787,5.59999938302362,8.12,23.748,2.024,1.032,0.886,0.154,0.544,0.463,0.317,0.462,0.347,0.226,0.281,0.208,0.569,0.323,0.345
788,5.700000503883016,2.8,18.106,5.202,2.305,0.707,0.151,0.551,0.404,0.28,0.402,0.401,0.142,0.337,0.168,0.341,0.201,0.315
789,5.499999678657065,9.72,57.838,10.482,3.213,0.809,0.154,0.085,0.439,0.359,1.474,0.139,0.166,0.283,0.309,0.351,0.331,0.593
790,8.199970640755867,3.07,150.466,11.092,1.082,0.925,0.151,0.328,0.501,0.312,0.328,0.25,0.097,0.323,0.143,0.311,0.168,0.225
791,5.59999938302362,9.0,139.729,22.717,1.277,0.853,0.152,0.203,0.472,0.483,0.169,0.656,0.236,0.563,0.289,0.422,0.311,0.354
792,7.400007822415902,7.29,212.065,4.577,1.494,0.972,0.151,0.932,0.499,0.47,0.946,0.193,0.286,0.265,0.334,0.278,0.338,0.475
793,6.799998134593398,6.9,60.116,4.607,0.938,0.916,0.156,0.138,0.381,0.315,0.179,0.275,0.123,0.31,0.174,0.357,0.165,0.192
794,5.899998417198648,7.36,11.615,5.757,0.792,0.639,0.151,0.453,0.515,0.317,0.626,0.385,0.124,0.429,0.166,0.461,0.152,0.378
795,6.0999990348465305,4.29,201.4,114.098,5.069,0.628,0.159,0.697,0.347,0.456,0.609,0.918,0.312,0.539,0.34,0.8,0.301,0.613
796,7.700057099977233,4.85,8.647,6.704,1.435,0.515,0.159,0.44,0.455,0.366,0.232,0.28,0.327,0.298,0.27,0.408,0.333,0.28
797,8.0,6.81,11.306,4.584,0.782,0.678,0.166,0.545,0.481,0.247,0.35,0.351,0.061,0.323,0.103,0.51,0.127,0.254
798,5.795880017344075,7.09,20.228,4.249,1.376,0.782,0.15,0.486,0.403,0.338,0.359,0.26,0.118,0.277,0.181,0.376,0.21,0.246
799,5.236572006437063,8.78,184.737,4.787,2.764,0.961,0.152,0.59,0.39,0.405,0.671,0.258,0.258,0.287,0.318,0.359,0.355,0.396
800,7.698970004336019,8.76,68.251,13.94,2.349,0.807,0.152,0.056,0.495,0.405,0.01,0.007,0.04,0.193,0.22,0.334,0.286,0.019
801,7.698970004336019,5.74,175.955,4.888,0.655,0.969,0.167,0.513,0.477,0.455,0.601,0.409,0.223,0.378,0.293,0.483,0.242,0.411
802,5.236572006437063,9.57,15.757,4.774,0.999,0.732,0.154,0.496,0.399,0.368,0.368,0.268,0.091,0.299,0.16,0.354,0.176,0.242
803,4.8297382846050425,0.26,128.25,5.295,0.942,0.954,0.163,0.318,0.524,0.302,0.333,0.3,0.084,0.363,0.139,0.454,0.174,0.239
804,7.657577319177793,6.45,412.628,172.413,3.741,0.701,0.145,0.547,0.37,0.431,0.624,1.014,0.294,0.556,0.325,0.382,0.297,0.644
805,7.045757490560675,4.45,180.741,6.531,1.611,0.957,0.147,0.714,0.409,0.339,0.711,0.304,0.173,0.322,0.222,0.345,0.237,0.396
806,7.130768280269024,2.26,328.791,10.266,1.333,0.966,0.145,0.557,0.384,0.272,0.578,0.344,0.171,0.34,0.199,0.435,0.15,0.364
807,9.00436480540245,1.2,207.663,7.853,2.997,0.95,0.15,0.551,0.521,0.382,0.781,0.36,0.274,0.451,0.288,0.441,0.258,0.472
808,6.161150909262744,1.16,186.391,55.636,3.064,0.76,0.145,0.398,0.061,0.444,0.397,0.008,0.014,0.018,0.184,0.026,0.336,0.14
809,7.920818753952375,0.98,18.808,6.599,1.603,0.696,0.145,0.621,0.481,0.319,0.539,0.308,0.234,0.375,0.242,0.54,0.17,0.36
810,9.318758762624412,1.57,251.947,9.9,2.317,0.954,0.144,0.773,0.299,0.465,0.73,0.149,0.137,0.21,0.259,0.301,0.26,0.339
811,9.657577319177792,4.62,13.347,6.822,1.73,0.609,0.141,0.556,0.473,0.354,0.653,0.382,0.244,0.418,0.261,0.564,0.228,0.426
812,6.431798275933005,2.27,104.797,16.605,2.165,0.848,0.149,0.122,0.511,0.45,0.114,0.501,0.308,0.494,0.337,0.417,0.373,0.308
813,7.1938200260161125,3.13,319.222,4.438,2.487,0.979,0.147,0.771,0.341,0.473,0.758,0.218,0.143,0.254,0.209,0.324,0.267,0.373
814,6.920818753952375,4.54,226.61,7.998,2.784,0.955,0.146,0.962,0.326,0.337,1.018,0.241,0.159,0.294,0.223,0.349,0.201,0.472
815,7.795880017344075,3.11,151.744,21.362,2.275,0.865,0.147,0.2,0.525,0.389,0.223,0.475,0.157,0.45,0.221,0.456,0.204,0.285
816,8.508638306165727,5.92,120.293,18.152,1.165,0.862,0.148,0.277,0.491,0.348,0.292,0.455,0.216,0.412,0.224,0.423,0.189,0.321
817,8.075720713938118,4.53,140.644,14.72,3.348,0.886,0.145,0.228,0.604,0.391,0.11,0.661,0.125,0.581,0.228,0.561,0.202,0.299
818,7.698970004336019,9.25,26.639,4.709,1.686,0.806,0.148,0.618,0.394,0.335,0.483,0.322,0.176,0.327,0.217,0.447,0.177,0.327
819,9.173925197299171,1.03,21.476,5.445,1.333,0.76,0.15,0.652,0.466,0.382,0.592,0.297,0.309,0.363,0.289,0.524,0.26,0.4
820,7.920818753952375,5.15,136.474,8.317,4.475,0.914,0.158,0.315,0.425,0.399,0.352,0.389,0.283,0.416,0.292,0.429,0.198,0.341
821,9.397940008672036,5.11,57.975,23.259,2.114,0.696,0.149,0.047,0.559,0.505,0.531,0.002,0.171,0.315,0.34,0.52,0.408,0.235
822,8.356547323513812,1.38,18.296,6.12,1.428,0.708,0.151,0.684,0.484,0.38,0.675,0.31,0.151,0.383,0.239,0.544,0.194,0.379
823,8.309803919971486,9.33,445.332,126.718,4.698,0.772,0.147,0.898,0.344,0.337,0.869,0.192,0.152,0.252,0.227,0.299,0.203,0.404
824,7.744727494896693,8.38,347.943,6.447,2.518,0.975,0.146,0.754,0.353,0.369,0.595,0.295,0.247,0.321,0.247,0.468,0.266,0.379
825,8.698970004336019,6.66,451.268,139.511,7.969,0.754,0.151,0.717,0.659,0.473,0.708,0.74,0.295,0.766,0.386,0.623,0.331,0.581
826,8.200659450546418,6.9,18.069,7.148,1.103,0.687,0.146,0.635,0.449,0.285,0.617,0.381,0.066,0.433,0.128,0.585,0.132,0.355
827,8.045757490560675,8.34,257.637,5.506,1.848,0.972,0.147,0.934,0.32,0.337,0.978,0.219,0.209,0.271,0.229,0.393,0.291,0.469
828,8.823908740944319,9.79,341.951,207.498,6.706,0.615,0.144,0.404,0.427,0.486,0.528,0.167,0.324,0.249,0.394,0.209,0.585,0.34
829,8.958607314841775,6.35,21.167,4.801,1.613,0.767,0.146,0.601,0.404,0.291,0.45,0.22,0.265,0.292,0.244,0.373,0.161,0.312
830,9.337242168318426,7.68,221.492,58.275,5.423,0.777,0.146,0.54,0.052,0.452,0.516,0.049,0.257,0.036,0.325,0.022,0.242,0.274
831,8.886056647693163,6.72,376.708,53.942,2.061,0.871,0.147,0.9,0.085,0.4,0.944,0.039,0.219,0.04,0.282,0.035,0.289,0.401
832,6.522878745280337,6.77,103.3,10.362,3.05,0.885,0.147,0.148,0.448,0.421,0.066,0.361,0.341,0.411,0.323,0.512,0.369,0.256
833,7.130768280269024,9.08,22.418,4.382,1.573,0.79,0.147,0.572,0.38,0.297,0.497,0.216,0.226,0.262,0.226,0.396,0.155,0.313
835,7.236572006437063,3.34,15.484,3.261,1.028,0.783,0.156,0.606,0.341,0.354,0.422,0.657,0.121,0.36,0.18,0.513,0.185,0.4
836,5.267606240177032,7.32,42.495,12.293,5.184,0.709,0.149,0.049,0.495,0.387,0.032,0.003,0.228,0.17,0.296,0.293,0.333,0.088
837,5.045757490560675,6.65,276.709,9.407,0.687,0.965,0.16,0.972,0.486,0.237,1.011,0.307,0.056,0.34,0.101,0.322,0.155,0.458
838,5.356547323513812,0.43,11.633,4.395,0.791,0.692,0.155,0.48,0.45,0.211,0.347,0.442,0.044,0.379,0.088,0.53,0.111,0.278
839,5.318758762624412,1.65,203.44,4.438,0.874,0.975,0.156,0.574,0.509,0.343,0.81,0.476,0.09,0.413,0.166,0.44,0.203,0.459
840,5.795880017344075,1.38,96.892,44.776,2.025,0.674,0.152,0.097,0.058,0.377,0.057,0.003,0.264,0.012,0.255,0.018,0.217,0.108
841,6.221848749616356,0.51,25.914,2.242,1.556,0.872,0.151,0.557,0.441,0.387,0.561,0.245,0.157,0.287,0.212,0.395,0.301,0.321
842,7.823908740944319,2.65,279.431,24.579,1.494,0.915,0.146,0.225,0.537,0.426,0.078,0.554,0.152,0.533,0.243,0.696,0.275,0.261
843,6.721246399047171,6.34,96.7,12.534,0.501,0.881,0.156,0.143,0.431,0.25,0.021,0.221,0.067,0.314,0.097,0.305,0.179,0.103
844,8.045757490560675,2.3,364.938,161.62,56.045,0.626,0.156,0.579,0.703,0.076,0.575,0.772,0.065,0.758,0.042,0.749,0.03,0.471
845,7.154901959985743,5.32,118.462,10.645,2.968,0.897,0.156,0.159,0.515,0.448,0.089,0.495,0.291,0.473,0.373,0.427,0.269,0.291
846,4.795880017344075,0.23,186.368,4.703,1.05,0.97,0.158,0.766,0.498,0.472,0.807,0.251,0.271,0.323,0.298,0.412,0.333,0.443
847,5.251811972993799,0.56,212.996,3.865,2.995,0.969,0.153,0.303,0.369,0.528,0.255,0.208,0.18,0.269,0.304,0.294,0.228,0.214
848,5.200659450546418,6.41,13.925,5.981,2.348,0.626,0.151,0.565,0.356,0.36,0.402,0.299,0.123,0.289,0.193,0.341,0.25,0.274
849,6.3979400086720375,2.1,204.645,119.886,1.879,0.627,0.153,0.813,0.186,0.342,0.76,0.093,0.173,0.086,0.217,0.073,0.226,0.342
850,5.721246399047171,0.58,23.235,7.53,2.863,0.691,0.149,0.624,0.523,0.392,0.615,0.39,0.278,0.435,0.299,0.417,0.362,0.428
851,5.6777807052660805,8.12,141.201,11.53,2.159,0.912,0.142,0.806,0.419,0.47,0.664,0.422,0.216,0.443,0.298,0.596,0.36,0.434
852,6.187086643357144,8.49,27.179,4.678,0.884,0.83,0.151,0.591,0.442,0.334,0.486,0.238,0.107,0.286,0.176,0.375,0.156,0.277
853,6.275724130399211,1.65,34.059,11.206,1.878,0.722,0.151,0.172,0.094,0.407,0.19,0.007,0.004,0.015,0.069,0.028,0.117,0.067
854,7.657577319177793,1.56,204.248,97.118,3.541,0.67,0.151,0.801,0.213,0.398,0.755,0.132,0.217,0.194,0.298,0.118,0.252,0.368
855,6.853871964321762,5.0,353.62,11.473,0.816,0.966,0.146,0.633,0.466,0.331,0.532,0.454,0.15,0.395,0.184,0.431,0.188,0.379
856,6.6777807052660805,6.43,9.671,3.305,0.954,0.694,0.164,0.627,0.517,0.467,0.441,0.287,0.2,0.336,0.285,0.361,0.215,0.31
