mol_id,PKI,num_of_hbonds,rmsd,Total,PSA,epsilon,Gyration,Mtot,Bond,U-B,Proper Dih.
1,9.154901959985745,7,0.0755659,5.133,4.091,1.13,0.381157,11.6659265,62.134064,137.183258,116.629723
2,9.30102999566398,8,0.0410739,5.274,4.261,1.186,0.368656,11.1105822,65.368942,254.040771,101.698212
3,6.214670164989233,5,0.1481057,6.077,2.939,1.06,0.420268,6.32346747,61.941422,121.982964,144.273148
4,7.920818753952375,5,0.0504685,5.954,3.315,1.154,0.416686,10.7067981,42.266434,275.467896,112.165787
6,7.823908740944319,6,0.1255799,5.375,2.905,1.099,0.412728,11.4360061,44.868122,241.17749,85.308685
7,7.207608310501746,7,0.1002963,5.419,3.042,1.119,0.405869,9.57294954,30.035275,344.368866,146.54068
8,8.619788758288394,7,0.1764411,5.414,3.417,1.137,0.420275,9.63902015,62.829079,249.856552,128.214203
9,7.341988603342887,5,0.012602,4.426,3.417,1.183,0.303516,9.86919143,29.370129,222.532623,53.505573
10,8.698970004336019,8,0.1626886,5.362,4.545,1.153,0.443247,7.7840037,37.019375,234.176239,87.255692
12,7.744727494896693,7,0.2202606,5.955,3.744,1.164,0.400663,6.5137948,72.642242,256.242218,143.296555
13,7.552841968657781,7,0.1114813,5.833,3.437,1.203,0.406218,9.60068335,33.582722,238.979889,88.152184
14,8.017728766960431,7,0.1199463,5.808,3.98,1.244,0.408043,11.5173769,45.997353,278.319794,123.306923
15,8.920818753952375,9,0.0371365,5.233,3.945,1.314,0.370564,13.7687562,29.718784,255.168274,94.893311
16,7.301029995663981,7,0.1101739,4.938,3.281,1.15,0.347176,9.41289583,95.980881,230.388428,113.714394
17,8.537602002101044,7,0.119461,5.287,3.178,1.2,0.387593,9.5810605,25.47065,239.561722,116.270264
19,7.494850021680094,7,0.0967945,5.716,4.089,1.125,0.401087,6.4970256,28.152748,261.607117,118.720573
20,7.657577319177793,7,0.0746346,6.09,4.125,1.133,0.447806,9.47387863,44.339962,323.085938,211.924545
21,7.958607314841775,8,0.1185304,6.367,4.33,1.174,0.466068,9.17181335,74.56366,251.201904,152.555176
22,7.017728766960431,6,0.0371696,4.374,3.486,1.188,0.301318,9.49389522,43.931725,269.712982,81.609489
23,8.080921907623926,9,0.0644096,5.597,3.998,1.416,0.365633,16.1086901,59.604019,282.972595,163.941498
24,8.769551078621726,8,0.0940649,5.187,4.162,1.119,0.369394,5.69313705,59.310181,262.363678,123.008934
25,7.481486060122112,7,0.0835437,5.272,3.247,1.195,0.397417,10.612545,25.192493,269.031952,103.156448
27,7.958607314841775,6,0.0797813,5.886,3.745,1.169,0.421284,12.2168296,47.053635,222.116287,90.803581
28,8.031517051446064,9,0.1149841,5.601,3.486,1.105,0.421196,10.3689319,39.713951,1137.421143,82.098999
30,8.229147988357855,10,0.2118662,5.969,4.887,1.09,0.465097,13.2711215,37.707344,266.05368,76.954285
31,8.568636235841012,9,0.1480111,5.196,4.191,1.205,0.378056,12.4967469,46.303051,236.742142,80.609146
32,8.022276394711152,7,0.0599614,5.471,4.282,1.181,0.425657,12.4239492,59.151695,229.409286,57.128719
33,7.886056647693163,6,0.1739148,5.572,4.08,1.176,0.371495,7.7457286,53.224304,271.587463,130.493561
34,8.494850021680094,8,0.0812093,5.149,4.008,1.202,0.397027,11.7731414,38.266357,211.171005,106.91761
35,7.045757490560675,6,0.0399356,5.1,3.161,1.206,0.31148,10.6462531,39.18364,242.622025,93.527611
36,8.585026652029182,9,0.0515388,5.577,4.419,1.135,0.422267,10.1559812,22.444748,268.757446,82.522705
37,8.214670164989233,7,0.104897,5.515,3.916,1.169,0.388263,11.1396638,35.418468,238.694061,57.93454
38,8.346787486224656,9,0.0962037,5.387,4.109,1.111,0.407195,9.55117061,51.7118,235.683594,88.834686
39,8.823908740944319,6,0.1919816,5.95,4.545,1.112,0.430783,6.46815244,34.499775,243.272537,75.177353
40,8.698970004336019,6,0.0474815,4.709,3.383,1.266,0.306499,11.5526384,58.436954,258.091431,65.648697
41,6.823908740944319,6,0.0274547,4.581,3.349,1.155,0.314555,8.94862834,37.446815,291.382233,71.25174
42,8.55284196865778,9,0.0664565,4.453,3.331,1.107,0.308552,8.32808043,70.278519,241.407196,95.81694
43,7.744727494896693,6,0.0457518,4.434,3.364,1.118,0.304568,7.48125147,28.17676,231.870468,60.632168
44,8.886056647693163,4,0.1384252,4.399,2.7,1.131,0.309444,9.26018022,24.916969,244.25032,63.301025
45,9.045757490560677,8,0.0830767,5.147,4.477,1.084,0.398072,6.10952067,34.956841,238.210297,112.829605
46,8.886056647693163,6,0.1086575,6.08,3.315,1.114,0.429746,9.85611124,47.296391,228.291092,129.639938
47,8.0,7,0.0825959,4.616,3.281,1.13,0.307206,8.38623951,26.434137,237.82608,66.905746
49,9.221848749616356,7,0.2093501,5.712,4.089,1.137,0.394057,11.8355366,41.460823,222.034042,159.991898
50,8.522878745280337,7,0.195468,5.542,3.367,1.063,0.344636,6.7445598,28.572561,210.499939,147.89267
51,8.481486060122112,9,0.1525827,5.685,3.602,1.117,0.364331,10.27084,48.81369,307.313019,90.173996
52,8.275724130399212,9,0.1101116,5.514,3.702,1.127,0.35602,10.6003581,57.402306,237.684448,102.43679
53,8.67778070526608,8,0.1354806,5.778,3.993,1.173,0.399293,2.99244056,27.465897,243.467834,62.13026
54,8.585026652029182,10,0.0436921,5.747,3.775,1.044,0.363283,5.10885648,40.833183,272.217712,71.726959
55,8.585026652029182,7,0.0979,6.107,3.472,1.265,0.393475,13.1024096,26.410364,262.600403,55.011433
56,8.0,7,0.0691511,5.631,3.334,1.12,0.366315,6.07650355,42.586681,215.93689,84.06443
57,7.552841968657781,7,0.1817237,5.25,3.76,1.129,0.337407,5.61609927,64.803978,306.44516,92.081291
58,7.997833938243493,7,0.172241,5.613,4.493,1.122,0.356804,10.6876674,41.414131,274.29184,75.625854
59,8.3767507096021,9,0.1526635,5.705,4.374,1.147,0.37084,3.5650852,41.1147,239.816025,95.901512
60,8.301029995663981,8,0.1083126,6.129,4.397,1.046,0.423893,6.48880733,62.681019,323.225525,139.087753
61,7.920818753952375,7,0.0962483,6.044,4.017,1.1,0.416564,6.8124255,60.626869,266.49527,109.813789
62,8.769551078621726,14,0.0880943,6.651,5.518,1.084,0.443338,3.6839809,91.185104,252.381744,151.091797
63,8.431798275933005,11,0.2375377,6.223,5.112,1.203,0.445841,9.19373831,58.13401,241.508301,163.431534
64,8.267606240177031,10,0.1878629,6.796,5.144,1.08,0.419779,4.02817503,53.94458,297.172821,180.547485
65,8.136677139879543,10,0.1540197,5.968,5.449,1.044,0.407979,11.6755234,53.881142,284.524506,125.081299
66,8.075720713938118,8,0.1103176,6.859,5.546,1.038,0.454076,4.56191689,59.009109,272.971497,148.267899
67,7.795880017344075,6,0.1654056,6.178,5.213,1.062,0.411423,8.16200561,45.311035,257.986023,91.102127
68,7.886056647693163,9,0.1622364,6.896,5.434,1.068,0.444125,7.55563361,47.726555,294.09668,141.438431
70,8.031517051446064,10,0.098203,6.435,5.058,1.047,0.442901,2.67367145,53.779938,291.52005,157.773941
76,8.040958607678906,6,0.0863795,6.098,4.238,1.127,0.41152,7.75826245,29.11359,254.2258,133.579163
78,8.337242168318426,7,0.160294,6.112,4.135,1.065,0.394362,8.06693485,28.506016,251.259125,122.49572
79,7.0762380391713,6,0.0856107,6.478,2.944,1.079,0.419796,4.82214386,53.959354,960.335266,127.083344
80,9.522878745280336,7,0.085721,5.628,4.188,1.098,0.380553,6.16117395,32.615181,252.442535,107.371773
81,10.0,9,0.0802202,5.557,4.052,1.16,0.378443,10.0786125,29.166401,227.281769,82.305077
82,8.958607314841775,7,0.1885182,5.872,4.018,1.113,0.405682,5.98354428,38.136124,272.240295,113.710762
83,8.309803919971486,7,0.0945963,5.448,3.961,1.166,0.360218,7.64331115,47.157475,284.33783,108.998283
85,7.508638306165727,9,0.0688438,4.609,3.659,1.126,0.322756,8.3656345,53.430107,212.237976,149.038681
86,7.366531544420414,8,0.0934375,6.168,3.801,1.217,0.40567,12.4826965,62.755768,301.449158,114.518295
87,8.2839966563652,9,0.0996922,5.707,4.551,1.238,0.361884,12.462005,67.597229,264.834503,114.217834
88,8.698970004336019,9,0.0428664,5.308,3.712,1.144,0.338931,10.3890988,41.097404,263.733276,155.809067
89,8.468521082957745,9,0.1125475,5.605,4.77,1.13,0.375063,9.95693525,38.685333,246.802383,151.214691
90,8.585026652029182,9,0.1279635,5.924,3.711,1.101,0.404813,7.64505049,50.346764,284.168854,167.39743
91,7.886056647693163,7,0.064285,5.049,3.06,1.137,0.327206,7.68930727,36.032524,304.401031,91.247635
92,8.455931955649724,7,0.1073626,4.924,3.262,1.126,0.335921,7.70465833,25.147795,222.266586,77.616798
93,8.958607314841775,8,0.0309759,4.877,2.822,1.137,0.311848,9.809821,29.265778,263.611816,50.946537
94,7.602059991327962,9,0.2934923,5.097,3.247,1.159,0.321831,10.8451116,94.46714,243.674942,116.710533
95,6.127843727251707,9,0.0194432,4.521,3.52,1.234,0.321118,10.9083899,37.461655,219.461899,47.098679
96,6.6777807052660805,8,0.0326467,4.26,3.247,1.298,0.306024,12.9289406,29.529053,225.897675,50.635342
97,6.806875401645538,10,0.0470167,5.283,4.409,1.233,0.396375,10.9030368,50.127224,320.549469,124.799118
98,6.91721462968355,10,0.1213453,5.847,4.057,1.272,0.438156,14.2041884,69.073242,312.207428,154.565262
99,6.920818753952375,10,0.124271,5.83,4.145,1.267,0.456725,12.8833194,53.599369,247.629898,98.911453
100,7.67778070526608,10,0.1048067,4.325,3.623,1.235,0.32059,9.86670212,51.67337,247.885681,84.51783
101,7.795880017344075,11,0.1135299,5.276,3.93,1.128,0.426298,7.69924684,63.41819,260.819061,119.200928
102,7.920818753952375,9,0.1630659,5.337,4.146,1.229,0.369458,13.2774154,70.00988,245.796204,93.606216
103,7.920818753952375,9,0.1001982,5.204,4.418,1.096,0.401343,8.25917994,46.315868,274.73465,86.362534
104,7.920818753952375,5,0.0168333,4.195,3.5,1.181,0.314434,10.1755358,32.370415,244.439255,70.976364
105,8.070581074285707,5,0.0520618,5.588,3.178,1.163,0.434847,10.1889329,62.435272,247.513992,102.516022
106,8.102372908709558,9,0.0492785,4.958,3.917,1.241,0.333683,11.7349912,53.949646,288.174957,114.920151
107,8.207608310501746,10,0.1231659,4.992,3.947,1.187,0.361723,16.1769891,50.352905,254.334595,95.155365
109,8.327902142064282,10,0.1143298,5.578,3.95,1.34,0.429686,15.3132011,57.070766,278.307373,68.692818
110,8.619788758288394,7,0.2784219,5.187,3.943,1.213,0.380297,11.7650067,80.642586,275.698151,96.878227
113,5.337242168318426,5,0.121517,5.038,2.377,1.081,0.374275,6.44697775,38.33736,43.841652,43.379272
114,5.508638306165727,3,0.1317882,4.184,2.207,1.111,0.321912,6.5759565,30.004391,45.090202,25.964781
115,5.537602002101044,8,0.2031764,6.08,2.948,1.162,0.393538,9.35769267,35.385014,44.744053,70.391632
116,5.585026652029182,9,0.2105902,5.733,3.143,1.145,0.426907,10.2450315,31.834791,32.877953,47.954674
117,5.619788758288394,6,0.2183858,6.137,2.946,1.169,0.4104,8.66608182,48.652317,91.281982,42.56395
118,5.657577319177793,3,0.1140568,5.204,2.207,1.115,0.329315,7.26126879,31.76985,45.347347,46.372589
119,5.6777807052660805,4,0.1333098,4.566,2.241,1.071,0.35637,6.06606696,35.623558,20.650097,36.196335
120,5.698970004336019,4,0.1390176,5.001,2.343,1.05,0.371819,4.60017188,33.727238,43.544556,50.417564
121,5.769551078621726,7,0.0615079,4.341,2.754,1.134,0.318352,7.37990738,33.422222,38.961235,71.289528
122,5.769551078621726,5,0.0971819,4.46,2.275,1.128,0.328686,8.07017452,32.825974,24.860937,50.039707
123,5.823908740944319,8,0.1312071,6.067,3.048,1.133,0.443477,10.7038804,48.082809,185.401932,190.017365
124,5.958607314841775,6,0.1619515,5.024,2.651,1.104,0.335343,5.98714358,43.399208,48.091797,95.877274
125,6.0,6,0.2000234,6.246,3.504,1.122,0.463526,6.08270545,47.418564,73.125732,67.524658
126,6.0,9,0.1064621,6.246,3.061,1.07,0.460716,6.12811753,41.142666,72.471214,97.953835
127,6.309803919971486,7,0.2011487,5.737,3.301,1.076,0.452629,8.04606746,81.449791,67.499054,68.52977
128,6.366531544420414,8,0.1398036,5.933,3.049,1.095,0.438905,8.76499484,45.212631,77.075691,97.808403
129,6.443697499232712,7,0.1745802,7.127,3.199,1.098,0.456102,9.54088078,42.761902,82.366272,127.603973
130,6.698970004336019,7,0.2157824,6.032,3.71,1.099,0.460859,6.78548256,56.604782,82.193291,82.825958
131,7.0,4,0.1435027,5.038,2.568,1.092,0.3426,6.15161881,43.434303,37.52549,69.752716
132,5.455931955649724,7,0.1159763,4.483,2.825,1.312,0.313949,12.4631212,54.321995,69.296356,67.9515
133,5.494850021680094,7,0.1825807,4.878,3.657,1.185,0.326422,15.9287184,32.360909,117.060989,72.493027
134,5.552841968657781,6,0.0837467,4.374,2.675,1.407,0.323571,13.7236666,57.485893,82.249535,61.185902
135,5.920818753952375,9,0.1153401,4.765,3.152,1.438,0.335058,16.9332279,47.032951,81.753265,66.227058
136,6.049148541111453,9,0.1037333,4.64,3.388,1.493,0.344472,13.4366302,27.478329,57.371689,63.848625
137,6.142667503568731,7,0.1265123,4.881,2.927,1.342,0.357885,14.3544785,59.934319,48.378731,40.292645
138,6.1487416512809245,7,0.0919019,4.484,2.86,1.352,0.332542,14.4711935,54.326191,91.64679,25.455673
139,6.179798540514359,7,0.0975108,4.891,3.663,1.417,0.340362,16.083116,60.935371,66.23127,61.897568
140,6.191114132640188,7,0.1369341,4.758,2.655,1.394,0.359265,14.1642141,62.044361,58.398182,79.926239
141,6.214670164989233,7,0.0565352,4.918,2.723,1.356,0.381137,15.3760784,52.633369,40.866714,66.261055
142,6.343901797987168,8,0.0389126,4.839,3.526,1.36,0.343552,16.7040397,72.88298,87.389168,76.337524
144,6.38933983691012,7,0.0646521,4.87,3.323,1.504,0.330469,15.3386684,60.793907,117.467865,93.193756
145,6.400116927926312,6,0.0460247,4.918,2.929,1.41,0.355803,15.5380581,76.257812,85.883728,90.443268
147,6.504455662453552,6,0.1017527,4.724,2.689,1.415,0.356188,14.2663664,65.381821,145.152924,39.767372
148,6.552841968657781,9,0.0933553,5.568,4.142,1.312,0.351514,12.7195335,43.734261,114.008316,78.71991
149,6.628932137728263,5,0.1005943,4.598,2.689,1.345,0.314813,15.4388413,71.113052,70.314957,46.818802
150,6.82102305270683,8,0.1353643,5.021,2.826,1.409,0.411528,13.3612345,68.13662,114.882088,81.153587
151,6.920818753952375,6,0.0718252,4.134,2.69,1.387,0.307936,14.4089571,92.313919,176.175385,139.370651
152,7.008773924307505,6,0.0358427,4.523,2.689,1.485,0.298874,15.0561159,55.859634,70.996086,40.782742
153,7.1249387366083,6,0.09515,4.38,2.894,1.408,0.327621,14.2613962,63.481094,48.409878,65.459778
155,8.337242168318426,9,0.0692267,5.255,3.509,1.229,0.338241,12.355057,50.167343,115.686844,82.476097
156,8.522878745280337,8,0.2191965,5.453,3.406,1.228,0.347205,16.5271899,41.500767,119.053375,54.007046
158,8.130768280269024,10,0.1118329,6.294,3.68,1.131,0.41842,9.24341284,65.168953,90.143394,121.791992
159,6.110698297493689,12,0.185415,5.517,3.436,1.047,0.412607,6.87179978,73.177078,178.962082,97.559204
160,6.958607314841775,6,0.256928,5.73,3.542,1.024,0.386415,3.6519648,58.840206,159.543915,47.17001
161,7.33161408331,5,0.0798064,6.814,3.899,1.017,0.465808,2.97478621,34.813553,138.362366,193.068359
162,8.537602002101044,8,0.1465881,6.347,3.954,1.071,0.408604,9.65468106,71.552261,169.9729,95.532578
163,8.318758762624412,8,0.1422839,6.314,5.176,1.047,0.416509,10.5589524,65.44828,151.344543,78.78318
164,8.823908740944319,8,0.1451225,7.389,4.502,1.013,0.472653,3.46690482,65.401871,182.438705,82.032608
165,7.066006836168758,9,0.1892489,6.26,4.043,1.043,0.409086,3.90758412,38.262966,185.869522,98.325844
166,7.335358024443875,7,0.0916492,6.376,3.475,1.089,0.408986,7.2183525,55.375946,78.227257,97.67881
167,9.30102999566398,7,0.2010962,7.944,4.546,1.055,0.469989,6.42078041,55.774292,202.245346,142.518265
168,7.542118103266008,5,0.2076561,6.795,3.799,1.054,0.476114,4.91014637,53.977463,156.166962,192.784012
169,7.394694953858891,6,0.1188238,5.649,3.952,1.124,0.362616,9.45443133,41.408253,79.61129,117.93219
170,7.52432881167557,6,0.0731866,5.772,3.712,1.04,0.383918,6.25373423,36.799145,127.717743,97.583626
171,6.882728704344236,4,0.1299006,6.072,3.439,1.138,0.377346,9.02128852,94.228294,99.170547,80.370087
172,8.67778070526608,9,0.1395539,7.181,4.788,1.13,0.412674,6.50278217,95.784912,186.714035,106.000046
173,9.154901959985745,4,0.2308456,6.534,3.864,1.094,0.410759,7.98296308,73.041328,177.167435,87.647133
174,7.920818753952375,6,0.2054749,7.099,4.577,1.013,0.458434,2.86565102,80.54966,197.748489,101.809509
175,5.920818753952375,3,0.1749548,5.87,3.2,1.056,0.377961,6.06927518,43.11237,64.771416,98.991112
176,6.815308569182402,4,0.0533352,4.803,3.371,1.089,0.350195,7.0892127,65.954674,63.820126,77.126152
177,8.638272163982407,9,0.1735928,7.089,4.837,1.045,0.461911,6.2463161,47.028996,189.180069,132.774002
178,8.795880017344075,7,0.1030503,7.25,4.758,1.038,0.453107,3.97851121,40.9729,180.253616,83.655701
179,7.546681659952962,7,0.128539,5.905,3.806,1.084,0.432658,6.20405565,26.183107,141.876129,67.848198
180,8.356547323513812,6,0.0734213,6.552,4.197,1.053,0.443314,7.22862139,41.818123,163.132629,75.76635
181,7.75448733218585,8,0.1605694,6.259,3.715,1.103,0.42495,7.79871932,40.248306,79.975655,92.027794
182,7.07727454200674,3,0.1481212,5.499,3.099,1.075,0.378153,6.99980559,48.154949,89.136421,68.914902
183,8.42021640338319,9,0.3031195,7.692,4.405,1.025,0.471185,1.67963308,83.381607,215.993835,168.415863
184,8.55284196865778,6,0.2115079,6.47,3.989,1.093,0.407871,8.92390388,45.99334,129.861084,85.666229
185,7.443697499232712,6,0.1166128,6.661,3.706,1.017,0.511534,3.95267812,57.745461,77.018799,73.865135
186,9.154901959985745,4,0.2585135,7.665,4.55,1.045,0.475054,6.40086533,67.747917,272.490234,132.619476
187,8.3767507096021,8,0.0929671,6.949,5.919,1.132,0.446378,8.27213792,76.181419,217.802826,114.209358
188,7.454692883534176,3,0.0551766,6.026,3.165,1.088,0.363614,8.41547311,42.86319,88.886353,99.483223
190,7.818156412055227,10,0.2064213,5.84,3.756,1.116,0.39375,8.78159514,43.851223,174.801666,80.908981
191,9.0,10,0.144383,7.828,5.665,1.036,0.475926,3.08138634,76.95665,177.443375,193.105377
192,6.764471553092451,7,0.1917138,7.579,4.852,1.116,0.494043,9.37912292,56.944939,150.771454,177.281113
194,9.142667503568733,6,0.0741969,7.653,4.999,1.027,0.466481,2.48105939,95.39183,210.760071,135.295868
195,9.102372908709558,9,0.1464349,9.098,5.465,1.049,0.521999,8.73835897,105.739426,248.512604,213.82431
196,9.18045606445813,9,0.2124354,8.276,5.435,1.057,0.522557,9.31461854,91.616943,214.780975,221.300812
197,9.075720713938118,5,0.2661853,8.468,5.062,1.045,0.515637,1.89551273,112.897781,270.569611,187.078278
198,9.148741651280924,3,0.3097101,8.59,5.568,1.047,0.58515,7.90043267,60.676392,1157.542114,193.892944
199,8.958607314841775,6,0.2764983,7.977,5.573,1.037,0.474466,8.34779412,92.462448,263.521606,183.509186
200,7.016193358021584,6,0.3771343,7.692,5.124,1.056,0.472872,8.50297522,92.089851,261.614166,195.586807
201,9.148741651280924,9,0.3111125,7.701,5.061,1.037,0.45508,4.97652171,71.405449,262.813507,211.726654
202,9.187086643357144,10,0.2101797,7.66,5.807,1.041,0.468178,6.95361168,86.787735,257.158356,198.619675
203,8.978810700930062,7,0.2281221,9.23,5.366,1.052,0.52412,3.4910689,80.926315,228.737991,206.597427
204,8.886056647693163,6,0.2466462,9.533,5.469,1.037,0.579639,3.15480826,92.448257,271.162933,209.95813
205,9.136677139879543,5,0.5532135,7.958,4.784,1.049,0.437185,7.36252255,82.10804,292.958466,206.995026
206,8.943095148663527,8,0.1952771,8.42,5.69,1.093,0.523169,9.84752068,74.997192,258.868011,188.716049
207,9.275724130399212,12,0.4285577,8.909,6.958,1.116,0.518254,5.17553947,101.011459,256.76123,199.786682
208,9.148741651280924,6,0.7533764,8.708,5.757,1.085,0.492806,8.67608103,84.013168,324.034973,252.758728
209,9.2518119729938,9,0.4156402,9.08,6.239,1.064,0.556439,9.44178808,81.025383,288.041962,228.789551
210,9.142667503568733,9,0.4951733,8.82,6.577,1.061,0.524286,9.49771623,118.719406,330.220764,306.275574
211,9.292429823902063,11,0.2120501,8.371,5.604,1.04,0.495056,3.64023294,74.636421,221.910965,192.505997
212,9.327902142064282,7,0.1788108,7.821,5.599,1.056,0.483568,4.60321656,63.290413,227.899414,187.305847
213,9.0268721464003,8,0.1684935,10.142,6.751,1.083,0.709818,9.31488182,85.666275,282.73941,258.116394
214,9.154901959985745,10,0.2388246,11.141,6.882,1.064,0.733201,9.36436018,66.508484,279.759949,247.238098
215,9.18045606445813,8,0.3205155,8.513,4.954,1.059,0.524156,4.35003175,50.810795,237.675735,183.540619
216,9.113509274827518,10,0.4306957,8.388,5.857,1.084,0.464871,9.5763997,94.489716,286.405823,238.649475
217,9.337242168318426,8,0.4120923,9.677,6.71,1.105,0.564232,11.7704419,87.001221,268.346283,217.943298
218,9.086186147616283,5,0.2979635,8.525,5.293,1.053,0.510144,6.53429068,101.203468,333.664856,188.44989
219,9.431798275933003,9,0.4320215,7.563,5.522,1.121,0.444815,12.3783171,81.198669,268.567719,180.456635
220,9.337242168318426,9,0.3092432,9.595,6.501,1.108,0.62888,2.64357967,95.387024,236.912506,215.753357
221,9.18045606445813,7,0.3136938,9.418,5.527,1.039,0.589888,5.36195897,62.163616,282.489136,251.568314
223,9.292429823902063,10,0.4194831,11.694,7.788,1.057,0.589745,8.0319022,96.060608,372.14389,295.457947
224,9.075720713938118,11,0.4729677,9.141,6.48,1.045,0.534777,7.24964892,95.901733,296.890808,282.578888
225,8.958607314841775,11,0.2940825,9.819,6.001,1.075,0.56936,9.12255015,105.935806,279.362427,278.04834
226,9.05551732784983,9,0.3038303,9.358,6.163,1.086,0.574089,7.74493726,82.55172,287.617706,192.734879
227,9.259637310505756,10,0.204304,9.573,6.367,1.035,0.557698,3.26909042,101.869537,358.321838,274.100922
228,9.187086643357144,9,0.2027587,9.263,5.463,1.065,0.572377,3.16409566,78.841118,395.78598,350.055847
229,9.236572006437065,8,0.2245306,9.722,6.026,1.067,0.61458,5.05632221,75.918579,294.194733,250.335251
231,9.00436480540245,11,0.2438128,9.754,6.401,1.032,0.656599,6.82311536,102.314575,273.591522,215.057846
232,8.962573502059376,8,0.3206503,10.168,7.612,1.068,0.683176,10.889651,94.989304,297.787628,274.086945
233,9.187086643357144,7,0.4243526,8.99,5.094,1.056,0.515181,6.49919778,63.012672,266.992462,249.107147
234,9.119186407719209,11,0.6308389,8.375,6.784,1.071,0.467255,8.30787517,88.696602,243.446976,221.277496
235,9.070581074285707,9,0.304238,10.566,6.538,1.05,0.691296,2.626094,80.307053,420.128723,245.358932
236,9.130768280269024,9,0.2811728,8.846,5.774,1.033,0.55555,3.1421219,112.611015,284.136566,209.188965
237,9.229147988357855,11,0.3003667,9.511,5.405,1.046,0.568426,4.89160986,83.897575,1155.213135,210.967178
238,9.221848749616356,9,0.3498728,10.298,5.674,1.042,0.703825,6.1603778,96.458466,279.61731,228.586365
239,9.30102999566398,7,0.2852836,8.646,5.294,1.05,0.515132,4.24902035,104.121941,250.745621,214.575928
240,8.958607314841775,10,0.5761393,9.476,5.858,1.035,0.527441,5.29568136,96.943771,285.724823,238.965714
241,9.468521082957745,7,0.3369708,9.451,6.699,1.061,0.628893,3.88182195,76.103317,189.023651,202.761566
242,9.18045606445813,7,0.2192253,8.311,5.329,1.088,0.506819,7.75473045,90.744461,340.869141,225.715363
243,9.267606240177033,6,0.2672083,7.929,5.189,1.059,0.471365,5.12685431,54.875549,206.989059,175.855743
245,9.050609993355089,8,0.2637721,8.648,5.06,1.047,0.50701,13.4828002,66.206787,213.375626,240.293396
246,9.130768280269024,7,0.4127051,8.389,5.389,1.1,0.471057,11.1539715,61.870888,239.567932,208.883514
247,9.065501548756432,8,0.1584985,8.644,5.359,1.091,0.542885,7.12404308,120.036377,302.317505,197.573242
248,9.173925197299171,9,0.3481479,9.02,5.809,1.04,0.50802,5.21754219,59.035671,229.441742,179.642105
249,9.148741651280924,7,0.2254227,9.355,5.692,1.101,0.571278,10.6444199,83.335243,268.984222,171.10585
250,9.013228265733757,10,0.2782391,8.764,6.032,1.091,0.504694,8.09194106,71.814606,233.467133,205.678604
251,9.18045606445813,10,0.2841165,8.518,5.23,1.058,0.461421,5.86063929,66.932632,221.364304,190.463821
252,9.366531544420411,8,0.3350154,9.108,5.463,1.085,0.528823,9.07909354,85.68573,263.762268,245.352051
253,8.271646217978772,6,0.1630732,7.827,5.134,1.054,0.509594,9.43921739,59.51701,225.816711,170.17131
254,8.931814138253838,11,0.285913,8.283,5.638,1.036,0.488973,5.0054124,70.220528,270.691162,211.190735
255,8.97061622231479,10,0.2084748,8.64,5.398,1.06,0.515189,3.22728851,61.778309,210.204132,184.78923
256,9.040958607678906,9,0.1941582,9.204,5.468,1.083,0.548496,8.69013998,57.632263,333.135742,349.036041
257,9.065501548756432,9,0.5089944,8.951,5.668,1.042,0.473587,7.84173141,86.320107,269.427277,255.608917
258,9.142667503568733,5,0.196824,10.333,6.152,1.08,0.680044,2.87554081,84.459213,217.041214,219.586777
260,8.76447155309245,6,0.3641842,11.111,6.854,1.086,0.689233,16.3393442,98.690414,260.188049,256.47525
261,9.05551732784983,8,0.3274947,9.643,5.396,1.053,0.592385,9.99885734,67.094582,228.240936,188.299759
262,9.022276394711152,10,0.5707155,8.329,5.689,1.035,0.443749,6.45644278,80.127747,275.579254,219.216904
263,9.1249387366083,8,0.2317656,9.424,6.635,1.07,0.631092,5.99000201,97.620544,253.950836,246.947952
264,9.036212172654444,9,0.2945629,10.9,5.232,1.042,0.737196,9.9214662,108.949203,298.148987,185.823486
265,8.892790030352131,8,0.4061605,9.791,5.126,1.049,0.637099,5.00515967,83.509193,259.744995,209.977264
266,8.920818753952375,9,0.3240305,9.825,5.464,1.072,0.600772,10.9240614,72.112892,248.201538,246.434402
267,9.096910013008056,9,0.1992116,10.126,6.537,1.048,0.701778,2.9234011,119.345612,266.608521,237.716141
268,9.200659450546418,8,0.4558541,8.747,5.422,1.052,0.490643,2.90921077,63.344879,393.320801,275.940277
269,8.935542010773082,11,0.23984,10.727,5.398,1.044,0.740041,3.35311585,116.931747,281.580048,228.509216
270,9.102372908709558,9,0.4530587,8.778,5.328,1.083,0.467936,11.6882353,63.489567,205.640823,223.473145
271,9.397940008672036,4,0.2814968,8.655,5.463,1.052,0.546794,6.47144972,63.066681,263.577667,213.457718
272,9.075720713938118,6,0.5575465,7.697,5.557,1.058,0.444375,7.8451784,94.603043,255.10437,257.237274
273,9.173925197299171,6,0.5039052,8.195,5.325,1.083,0.460978,7.49270774,65.293365,260.789764,270.384552
274,9.207608310501746,9,0.4473749,8.096,5.295,1.084,0.465565,11.2222085,108.536865,251.214645,249.490738
275,8.400116927926312,5,0.2481881,9.762,5.598,1.053,0.611203,7.55639829,86.350121,283.237122,288.639832
276,9.031517051446064,11,0.2875143,11.321,6.025,1.044,0.779382,7.97793457,77.591339,269.418915,245.569901
277,8.838631997765026,7,0.2776519,11.257,5.934,1.034,0.720648,5.3392225,139.656525,267.496552,243.271225
278,8.962573502059376,7,0.2649017,9.51,6.058,1.083,0.649998,7.20472918,115.886162,255.525284,215.498718
279,9.013228265733757,7,0.4399909,9.136,5.86,1.031,0.533593,6.31969433,115.874779,267.289154,219.674484
280,8.607303046740334,9,0.367303,11.192,6.534,1.09,0.668475,8.80577008,91.268799,289.829102,259.355133
281,8.492144128304169,9,0.3576526,9.928,6.065,1.036,0.561209,1.74083859,110.380661,256.795929,284.949646
282,8.98296666070122,9,0.4909344,9.131,5.586,1.053,0.469545,8.31504496,139.434021,273.125854,218.463806
283,8.508638306165727,8,0.2848764,10.85,5.502,1.055,0.606476,7.08625178,64.757767,232.487213,237.352875
284,9.346787486224656,9,0.2235784,9.847,6.089,1.033,0.7077,7.20670045,106.606094,271.176453,269.575226
285,8.924453038607469,7,0.6830794,8.403,5.856,1.07,0.448124,9.43641853,106.612854,260.787842,270.089844
286,9.2839966563652,6,0.2654278,10.107,6.151,1.149,0.645944,9.49854325,83.861649,245.654892,225.57547
287,8.892790030352131,8,0.4799125,8.476,5.228,1.05,0.447997,6.80775192,115.260689,278.19162,262.328003
288,8.424812155072338,3,0.3556778,9.687,5.193,1.053,0.536696,7.29641461,114.167023,253.808945,240.392731
289,9.292429823902063,14,0.4743584,8.516,6.094,1.056,0.490286,8.05528279,78.415863,396.450684,339.094482
290,8.590066876668706,9,0.2561982,9.637,5.53,1.063,0.58084,7.79948271,95.449249,246.619537,273.513519
291,8.91721462968355,4,0.5243713,9.541,5.058,1.067,0.513748,4.31713111,81.483818,298.296997,231.019684
292,9.522878745280336,4,0.58865,8.109,5.092,1.069,0.45002,10.8425159,84.264778,260.246887,237.045776
293,9.619788758288394,8,0.3679948,10.624,5.534,1.095,0.618293,11.5507726,429.405243,472.294067,302.35318
294,9.568636235841012,5,0.225863,10.05,5.401,1.076,0.694074,11.8079972,55.886238,219.421249,267.123413
295,8.65169513695184,8,0.341397,9.428,5.26,1.042,0.515724,9.59050855,84.096115,239.794052,212.311813
297,9.214670164989233,8,0.4219467,9.752,6.162,1.066,0.534215,11.2386236,108.910812,305.701569,212.806519
298,9.200659450546418,6,0.4606926,9.367,5.393,1.088,0.506634,10.8980141,48.995773,253.958481,214.579681
299,9.10790539730952,10,0.2413556,10.942,6.233,1.06,0.738656,7.51022456,94.010925,271.712921,237.20108
300,8.950781977329818,7,0.274034,10.411,5.466,1.036,0.735023,2.37023053,81.048019,233.280701,230.538284
301,8.943095148663527,6,0.2426298,10.423,5.332,1.065,0.686686,3.02359231,72.467087,262.988098,213.46019
302,8.958607314841775,8,0.4787984,8.67,5.224,1.064,0.486904,8.68540326,112.296227,238.903397,258.501221
303,8.97061622231479,8,0.3006749,10.309,5.532,1.064,0.677601,3.36113367,76.713242,244.943314,244.958252
304,9.244125144327509,7,0.2754962,8.92,5.465,1.121,0.594078,3.06842627,100.954124,281.741943,206.513351
305,8.186419011431807,7,0.2896922,10.022,5.16,1.024,0.604648,7.54885661,118.613731,297.505463,230.365601
306,9.481486060122112,12,0.2358929,9.756,5.396,1.061,0.565536,8.60172224,89.116486,244.384613,213.946457
307,9.2839966563652,8,0.2594042,9.557,5.162,1.043,0.596879,7.98452838,113.109596,269.642151,210.406998
308,9.193820026016112,6,0.2801774,8.058,5.161,1.056,0.455602,3.03777991,70.187393,253.06221,200.779434
309,9.275724130399212,9,0.249785,8.594,6.273,1.052,0.52615,8.69707578,65.600754,252.457581,208.078506
310,9.2839966563652,11,0.2272694,8.57,5.537,1.054,0.509077,8.29606792,74.768913,347.277222,229.475037
311,9.10790539730952,8,0.3358752,8.49,5.471,1.038,0.494945,4.43450053,85.824707,224.212662,225.648285
312,9.337242168318426,11,0.4132113,8.14,5.965,1.053,0.441567,5.18661706,85.81739,229.718903,252.230042
313,9.167491087293763,15,0.2004162,8.567,6.136,1.047,0.546662,7.41037299,92.035965,242.237762,256.312042
314,8.782516055786093,10,0.1957135,9.625,5.801,1.048,0.55831,10.0411836,74.48175,203.771057,197.608398
315,9.119186407719209,11,0.3002056,9.716,5.944,1.071,0.620195,10.5112626,94.556351,312.574829,244.822357
316,9.267606240177033,11,0.1739328,9.004,5.635,1.049,0.558158,6.95449897,102.666145,296.010254,244.910522
317,9.244125144327509,12,0.2245523,10.592,6.079,1.054,0.65469,7.53204025,111.775345,261.390686,178.199402
318,9.346787486224656,11,0.1973754,9.902,5.739,1.075,0.613683,8.60145853,65.454338,222.349045,202.720947
319,9.259637310505756,11,0.2663047,9.384,6.576,1.043,0.654762,7.12744396,92.635246,277.967499,260.083984
320,9.193820026016112,10,0.2506305,9.554,5.606,1.033,0.569793,6.36877519,83.324432,263.62326,194.83017
321,9.09151498112135,11,0.3046617,9.269,5.946,1.042,0.577485,3.04166413,98.474716,246.67923,204.731018
322,9.136677139879543,11,0.1348043,9.481,6.047,1.081,0.603938,10.0648018,85.134178,292.257538,234.36734
323,8.698970004336019,9,0.3081416,10.224,5.772,1.031,0.57931,2.71380053,101.906311,251.393097,231.548523
324,8.96657624451305,7,0.3959424,9.234,6.236,1.049,0.530901,4.45547905,64.886703,245.54483,238.92041
325,8.809668301829708,8,0.2118068,9.97,6.404,1.03,0.644293,4.80791011,94.992943,331.231415,306.346252
326,8.847711655616944,6,0.2063738,9.33,5.808,1.06,0.590549,4.24160112,71.601768,226.575333,224.083862
327,8.806875401645538,6,0.2062937,9.301,5.869,1.058,0.586815,5.97090059,94.878342,260.749847,189.316772
328,8.8153085691824,9,0.1380816,9.793,5.94,1.059,0.598351,2.59539773,82.94722,232.805099,213.593689
329,8.87942606879415,10,0.1228031,7.931,5.461,1.065,0.530672,8.38711417,92.420929,215.457947,174.305588
330,8.67366413907125,6,0.2672207,8.82,5.6,1.056,0.579203,2.42692819,77.286652,250.913101,214.724655
331,8.6345120151091,7,0.2985502,8.958,6.111,1.044,0.607299,4.07971382,82.642609,234.358704,211.680237
332,8.51999305704285,7,0.1540969,8.781,5.769,1.067,0.529987,5.01004226,75.822556,239.347733,202.095749
333,8.910094888560602,9,0.2426531,9.644,6.456,1.091,0.624431,10.6801047,131.198944,319.895233,238.953186
334,9.229147988357855,11,0.2010453,9.031,6.115,1.054,0.553568,8.24707772,97.916122,240.964523,160.879807
335,9.161150909262744,8,0.2429897,9.333,6.254,1.071,0.602276,12.8868775,51.493031,255.617981,238.462311
336,9.356547323513812,10,0.3483339,9.639,6.254,1.061,0.575628,3.36035239,92.36908,271.653564,199.381363
337,9.42021640338319,6,0.1754196,8.935,5.979,1.046,0.513924,5.17849364,108.020599,256.171265,171.724411
338,9.040958607678906,11,0.2898447,10.776,6.254,1.058,0.634641,5.94895086,72.002213,265.157074,208.082123
339,9.275724130399212,12,0.2243638,9.918,6.178,1.042,0.649815,4.28755501,104.908798,239.603409,186.891876
340,8.832682665251824,9,0.320907,9.566,6.046,1.043,0.609502,6.43942811,94.74157,235.27597,174.866028
341,8.935542010773082,10,0.3797077,9.522,6.506,1.052,0.533356,5.28883176,86.750458,249.584885,222.314819
342,8.777283528852417,7,0.2788025,7.609,5.395,1.046,0.490433,8.80951841,86.275558,257.625702,164.145142
343,9.142667503568733,10,0.171289,7.944,4.66,1.024,0.450609,2.56236799,48.915596,226.045914,169.400696
344,9.05551732784983,5,0.1925379,7.919,4.66,1.022,0.463784,1.3884065,73.375427,235.018265,156.563187
345,9.236572006437065,14,0.2838227,9.364,6.112,1.088,0.606904,10.5948603,82.010864,258.154297,229.169174
346,9.173925197299171,9,0.2246024,8.149,4.591,1.023,0.475626,3.15451194,78.265778,236.098053,218.320892
347,9.10790539730952,9,0.1924812,9.604,5.893,1.034,0.590083,5.21790279,128.056519,239.751938,203.955887
348,9.167491087293763,10,0.1286797,8.252,5.527,1.027,0.521205,4.03023685,74.164841,239.295975,191.016922
349,9.346787486224656,11,0.2380691,9.027,5.838,1.079,0.569309,9.03647571,114.071304,288.22345,178.097534
350,8.910094888560602,9,0.2268086,8.6,4.93,1.021,0.53719,3.45482762,75.067657,260.605042,163.975021
351,8.517126416391246,8,0.2440968,9.424,4.557,1.016,0.584693,3.25078791,89.793625,294.326874,179.781174
353,8.701146923590294,9,0.3389495,11.124,5.765,1.022,0.60666,3.42362222,106.147781,250.323792,220.048615
354,9.119186407719209,9,0.2396899,7.409,4.66,1.026,0.473814,6.85711027,66.603134,244.468155,152.738205
355,8.1518108830086,9,0.1511497,10.904,6.863,1.087,0.738097,7.21254018,96.043144,320.287781,278.921967
356,8.899629454882437,8,0.2149616,8.136,4.898,1.033,0.471289,6.41042068,106.569199,241.572968,173.813858
357,8.586700235918748,7,0.2816551,8.967,5.715,1.053,0.51672,5.37543487,95.499542,236.007431,197.744781
358,8.570247719997592,4,0.256201,8.429,5.0,1.061,0.506826,5.2403432,120.575325,256.955444,141.889008
359,8.53313237964589,5,0.240479,8.609,5.069,1.033,0.516554,6.80887695,92.305809,271.694611,144.659851
360,8.301029995663981,2,0.2859837,9.475,4.86,1.075,0.546533,9.90284915,82.581688,265.364868,233.926575
361,8.65169513695184,9,0.1946179,9.2,6.284,1.065,0.576545,1.98309568,93.276886,288.060486,211.168076
362,8.642065152999546,3,0.2144609,7.919,4.894,1.048,0.510023,7.20249118,119.709869,346.132019,272.574585
363,8.866461091629782,5,0.2663092,8.432,4.574,1.044,0.494248,6.13955645,105.333015,399.15506,258.157135
364,8.7594507517174,4,0.2533141,8.15,4.758,1.059,0.518956,7.23877604,66.265755,397.614746,270.651062
365,9.050609993355089,11,0.205599,9.515,5.903,1.087,0.610295,8.29483007,86.508904,385.105713,234.62764
366,8.5654310959658,6,0.1259584,8.362,4.555,1.047,0.533928,4.45076327,88.873627,240.881485,195.882004
367,8.913640169325252,5,0.2573946,8.767,4.935,1.077,0.541645,6.8708418,84.409927,231.15715,190.834106
368,8.906578314837764,7,0.2003507,8.815,5.81,1.075,0.542319,9.50290583,82.826233,395.270721,250.066544
369,8.296708621881338,5,0.2628725,8.989,4.628,1.082,0.545977,7.05858288,73.950356,239.039886,202.671814
370,8.958607314841775,7,0.284697,10.469,6.127,1.064,0.649134,7.53717764,99.160278,314.963257,308.495911
371,8.26121944151563,6,0.2358947,9.821,5.578,1.057,0.587917,8.69048088,150.622391,309.66983,250.138428
372,8.698970004336019,9,0.2428194,11.483,6.826,1.089,0.733134,11.4964887,83.741394,313.080719,253.076431
373,9.096910013008056,6,0.2839329,7.554,4.419,1.057,0.452271,5.50320354,54.906788,233.904068,181.30397
374,7.852632892206214,6,0.1591403,9.626,4.691,1.073,0.588936,9.2106869,105.267677,287.062134,232.131149
375,8.995678626217357,5,0.3631009,8.486,4.559,1.05,0.512359,5.99165136,104.854118,1125.771973,241.782501
376,8.860120913598763,2,0.18364,8.223,4.52,1.045,0.519304,6.94133969,103.691986,243.793365,220.507523
379,8.958607314841775,8,0.2297455,8.115,5.36,1.041,0.470654,6.39152755,58.684032,495.33429,246.761902
380,9.040958607678906,7,0.2917499,8.512,5.802,1.032,0.55586,1.72450793,71.847397,250.067276,200.921158
381,8.826813731587725,6,0.2306612,8.577,5.73,1.071,0.581261,11.9978862,68.116714,245.985916,226.828995
382,8.931814138253838,6,0.327841,8.111,5.024,1.051,0.491615,5.99599487,59.178902,556.132874,315.988129
383,8.876148359032914,11,0.1933887,8.01,5.897,1.057,0.50364,5.6733418,67.683907,243.318054,249.484161
384,8.94692155651658,8,0.2840707,9.041,5.401,1.094,0.556243,10.8636868,121.450844,470.28653,280.011902
385,8.97061622231479,6,0.1526885,8.846,5.063,1.044,0.525219,3.13740661,87.847504,443.34549,272.78714
386,8.995678626217357,4,0.2763713,8.264,5.461,1.094,0.468042,11.4913811,99.392136,369.318207,275.48877
387,9.2518119729938,8,0.2449577,7.868,5.366,1.056,0.490067,7.03926797,79.548431,402.868835,230.683899
388,8.913640169325252,9,0.3105826,7.173,5.023,1.037,0.432469,8.25756099,82.390991,484.286133,269.382294
389,9.036212172654444,7,0.2971299,8.309,4.925,1.064,0.479077,7.7835801,64.307922,427.758789,265.91333
390,9.267606240177033,8,0.3453306,8.69,5.265,1.057,0.507639,6.43432806,110.774605,266.534058,232.926117
391,9.356547323513812,7,0.1745466,8.165,5.768,1.083,0.518757,7.2753299,83.696144,266.892059,205.532974
392,9.2518119729938,7,0.1821283,9.086,5.673,1.046,0.590854,6.90884812,59.659058,227.302612,165.926331
393,9.4089353929735,7,0.5087523,7.754,4.783,1.067,0.417523,7.80201519,122.410088,293.112152,232.851822
394,9.387216143280265,9,0.2940774,11.918,7.222,1.054,0.794073,5.34428308,107.507004,329.42981,266.332489
395,9.259637310505756,7,0.1725857,8.051,5.196,1.051,0.507706,3.91084864,82.244019,209.656784,147.04895
396,9.327902142064282,13,0.3010078,8.372,5.722,1.072,0.480625,4.6487907,93.944862,196.340378,175.636581
397,9.42021640338319,9,0.2213221,8.683,5.792,1.037,0.53513,6.20824542,92.965164,219.480194,190.448761
399,9.267606240177033,11,0.3906543,8.567,5.854,1.061,0.508281,5.87793365,78.9655,244.957245,223.260086
400,9.130768280269024,8,0.3715403,9.023,6.323,1.051,0.509634,3.47952574,99.260742,265.587219,211.445923
401,9.10790539730952,11,0.2056919,8.879,5.193,1.073,0.531169,4.9366261,67.75032,206.174698,220.685669
402,9.387216143280265,5,0.3561985,8.1,5.395,1.061,0.510847,8.24483221,109.046951,216.424591,166.866455
403,9.494850021680094,7,0.3037071,9.191,6.049,1.024,0.615529,4.93194673,74.022957,213.560013,199.076004
404,9.346787486224656,9,0.3188982,9.353,6.316,1.043,0.548214,7.49639221,98.551483,231.873444,190.095001
405,8.809668301829708,9,0.1743343,8.272,5.36,1.065,0.506879,5.28701718,84.755531,229.998611,177.954224
406,9.0,12,0.3108018,8.036,5.756,1.115,0.500473,14.7864207,75.577309,235.02829,242.423645
407,9.060480747381382,6,0.2410898,8.39,4.783,1.081,0.509315,9.05384083,75.116142,247.734589,241.157516
408,9.022276394711152,6,0.2522259,8.331,4.99,1.067,0.488132,8.68447945,100.38134,270.977753,180.838776
409,9.309803919971486,9,0.2529599,8.264,5.465,1.053,0.506715,2.72153788,99.608253,209.291031,195.75502
410,9.309803919971486,13,0.24847,9.027,6.268,1.056,0.541152,0.532446885,73.761322,223.257751,178.53273
411,9.455931955649724,15,0.2153655,9.266,6.199,1.071,0.522348,7.09590501,77.823586,201.428268,243.203232
412,8.96657624451305,8,0.1988464,8.355,5.132,1.05,0.496139,5.55370682,106.969254,235.974182,225.443634
413,9.259637310505756,10,0.2448932,8.091,5.228,1.053,0.487509,8.19789769,61.039764,262.638519,183.132446
414,9.207608310501746,7,0.2812072,8.449,5.5,1.067,0.483524,5.48710535,80.589478,1110.414429,205.839401
415,9.136677139879543,8,0.140642,7.84,5.566,1.051,0.47806,2.97029552,79.914665,258.969452,170.306229
416,9.080921907623926,5,0.2543282,8.553,5.028,1.049,0.49468,7.37806003,75.181396,223.416229,198.789749
417,9.2518119729938,8,0.2375059,9.527,6.142,1.071,0.597233,10.7786185,90.937454,248.011963,255.221252
418,8.787812395596042,9,0.1662179,6.924,4.655,1.036,0.442036,6.78819925,91.593094,209.845779,87.671448
419,9.2518119729938,8,0.2532661,8.241,4.784,1.054,0.520497,5.7669463,108.178253,245.259094,129.91124
420,8.882728704344236,4,0.2469781,9.063,4.677,1.07,0.56137,4.69833443,122.83149,347.56131,211.211807
421,8.53313237964589,4,0.1532102,8.748,5.003,1.055,0.581936,6.06770475,96.495071,374.478058,197.199875
422,8.931814138253838,4,0.1060028,8.673,5.262,1.043,0.572327,6.91576429,116.696259,268.011475,204.965408
423,9.031517051446064,8,0.2787851,9.025,5.903,1.081,0.594697,5.22397793,68.082748,234.800278,186.469131
424,8.111259039317108,10,0.1489916,8.141,5.008,1.041,0.500156,6.12310229,90.268265,278.561462,191.698578
425,7.747146969020107,6,0.2218683,8.305,4.312,1.058,0.480079,7.61491807,59.791451,222.905212,151.720108
426,8.233587152887601,7,0.273112,8.35,4.763,1.097,0.468048,9.80056899,114.346947,300.472717,181.469269
427,8.823908740944319,7,0.2196686,7.872,4.579,1.045,0.468199,5.06562172,87.86248,231.522308,176.433014
428,8.570247719997592,8,0.2719654,8.597,5.194,1.058,0.510505,2.56712387,75.764343,252.202896,172.92778
429,8.440093374963887,6,0.2448242,8.431,4.91,1.024,0.505451,3.3628805,155.953369,255.919128,194.328369
430,9.619788758288394,12,0.282038,7.865,5.822,1.071,0.47074,9.99812828,68.620125,261.036591,181.265961
431,9.18045606445813,9,0.2395125,7.809,5.306,1.031,0.481719,3.4325387,78.477722,221.24614,176.854324
432,9.309803919971486,5,0.2316579,7.6,4.705,1.033,0.449371,4.31476327,47.241512,225.792419,164.896667
433,9.481486060122112,7,0.2278761,7.995,5.108,1.059,0.487205,6.72337666,52.9869,189.46962,162.809448
434,9.481486060122112,14,0.1625528,9.2,6.018,1.048,0.541251,6.50448696,56.623749,218.948059,183.241852
435,9.309803919971486,10,0.1643813,7.986,5.885,1.069,0.489764,4.05364271,85.700134,255.849945,163.263809
436,9.468521082957745,6,0.2896129,7.646,5.715,1.088,0.51066,6.42924644,74.430481,205.384186,173.341125
437,9.508638306165729,10,0.2404851,9.197,5.882,1.062,0.584486,8.04394072,72.367805,223.101578,159.403671
438,9.638272163982409,9,0.1858119,8.815,5.828,1.082,0.542065,6.67417667,87.897102,216.710709,173.897079
439,9.292429823902063,6,0.2902894,7.516,5.574,1.083,0.451691,6.76890214,62.83514,221.67363,218.060974
440,9.619788758288394,7,0.3003143,7.691,5.109,1.06,0.461812,12.848605,62.041718,193.894623,178.909714
441,9.4089353929735,9,0.318527,8.933,5.349,1.064,0.531134,9.03765132,110.194878,256.847168,203.430908
442,9.4089353929735,9,0.1692221,8.231,5.178,1.053,0.479173,6.28871262,107.28392,243.140839,198.748322
444,9.769551078621726,6,0.2474324,7.428,4.648,1.03,0.478826,3.02629316,87.35302,226.671158,144.803375
446,9.82390874094432,6,0.1546049,7.392,4.642,1.082,0.454268,7.9266224,61.236397,193.878479,166.467316
447,9.214670164989233,10,0.4093629,9.384,5.519,1.088,0.508066,5.82417517,79.804855,237.802185,173.072006
448,9.267606240177033,11,0.1860467,9.395,5.387,1.059,0.59567,9.15437636,99.433273,239.226074,174.895264
449,9.455931955649724,5,0.2497207,7.651,4.474,1.05,0.476059,8.7269185,69.342369,216.363342,154.423355
450,9.236572006437065,9,0.1945589,8.238,5.311,1.047,0.505911,1.71680837,57.716103,171.862305,172.398865
451,9.522878745280336,9,0.2548867,8.721,5.072,1.084,0.54029,9.92140593,80.975746,227.010254,148.845688
452,9.619788758288394,10,0.1070022,8.215,5.487,1.066,0.490614,5.40919254,65.802673,197.312256,181.573776
453,9.267606240177033,10,0.2385344,8.354,5.211,1.077,0.50618,5.91365617,60.256191,1079.970337,116.363266
454,9.4089353929735,6,0.1937952,7.332,4.467,1.037,0.447011,7.268726,74.443954,211.327362,117.258553
455,9.537602002101044,9,0.1953493,6.943,5.343,1.038,0.486511,3.7502846,53.662888,1078.475098,136.172165
456,9.050609993355089,6,0.1908413,7.246,5.285,1.032,0.494061,5.11964375,56.790112,193.744171,98.172836
457,9.309803919971486,11,0.260091,7.218,4.831,1.063,0.429999,10.2831132,81.747826,219.407898,125.091766
458,9.585026652029182,11,0.2149409,8.051,4.83,1.027,0.476736,1.98635246,100.911957,207.035934,199.282562
459,9.494850021680094,12,0.3243208,6.836,4.387,1.032,0.422453,3.64459657,72.65918,373.245087,181.744797
460,9.2839966563652,10,0.2753311,7.773,4.524,1.031,0.462393,4.81359267,73.971939,417.57962,267.490845
461,9.42021640338319,10,0.2002876,9.479,5.465,1.054,0.532872,5.78509938,111.789864,243.226654,149.737579
462,9.55284196865778,6,0.3537083,8.3,5.433,1.056,0.500618,8.63949533,92.411217,218.083618,157.916977
463,9.481486060122112,6,0.2350166,8.288,5.158,1.08,0.468828,6.34016737,52.351646,174.603363,175.051605
464,9.221848749616356,8,0.1510593,9.248,5.977,1.041,0.620616,5.61791165,70.399429,227.835571,216.858856
465,8.721246399047171,10,0.2923472,9.703,6.144,1.066,0.673565,3.41481718,86.842186,230.370438,257.615326
466,9.10790539730952,13,0.1639516,7.362,4.935,1.044,0.462649,9.97411837,66.499123,179.251694,115.83503
467,9.214670164989233,9,0.217076,7.276,5.102,1.043,0.464513,6.04636661,90.289917,205.534027,109.318703
468,8.939302159646388,8,0.2628672,8.178,5.216,1.042,0.531982,8.68900035,59.66177,230.569382,139.266663
469,8.838631997765026,8,0.3569046,8.775,5.318,1.039,0.510802,10.6225402,60.85836,218.68544,186.76178
471,8.872895201635192,7,0.1414459,7.961,5.012,1.046,0.449456,5.20958909,69.980698,228.095352,96.294556
472,9.2839966563652,11,0.2905915,8.22,6.054,1.044,0.512154,2.66921661,81.906052,223.496796,191.775497
473,8.903089986991944,11,0.1692974,8.612,5.659,1.025,0.587224,6.10290272,70.956955,253.159744,189.179871
474,9.397940008672036,5,0.1802943,7.766,5.398,1.026,0.492128,2.78286504,63.968414,212.166214,126.130707
475,9.67778070526608,8,0.2535315,8.275,4.414,1.023,0.514008,6.17660701,71.845139,188.622803,122.475571
476,9.207608310501746,3,0.3319738,7.681,4.932,1.034,0.497908,4.52493545,45.629025,179.740997,146.568024
477,9.142667503568733,11,0.2638677,8.449,5.205,1.025,0.510009,5.46127138,82.488678,198.912888,119.557724
478,9.318758762624412,8,0.2800539,9.834,5.124,1.044,0.601034,5.44157568,65.883163,246.531097,229.636002
479,9.193820026016112,11,0.3345345,8.629,5.088,1.058,0.505665,9.59936796,75.672119,266.744629,217.997528
480,9.2518119729938,8,0.2693087,7.801,5.721,1.04,0.46543,4.38641498,82.894974,390.110596,283.832642
481,9.30102999566398,9,0.1861579,8.948,5.122,1.05,0.544248,3.63586277,73.004814,216.297058,196.727081
482,9.508638306165729,5,0.2687845,8.485,5.361,1.068,0.513106,7.66716955,67.018936,252.970917,215.350159
483,9.397940008672036,11,0.2987208,8.921,6.472,1.066,0.601226,4.43646362,81.745018,259.925232,261.714478
484,9.508638306165729,10,0.2133166,8.856,5.952,1.11,0.528796,12.0548821,86.386749,242.627686,184.161514
485,9.167491087293763,4,0.1839876,7.044,4.835,1.082,0.432866,8.4195763,64.238403,199.605972,169.739014
486,9.022276394711152,8,0.1527522,7.78,5.295,1.051,0.500163,2.96365505,77.09594,214.398956,135.396637
487,9.387216143280265,13,0.2703428,8.409,6.068,1.058,0.550458,9.77652851,67.734604,249.184937,193.085754
488,9.67778070526608,7,0.3040207,8.316,4.88,1.022,0.514405,6.51409047,74.565704,190.945679,158.708099
489,9.602059991327964,6,0.1317768,8.222,5.657,1.029,0.55797,4.38219401,88.031563,193.569489,139.175171
490,9.67778070526608,11,0.1288173,8.631,5.625,1.019,0.590162,4.52761067,69.85051,167.697922,105.293701
491,9.522878745280336,12,0.3841384,9.11,6.123,1.063,0.527755,9.70244028,71.565651,236.639496,194.868179
492,9.4089353929735,8,0.2224904,9.581,6.56,1.159,0.575884,15.9701398,106.793518,262.174377,246.128204
493,9.4089353929735,9,0.2814914,8.899,6.427,1.077,0.54114,9.93573307,85.600792,222.233978,192.695023
494,9.309803919971486,12,0.3008134,9.048,5.749,1.054,0.513057,8.85959351,91.287506,251.440277,176.481613
495,9.161150909262744,11,0.3906288,10.355,7.382,1.047,0.566281,11.0406755,89.311836,262.248718,265.264191
496,9.161150909262744,10,0.2240589,10.764,6.912,1.044,0.709076,14.9425167,115.337563,285.520081,269.084442
497,9.075720713938118,9,0.3795885,10.623,6.907,1.054,0.641718,5.8560081,126.566643,271.651276,265.167572
498,9.309803919971486,10,0.2948111,9.344,6.59,1.092,0.593572,8.91591249,82.945747,273.68924,212.267883
499,9.080921907623926,12,0.2378867,11.106,6.569,1.061,0.722654,2.67302118,88.611504,246.283447,274.322815
500,9.443697499232712,9,0.447642,7.916,5.216,1.056,0.45805,10.58711,103.090546,230.567993,198.827347
501,9.387216143280265,10,0.5501928,8.868,5.745,1.073,0.486137,12.5212448,94.220802,235.59465,226.088806
502,9.356547323513812,8,0.3611578,8.744,5.623,1.096,0.470385,7.78750908,104.226875,311.86377,167.152725
503,9.275724130399212,9,0.3555281,10.53,6.942,1.083,0.605213,5.64955565,85.812073,233.358887,175.618896
504,9.721246399047171,8,0.2453457,8.163,4.94,1.057,0.464744,8.50044523,74.844032,276.272156,191.322052
505,9.154901959985745,12,0.3478628,9.335,6.766,1.2,0.511,12.3757914,112.031418,276.749969,280.190399
506,9.229147988357855,6,0.4567763,8.741,5.65,1.054,0.472151,10.0228033,89.240128,222.054626,232.876038
507,9.431798275933003,6,0.2609404,8.442,5.975,1.026,0.499265,1.9010759,80.304428,202.320999,166.710114
508,9.4089353929735,10,0.3493239,8.706,6.128,1.041,0.514673,2.44258279,69.931656,231.552826,236.121857
509,9.397940008672036,9,0.3897502,8.424,5.961,1.086,0.499105,10.0334777,94.830215,244.507996,228.351715
510,9.259637310505756,9,0.4167864,7.703,5.768,1.047,0.44431,8.4562053,96.458542,252.542542,301.300446
511,9.366531544420411,10,0.309888,9.5,6.42,1.076,0.566091,10.1185664,98.42511,272.396973,280.384644
512,9.337242168318426,12,0.3106703,8.712,6.326,1.131,0.575913,14.6376055,79.646622,223.889374,213.855133
513,9.481486060122112,11,0.3732532,9.385,6.63,1.077,0.517597,5.10219569,71.556175,219.421326,265.977234
514,9.494850021680094,10,0.2125479,8.815,6.328,1.058,0.521339,9.2604473,86.579201,241.280411,177.496445
515,8.297569463554474,7,0.2050223,9.583,5.968,1.079,0.583643,10.4432869,126.400352,222.709976,191.306702
516,8.381951903287908,10,0.3122874,9.092,5.899,1.041,0.551802,4.49714663,126.72168,243.740433,137.996628
517,9.113509274827518,8,0.3988496,8.584,6.091,1.054,0.504493,5.87937077,83.91851,235.459763,164.379593
518,9.387216143280265,11,0.2155006,8.75,6.3,1.045,0.567051,3.88059287,75.261322,264.785065,205.376648
519,8.97061622231479,9,0.1901679,8.977,5.253,1.061,0.552494,7.94502326,108.230408,217.624969,168.718964
520,9.080921907623926,13,0.2854007,8.042,5.265,1.037,0.49618,7.76874043,95.738045,181.252869,124.719788
521,9.142667503568733,12,0.2470647,7.877,5.311,1.041,0.475404,6.67672347,97.000717,211.728348,125.195274
522,8.94692155651658,5,0.2803851,7.311,4.62,1.034,0.437391,4.93063151,67.105728,219.608673,110.53511
523,8.863279432843592,5,0.2342912,7.609,4.555,1.023,0.487038,3.80798306,74.581161,172.324921,140.797501
524,8.943095148663527,9,0.2408589,7.751,4.319,1.056,0.460461,8.58064448,67.47821,210.408615,145.884705
525,9.602059991327964,5,0.381592,8.209,5.836,1.092,0.4807,8.35609284,78.747986,236.324356,193.315536
527,9.346787486224656,6,0.278449,8.382,4.986,1.052,0.472063,8.23118938,69.245216,1075.177368,206.159119
528,9.1249387366083,7,0.2574653,8.343,5.059,1.056,0.500821,5.47056112,80.158073,240.832108,200.13855
529,9.18045606445813,8,0.157148,7.853,5.223,1.064,0.478181,3.10062699,68.716675,238.320511,217.099243
530,9.2518119729938,8,0.2107434,8.078,4.82,1.051,0.49759,9.30730798,73.157875,258.116241,199.04332
531,9.031517051446064,5,0.2778664,7.614,5.021,1.065,0.471401,5.84520944,57.332382,230.600571,236.435333
532,9.065501548756432,9,0.2967415,8.541,5.844,1.037,0.499582,7.11240168,123.40596,310.179016,192.687454
533,9.522878745280336,7,0.3200735,7.87,5.362,1.127,0.457608,10.8355564,116.760239,236.742905,164.185883
534,8.97061622231479,7,0.1557306,8.055,5.552,1.058,0.536526,7.19775008,80.700783,212.890472,145.247681
535,9.468521082957745,6,0.2859655,8.822,5.986,1.121,0.510478,9.58108483,86.939392,250.626968,262.604218
536,9.4089353929735,12,0.3403838,8.601,6.238,1.071,0.512272,11.2074871,80.98687,237.409103,195.058289
537,8.97469413473523,9,0.1728128,8.156,5.15,1.019,0.473538,3.35437247,62.226517,187.398758,92.400909
538,8.906578314837764,6,0.1989422,7.304,4.946,1.08,0.453394,6.73022229,78.507294,232.915894,107.549698
539,9.292429823902063,5,0.4363034,7.876,5.964,1.112,0.464587,11.2390834,88.668411,272.790894,243.828857
540,9.397940008672036,11,0.5315508,8.034,6.125,1.077,0.473303,10.2112615,99.360313,304.371826,194.422974
541,8.892790030352131,9,0.2607476,8.148,5.213,1.085,0.4991,6.16535579,77.090195,202.298813,210.173203
542,9.040958607678906,7,0.3038441,9.466,6.599,1.055,0.563942,8.33170502,100.650681,276.681274,239.376068
543,9.397940008672036,12,0.3018844,8.922,5.888,1.089,0.583366,10.1173392,129.07048,280.759033,295.007843
544,9.42021640338319,9,0.300548,8.77,5.687,1.036,0.507463,4.86464391,72.730118,248.454468,243.468689
545,9.060480747381382,5,0.1789971,7.811,5.492,1.044,0.490128,7.28445441,90.498993,171.889618,188.882416
546,8.88941028970075,8,0.2746305,8.854,5.406,1.055,0.559652,6.97569366,75.524918,209.704086,244.256744
547,8.482804102050025,6,0.3646469,7.171,4.684,1.033,0.398938,4.86397701,71.597672,253.931763,125.384384
548,9.55284196865778,8,0.2243144,9.064,5.788,1.064,0.594918,6.6490399,107.726929,234.146759,191.695435
549,9.30102999566398,9,0.5001551,7.833,5.827,1.086,0.443942,9.83341825,83.161346,250.409271,218.501434
550,9.236572006437065,10,0.3109532,9.304,6.475,1.062,0.521553,3.55456719,80.119026,288.701813,249.383057
551,9.1249387366083,7,0.1859295,9.303,6.404,1.102,0.597063,11.0703411,107.795715,198.227859,218.79805
552,8.835647144215564,6,0.1465559,7.657,5.413,1.034,0.460293,4.83415178,70.027214,204.313522,179.53421
553,8.774690718274137,6,0.2302241,7.485,4.275,1.043,0.45604,6.38296348,97.104797,172.368118,97.782822
554,8.761953896871205,7,0.206748,8.267,4.954,1.051,0.524357,6.8412635,71.427841,201.977631,209.758667
556,9.443697499232712,8,0.2798543,8.493,6.271,1.059,0.494606,6.08541183,60.630524,298.216644,306.113373
557,9.229147988357855,11,0.3241353,8.2,5.935,1.152,0.538241,12.3038417,97.701447,267.230682,187.152191
559,9.221848749616356,10,0.3557999,8.612,5.927,1.065,0.492404,6.7642637,100.010437,265.078491,265.618591
560,8.769551078621726,7,0.1883685,7.466,4.716,1.03,0.478946,7.68446972,62.900211,176.16153,116.028366
561,8.769551078621726,10,0.2244988,8.474,5.318,1.029,0.529805,4.48397574,66.11441,192.557404,160.266296
562,9.602059991327964,10,0.2370429,9.624,6.186,1.078,0.622005,7.66323005,80.409462,220.835144,252.871582
564,8.52432881167557,3,0.13716,8.178,4.999,1.038,0.504815,6.10773007,86.763893,228.99585,174.566406
565,9.387216143280265,8,0.270163,9.398,5.832,1.184,0.630563,8.85844953,109.24823,210.907684,253.922836
566,8.536107011014092,4,0.182283,7.654,5.46,1.15,0.474199,10.0033601,70.892311,180.421432,176.601944
567,8.614393726401687,9,0.1857408,8.767,4.55,1.023,0.520882,0.953858095,288.193878,267.3591,195.301437
568,9.387216143280265,9,0.203141,9.258,6.046,1.072,0.56902,9.28061362,100.593353,272.304413,179.708664
569,9.244125144327509,5,0.3663487,9.118,5.615,1.074,0.537051,4.79976477,65.026024,234.547363,219.408325
571,9.050609993355089,6,0.1370655,7.832,4.962,1.059,0.480294,3.87227474,64.054184,197.53273,164.422256
573,8.950781977329818,9,0.2625642,9.804,6.339,1.053,0.560754,7.93006782,102.873764,269.439026,300.296112
574,9.221848749616356,12,0.2650394,9.906,6.277,1.104,0.598763,8.43512457,63.413322,232.82135,233.038162
575,9.275724130399212,7,0.2512005,9.712,6.176,1.098,0.584063,8.60607605,66.109436,268.327881,244.424728
576,9.3767507096021,10,0.2883096,10.666,7.126,1.121,0.727269,7.7004425,109.881546,320.040039,380.865509
577,9.102372908709558,8,0.6488441,8.553,6.411,1.068,0.469546,10.4145875,121.324524,261.562958,263.635254
578,9.318758762624412,8,0.32702,8.824,5.725,1.079,0.579509,10.6541003,85.516685,232.205383,254.976776
579,9.292429823902063,7,0.3156079,8.605,4.923,1.062,0.52887,6.36940964,94.007935,333.311066,158.028702
580,9.537602002101044,11,0.3812947,9.008,5.979,1.07,0.488835,5.59509135,79.523933,1183.775391,240.900589
581,9.3767507096021,6,0.4113625,8.327,5.684,1.047,0.452041,8.49977841,83.919472,246.165375,292.401611
582,9.508638306165729,4,0.2207109,8.498,6.194,1.077,0.535635,8.03452207,80.285103,223.05426,225.918915
583,9.468521082957745,8,0.4661276,8.458,4.958,1.082,0.452958,13.4184274,119.996796,1169.76001,252.166855
585,9.42021640338319,9,0.1663029,9.016,5.856,1.03,0.566765,5.44149835,108.105042,355.672272,244.28775
586,9.229147988357855,10,0.4844285,7.945,5.247,1.048,0.460745,4.14054322,77.754051,296.489899,287.92572
587,9.148741651280924,5,0.2666862,7.725,5.258,1.042,0.472194,8.15016825,64.96933,244.92215,206.446564
588,9.337242168318426,9,0.355837,9.181,5.297,1.065,0.552065,12.6111601,60.520699,226.587784,225.513885
589,9.2839966563652,13,0.2692239,8.691,6.098,1.038,0.531863,0.877415253,88.526558,219.990295,258.387848
591,9.119186407719209,8,0.2013322,7.785,5.262,1.049,0.478632,5.78824101,75.834015,274.191101,203.821747
592,9.455931955649724,11,0.2979342,8.53,5.802,1.085,0.491779,5.87931058,97.333336,307.578308,255.512131
594,9.309803919971486,7,0.3235629,8.276,6.096,1.044,0.477557,5.5711022,73.486633,341.641174,230.569702
595,9.443697499232712,12,0.2079363,8.73,6.136,1.056,0.628544,5.11762687,93.787827,274.485504,225.670288
596,9.431798275933003,9,0.3036897,8.935,5.693,1.079,0.578952,10.4017091,72.038406,431.638031,256.970886
597,9.148741651280924,8,0.1644744,8.295,5.719,1.069,0.495163,7.52600807,91.2826,242.482025,122.574448
598,9.387216143280265,13,0.3441301,9.526,6.589,1.12,0.603117,9.85287503,116.932449,269.804962,232.107956
599,9.397940008672036,12,0.1117183,8.67,5.27,1.114,0.556494,10.2948021,88.035889,270.222321,162.881897
600,9.522878745280336,16,0.2914171,9.592,6.35,1.102,0.612915,7.63368316,86.971748,250.906769,193.377014
602,9.346787486224656,10,0.2103569,9.867,6.448,1.076,0.613902,7.71054002,71.511749,262.000702,252.434677
603,9.327902142064282,8,0.2111304,9.363,6.166,1.04,0.577898,3.72735367,98.564308,279.074738,233.454819
604,9.522878745280336,11,0.1998484,9.23,6.028,1.053,0.562607,6.33834778,75.037735,368.027374,287.145844
605,9.4089353929735,12,0.2368926,10.195,6.679,1.033,0.643988,3.05050027,73.3638,238.282318,272.650024
608,9.508638306165729,7,0.3113682,9.066,5.432,1.084,0.557528,5.78317065,93.429848,265.734802,176.061295
609,9.309803919971486,5,0.2117719,9.084,5.842,1.105,0.546097,9.9795557,92.662102,265.540955,217.70816
610,9.619788758288394,7,0.3723981,8.867,6.011,1.115,0.494626,12.4518858,87.598053,308.596497,190.08049
611,9.568636235841012,5,0.2581857,9.492,5.947,1.067,0.610587,6.32028767,79.334114,245.132553,205.534958
612,9.619788758288394,7,0.25498,9.53,6.148,1.062,0.625673,2.69184631,91.440292,1199.592285,217.8535
614,7.619788758288394,8,0.1165496,6.76,4.101,1.076,0.456903,7.08883129,26.056084,55.012077,57.708733
615,6.978810700930062,8,0.3844348,7.747,4.981,1.14,0.465252,11.7709562,71.161819,211.337204,156.119186
